time,raw,threshold,reached,profile,capacity,current_ma,status
09:17:57,80,80,0,2,87,2584,Charging
09:17:58,80,80,0,2,87,2584,Charging
09:17:58,80,80,0,2,87,2584,Charging
09:17:59,80,80,0,2,87,2584,Charging
09:17:59,80,80,0,2,87,2584,Charging
09:18:00,80,80,0,2,87,2584,Charging
09:18:00,80,80,0,2,87,2584,Charging
09:18:01,80,80,0,2,87,2584,Charging
09:18:01,80,80,0,2,87,2584,Charging
09:18:02,80,80,0,2,87,2584,Charging
09:18:02,80,80,0,2,87,2584,Charging
09:18:03,80,80,0,2,87,2584,Charging
09:18:03,80,80,0,2,87,2584,Charging
09:18:04,80,80,0,2,87,2584,Charging
09:18:04,80,80,0,2,87,2584,Charging
09:18:05,80,80,0,2,87,2584,Charging
09:18:05,80,80,0,2,87,2584,Charging
09:18:06,80,80,0,2,87,2584,Charging
09:18:06,80,80,0,2,87,2584,Charging
09:18:07,80,80,0,2,87,2584,Charging
09:18:07,80,80,0,2,87,2584,Charging
09:18:08,80,80,0,2,87,2584,Charging
09:18:08,80,80,0,2,87,2584,Charging
09:18:09,80,80,0,2,87,2584,Charging
09:18:09,80,80,0,2,87,2584,Charging
09:18:10,80,80,0,2,87,2584,Charging
09:18:10,80,80,0,2,87,2584,Charging
09:18:11,80,80,0,2,87,2584,Charging
09:18:11,80,80,0,2,87,2584,Charging
09:18:12,80,80,0,2,87,2584,Charging
09:18:12,80,80,0,2,87,2550,Charging
09:18:13,80,80,0,2,87,2550,Charging
09:18:13,80,80,0,2,87,2550,Charging
09:18:14,80,80,0,2,87,2550,Charging
09:18:14,80,80,0,2,87,2550,Charging
09:18:15,80,80,0,2,87,2550,Charging
09:18:15,80,80,0,2,87,2550,Charging
09:18:16,80,80,0,2,87,2550,Charging
09:18:16,80,80,0,2,87,2550,Charging
09:18:17,80,80,0,2,87,2550,Charging
09:18:17,80,80,0,2,87,2550,Charging
09:18:18,80,80,0,2,87,2550,Charging
09:18:18,80,80,0,2,87,2550,Charging
09:18:19,80,80,0,2,87,2550,Charging
09:18:19,80,80,0,2,87,2550,Charging
09:18:20,80,80,0,2,87,2550,Charging
09:18:20,80,80,0,2,87,2550,Charging
09:18:21,80,80,0,2,87,2550,Charging
09:18:21,80,80,0,2,87,2550,Charging
09:18:22,80,80,0,2,87,2550,Charging
09:18:22,80,80,0,2,87,2550,Charging
09:18:23,80,80,0,2,87,2550,Charging
09:18:23,80,80,0,2,87,2550,Charging
09:18:24,80,80,0,2,87,2550,Charging
09:18:24,80,80,0,2,87,2550,Charging
09:18:25,80,80,0,2,87,2550,Charging
09:18:25,80,80,0,2,87,2516,Charging
09:18:26,80,80,0,2,87,2516,Charging
09:18:26,80,80,0,2,87,2516,Charging
09:18:27,80,80,0,2,87,2516,Charging
09:18:27,80,80,0,2,87,2516,Charging
09:18:28,80,80,0,2,87,2516,Charging
09:18:28,80,80,0,2,87,2516,Charging
09:18:29,80,80,0,2,87,2516,Charging
09:18:29,80,80,0,2,87,2516,Charging
09:18:30,80,80,0,2,87,2516,Charging
09:18:30,80,80,0,2,87,2516,Charging
09:18:31,80,80,0,2,87,2516,Charging
09:18:31,80,80,0,2,87,2516,Charging
09:18:32,80,80,0,2,87,2516,Charging
09:18:32,80,80,0,2,87,2516,Charging
09:18:33,80,80,0,2,87,2516,Charging
09:18:33,80,80,0,2,87,2516,Charging
09:18:34,80,80,0,2,87,2516,Charging
09:18:34,80,80,0,2,87,2516,Charging
09:18:35,80,80,0,2,87,2516,Charging
09:18:35,80,80,0,2,87,2516,Charging
09:18:36,80,80,0,2,87,2516,Charging
09:18:36,80,80,0,2,87,2516,Charging
09:18:37,80,80,0,2,87,2516,Charging
09:18:37,80,80,0,2,87,2516,Charging
09:18:38,80,80,0,2,87,2516,Charging
09:18:38,80,80,0,2,87,2516,Charging
09:18:39,80,80,0,2,87,2516,Charging
09:18:39,80,80,0,2,87,2516,Charging
09:18:40,80,80,0,2,87,2516,Charging
09:18:40,80,80,0,2,87,2516,Charging
09:18:41,80,80,0,2,87,2516,Charging
09:18:41,80,80,0,2,87,2516,Charging
09:18:42,80,80,0,2,87,2516,Charging
09:18:42,80,80,0,2,87,2516,Charging
09:18:43,80,80,0,2,87,2516,Charging
09:18:43,80,80,0,2,87,2482,Charging
09:18:44,80,80,0,2,87,2482,Charging
09:18:44,80,80,0,2,87,2482,Charging
09:18:45,80,80,0,2,87,2482,Charging
09:18:45,80,80,0,2,87,2482,Charging
09:18:46,80,80,0,2,87,2482,Charging
09:18:46,80,80,0,2,87,2482,Charging
09:18:47,80,80,0,2,87,2482,Charging
09:18:47,80,80,0,2,87,2482,Charging
09:18:48,80,80,0,2,87,2482,Charging
09:18:48,80,80,0,2,87,2482,Charging
09:18:49,80,80,0,2,87,2482,Charging
09:18:49,80,80,0,2,87,2482,Charging
09:18:50,80,80,0,2,87,2482,Charging
09:18:50,80,80,0,2,87,2482,Charging
09:18:51,80,80,0,2,87,2482,Charging
09:18:51,80,80,0,2,87,2482,Charging
09:18:52,80,80,0,2,87,2482,Charging
09:18:52,80,80,0,2,87,2482,Charging
09:18:53,80,80,0,2,87,2482,Charging
09:18:53,80,80,0,2,87,2482,Charging
09:18:54,80,80,0,2,87,2482,Charging
09:18:54,80,80,0,2,87,2482,Charging
09:18:55,80,80,0,2,87,2482,Charging
09:18:55,80,80,0,2,87,2482,Charging
09:18:56,80,80,0,2,87,2482,Charging
09:18:56,80,80,0,2,87,2482,Charging
09:18:57,80,80,0,2,87,2482,Charging
09:18:57,80,80,0,2,87,2482,Charging
09:18:58,80,80,0,2,87,2482,Charging
09:18:58,80,80,0,2,87,2482,Charging
09:18:59,80,80,0,2,87,2482,Charging
09:18:59,80,80,0,2,87,2482,Charging
09:19:00,80,80,0,2,87,2482,Charging
09:19:00,80,80,0,2,87,2482,Charging
09:19:01,80,80,0,2,87,2482,Charging
09:19:01,80,80,0,2,87,2482,Charging
09:19:02,80,80,0,2,87,2482,Charging
09:19:02,80,80,0,2,87,2482,Charging
09:19:03,80,80,0,2,87,2482,Charging
09:19:03,80,80,0,2,88,2482,Charging
09:19:04,80,80,0,2,88,2482,Charging
09:19:04,80,80,0,2,88,2448,Charging
09:19:05,80,80,0,2,88,2448,Charging
09:19:05,80,80,0,2,88,2448,Charging
09:19:06,80,80,0,2,88,2448,Charging
09:19:06,80,80,0,2,88,2448,Charging
09:19:07,80,80,0,2,88,2448,Charging
09:19:07,80,80,0,2,88,2448,Charging
09:19:08,80,80,0,2,88,2448,Charging
09:19:08,80,80,0,2,88,2448,Charging
09:19:09,80,80,0,2,88,2448,Charging
09:19:09,80,80,0,2,88,2448,Charging
09:19:10,80,80,0,2,88,2448,Charging
09:19:10,80,80,0,2,88,2448,Charging
09:19:11,80,80,0,2,88,2448,Charging
09:19:11,80,80,0,2,88,2448,Charging
09:19:12,80,80,0,2,88,2448,Charging
09:19:12,80,80,0,2,88,2448,Charging
09:19:13,80,80,0,2,88,2448,Charging
09:19:13,80,80,0,2,88,2448,Charging
09:19:14,80,80,0,2,88,2448,Charging
09:19:14,80,80,0,2,88,2448,Charging
09:19:15,80,80,0,2,88,2448,Charging
09:19:15,80,80,0,2,88,2448,Charging
09:19:16,80,80,0,2,88,2448,Charging
09:19:16,80,80,0,2,88,2448,Charging
09:19:17,80,80,0,2,88,2448,Charging
09:19:17,80,80,0,2,88,2448,Charging
09:19:18,80,80,0,2,88,2448,Charging
09:19:18,80,80,0,2,88,2414,Charging
09:19:19,80,80,0,2,88,2414,Charging
09:19:19,80,80,0,2,88,2414,Charging
09:19:20,80,80,0,2,88,2414,Charging
09:19:20,80,80,0,2,88,2414,Charging
09:19:21,80,80,0,2,88,2414,Charging
09:19:21,80,80,0,2,88,2414,Charging
09:19:22,80,80,0,2,88,2414,Charging
09:19:22,80,80,0,2,88,2414,Charging
09:19:23,80,80,0,2,88,2414,Charging
09:19:23,80,80,0,2,88,2414,Charging
09:19:24,80,80,0,2,88,2414,Charging
09:19:24,80,80,0,2,88,2414,Charging
09:19:25,80,80,0,2,88,2414,Charging
09:19:25,80,80,0,2,88,2414,Charging
09:19:26,80,80,0,2,88,2414,Charging
09:19:26,80,80,0,2,88,2414,Charging
09:19:27,80,80,0,2,88,2414,Charging
09:19:27,80,80,0,2,88,2414,Charging
09:19:28,80,80,0,2,88,2414,Charging
09:19:28,80,80,0,2,88,2414,Charging
09:19:29,80,80,0,2,88,2414,Charging
09:19:29,80,80,0,2,88,2414,Charging
09:19:30,80,80,0,2,88,2414,Charging
09:19:30,80,80,0,2,88,2414,Charging
09:19:31,80,80,0,2,88,2414,Charging
09:19:31,80,80,0,2,88,2414,Charging
09:19:32,90,90,0,2,88,2414,Charging
09:19:32,90,90,0,2,88,2414,Charging
09:19:33,90,90,0,2,88,2414,Charging
09:19:33,90,90,0,2,88,2414,Charging
09:19:34,90,90,0,2,88,2414,Charging
09:19:34,90,90,0,2,88,2414,Charging
09:19:35,90,90,0,2,88,2414,Charging
09:19:35,90,90,0,2,88,2414,Charging
09:19:36,90,90,0,2,88,2414,Charging
09:19:36,90,90,0,2,88,2414,Charging
09:19:37,90,90,0,2,88,2414,Charging
09:19:37,90,90,0,2,88,2380,Charging
09:19:38,90,90,0,2,88,2380,Charging
09:19:38,90,90,0,2,88,2380,Charging
09:19:39,90,90,0,2,88,2380,Charging
09:19:39,90,90,0,2,88,2380,Charging
09:19:40,90,90,0,2,88,2380,Charging
09:19:40,90,90,0,2,88,2380,Charging
09:19:41,90,90,0,2,88,2380,Charging
09:19:41,90,90,0,2,88,2380,Charging
09:19:42,90,90,0,2,88,2380,Charging
09:19:42,90,90,0,2,88,2380,Charging
09:19:43,90,90,0,2,88,2380,Charging
09:19:43,90,90,0,2,88,2380,Charging
09:19:44,90,90,0,2,88,2380,Charging
09:19:44,90,90,0,2,88,2380,Charging
09:19:45,90,90,0,2,88,2380,Charging
09:19:45,90,90,0,2,88,2380,Charging
09:19:46,90,90,0,2,88,2380,Charging
09:19:46,90,90,0,2,88,2380,Charging
09:19:47,90,90,0,2,88,2380,Charging
09:19:47,90,90,0,2,88,2380,Charging
09:19:48,90,90,0,2,88,2380,Charging
09:19:48,90,90,0,2,88,2380,Charging
09:19:49,90,90,0,2,88,2380,Charging
09:19:49,90,90,0,2,88,2346,Charging
09:19:50,90,90,0,2,88,2346,Charging
09:19:50,90,90,0,2,88,2346,Charging
09:19:51,90,90,0,2,88,2346,Charging
09:19:51,90,90,0,2,88,2346,Charging
09:19:52,90,90,0,2,88,2346,Charging
09:19:52,90,90,0,2,88,2346,Charging
09:19:53,90,90,0,2,88,2346,Charging
09:19:53,90,90,0,2,88,2346,Charging
09:19:54,90,90,0,2,88,2346,Charging
09:19:54,90,90,0,2,88,2346,Charging
09:19:55,90,90,0,2,88,2346,Charging
09:19:55,90,90,0,2,88,2346,Charging
09:19:56,90,90,0,2,88,2346,Charging
09:19:56,90,90,0,2,88,2346,Charging
09:19:57,90,90,0,2,88,2346,Charging
09:19:57,90,90,0,2,88,2346,Charging
09:19:58,90,90,0,2,88,2346,Charging
09:19:58,90,90,0,2,88,2346,Charging
09:19:59,90,90,0,2,88,2346,Charging
09:19:59,90,90,0,2,88,2346,Charging
09:20:00,90,90,0,2,88,2346,Charging
09:20:00,90,90,0,2,88,2346,Charging
09:20:01,90,90,0,2,88,2346,Charging
09:20:01,90,90,0,2,88,2346,Charging
09:20:02,90,90,0,2,88,2346,Charging
09:20:02,90,90,0,2,88,2346,Charging
09:20:03,90,90,0,2,88,2346,Charging
09:20:03,90,90,0,2,88,2346,Charging
09:20:04,90,90,0,2,88,2346,Charging
09:20:04,90,90,0,2,88,2346,Charging
09:20:05,90,90,0,2,88,2346,Charging
09:20:05,90,90,0,2,88,2346,Charging
09:20:06,90,90,0,2,88,2346,Charging
09:20:06,90,90,0,2,88,2312,Charging
09:20:07,90,90,0,2,88,2312,Charging
09:20:07,90,90,0,2,88,2312,Charging
09:20:08,90,90,0,2,88,2312,Charging
09:20:08,90,90,0,2,88,2312,Charging
09:20:09,90,90,0,2,88,2312,Charging
09:20:09,90,90,0,2,88,2312,Charging
09:20:10,90,90,0,2,88,2312,Charging
09:20:10,90,90,0,2,88,2312,Charging
09:20:11,90,90,0,2,88,2312,Charging
09:20:11,90,90,0,2,88,2312,Charging
09:20:12,90,90,0,2,88,2312,Charging
09:20:12,90,90,0,2,88,2312,Charging
09:20:13,90,90,0,2,88,2312,Charging
09:20:13,90,90,0,2,88,2312,Charging
09:20:14,90,90,0,2,88,2312,Charging
09:20:14,90,90,0,2,88,2312,Charging
09:20:15,90,90,0,2,88,2312,Charging
09:20:15,90,90,0,2,88,2312,Charging
09:20:16,90,90,0,2,88,2312,Charging
09:20:16,90,90,0,2,88,2312,Charging
09:20:17,90,90,0,2,88,2312,Charging
09:20:17,90,90,0,2,88,2312,Charging
09:20:18,90,90,0,2,88,2312,Charging
09:20:18,90,90,0,2,88,2312,Charging
09:20:19,90,90,0,2,88,2312,Charging
09:20:19,90,90,0,2,88,2312,Charging
09:20:20,90,90,0,2,88,2312,Charging
09:20:20,90,90,0,2,88,2312,Charging
09:20:21,90,90,0,2,88,2312,Charging
09:20:21,90,90,0,2,88,2312,Charging
09:20:22,90,90,0,2,88,2312,Charging
09:20:22,90,90,0,2,88,2312,Charging
09:20:23,90,90,0,2,88,2312,Charging
09:20:23,90,90,0,2,88,2278,Charging
09:20:24,90,90,0,2,88,2278,Charging
09:20:24,90,90,0,2,88,2278,Charging
09:20:25,90,90,0,2,88,2278,Charging
09:20:25,90,90,0,2,88,2278,Charging
09:20:26,90,90,0,2,88,2278,Charging
09:20:26,90,90,0,2,88,2278,Charging
09:20:27,90,90,0,2,88,2278,Charging
09:20:27,90,90,0,2,88,2278,Charging
09:20:28,90,90,0,2,88,2278,Charging
09:20:28,90,90,0,2,88,2278,Charging
09:20:29,90,90,0,2,88,2278,Charging
09:20:29,90,90,0,2,88,2278,Charging
09:20:30,90,90,0,2,88,2278,Charging
09:20:30,90,90,0,2,88,2278,Charging
09:20:31,90,90,0,2,88,2278,Charging
09:20:31,90,90,0,2,88,2278,Charging
09:20:32,90,90,0,2,88,2278,Charging
09:20:32,90,90,0,2,88,2278,Charging
09:20:33,90,90,0,2,88,2278,Charging
09:20:33,90,90,0,2,88,2278,Charging
09:20:34,90,90,0,2,88,2278,Charging
09:20:34,90,90,0,2,88,2278,Charging
09:20:35,90,90,0,2,88,2278,Charging
09:20:35,90,90,0,2,88,2278,Charging
09:20:36,90,90,0,2,88,2278,Charging
09:20:36,90,90,0,2,88,2278,Charging
09:20:37,90,90,0,2,88,2278,Charging
09:20:37,90,90,0,2,88,2278,Charging
09:20:38,90,90,0,2,88,2278,Charging
09:20:38,90,90,0,2,88,2278,Charging
09:20:39,90,90,0,2,88,2278,Charging
09:20:39,90,90,0,2,89,2278,Charging
09:20:40,90,90,0,2,89,2278,Charging
09:20:40,90,90,0,2,89,2278,Charging
09:20:41,90,90,0,2,89,2278,Charging
09:20:41,90,90,0,2,89,2244,Charging
09:20:42,90,90,0,2,89,2244,Charging
09:20:42,90,90,0,2,89,2244,Charging
09:20:43,90,90,0,2,89,2244,Charging
09:20:43,90,90,0,2,89,2244,Charging
09:20:44,90,90,0,2,89,2244,Charging
09:20:44,90,90,0,2,89,2244,Charging
09:20:45,90,90,0,2,89,2244,Charging
09:20:45,90,90,0,2,89,2244,Charging
09:20:46,90,90,0,2,89,2244,Charging
09:20:46,90,90,0,2,89,2244,Charging
09:20:47,90,90,0,2,89,2244,Charging
09:20:47,90,90,0,2,89,2244,Charging
09:20:48,90,90,0,2,89,2244,Charging
09:20:48,90,90,0,2,89,2244,Charging
09:20:49,90,90,0,2,89,2244,Charging
09:20:49,90,90,0,2,89,2244,Charging
09:20:50,90,90,0,2,89,2244,Charging
09:20:50,90,90,0,2,89,2244,Charging
09:20:51,90,90,0,2,89,2244,Charging
09:20:51,90,90,0,2,89,2244,Charging
09:20:52,90,90,0,2,89,2244,Charging
09:20:52,90,90,0,2,89,2244,Charging
09:20:53,90,90,0,2,89,2244,Charging
09:20:53,90,90,0,2,89,2244,Charging
09:20:54,90,90,0,2,89,2244,Charging
09:20:54,90,90,0,2,89,2244,Charging
09:20:55,90,90,0,2,89,2244,Charging
09:20:55,90,90,0,2,89,2244,Charging
09:20:56,90,90,0,2,89,2244,Charging
09:20:56,90,90,0,2,89,2244,Charging
09:20:57,90,90,0,2,89,2244,Charging
09:20:58,90,90,0,2,89,2244,Charging
09:20:58,90,90,0,2,89,2244,Charging
09:20:59,90,90,0,2,89,2244,Charging
09:20:59,90,90,0,2,89,2244,Charging
09:21:00,90,90,0,2,89,2244,Charging
09:21:00,90,90,0,2,89,2244,Charging
09:21:01,90,90,0,2,89,2210,Charging
09:21:01,90,90,0,2,89,2210,Charging
09:21:02,90,90,0,2,89,2210,Charging
09:21:02,90,90,0,2,89,2210,Charging
09:21:03,90,90,0,2,89,2210,Charging
09:21:03,90,90,0,2,89,2210,Charging
09:21:04,90,90,0,2,89,2210,Charging
09:21:04,90,90,0,2,89,2210,Charging
09:21:05,90,90,0,2,89,2210,Charging
09:21:05,90,90,0,2,89,2210,Charging
09:21:06,90,90,0,2,89,2210,Charging
09:21:06,90,90,0,2,89,2210,Charging
09:21:07,90,90,0,2,89,2210,Charging
09:21:07,90,90,0,2,89,2210,Charging
09:21:08,90,90,0,2,89,2210,Charging
09:21:08,90,90,0,2,89,2210,Charging
09:21:09,90,90,0,2,89,2210,Charging
09:21:09,90,90,0,2,89,2210,Charging
09:21:10,90,90,0,2,89,2210,Charging
09:21:10,90,90,0,2,89,2210,Charging
09:21:11,90,90,0,2,89,2210,Charging
09:21:11,90,90,0,2,89,2210,Charging
09:21:12,90,90,0,2,89,2210,Charging
09:21:12,90,90,0,2,89,2210,Charging
09:21:13,90,90,0,2,89,2210,Charging
09:21:13,90,90,0,2,89,2210,Charging
09:21:14,90,90,0,2,89,2210,Charging
09:21:14,90,90,0,2,89,2210,Charging
09:21:15,90,90,0,2,89,2210,Charging
09:21:15,90,90,0,2,89,2210,Charging
09:21:16,90,90,0,2,89,2210,Charging
09:21:16,90,90,0,2,89,2210,Charging
09:21:17,90,90,0,2,89,2210,Charging
09:21:17,90,90,0,2,89,2210,Charging
09:21:18,90,90,0,2,89,2210,Charging
09:21:18,90,90,0,2,89,2210,Charging
09:21:19,90,90,0,2,89,2210,Charging
09:21:19,90,90,0,2,89,2210,Charging
09:21:20,90,90,0,2,89,2210,Charging
09:21:20,90,90,0,2,89,2210,Charging
09:21:21,90,90,0,2,89,2210,Charging
09:21:21,90,90,0,2,89,2210,Charging
09:21:22,90,90,0,2,89,2210,Charging
09:21:22,90,90,0,2,89,2210,Charging
09:21:23,90,90,0,2,89,2176,Charging
09:21:23,90,90,0,2,89,2176,Charging
09:21:24,90,90,0,2,89,2176,Charging
09:21:24,90,90,0,2,89,2176,Charging
09:21:25,90,90,0,2,89,2176,Charging
09:21:25,90,90,0,2,89,2176,Charging
09:21:26,90,90,0,2,89,2176,Charging
09:21:26,90,90,0,2,89,2176,Charging
09:21:27,90,90,0,2,89,2176,Charging
09:21:27,90,90,0,2,89,2176,Charging
09:21:28,90,90,0,2,89,2176,Charging
09:21:28,90,90,0,2,89,2176,Charging
09:21:29,90,90,0,2,89,2176,Charging
09:21:29,90,90,0,2,89,2176,Charging
09:21:30,90,90,0,2,89,2176,Charging
09:21:30,90,90,0,2,89,2176,Charging
09:21:31,90,90,0,2,89,2176,Charging
09:21:31,90,90,0,2,89,2176,Charging
09:21:32,90,90,0,2,89,2176,Charging
09:21:32,90,90,0,2,89,2176,Charging
09:21:33,90,90,0,2,89,2176,Charging
09:21:33,90,90,0,2,89,2176,Charging
09:21:34,90,90,0,2,89,2176,Charging
09:21:34,90,90,0,2,89,2176,Charging
09:21:35,90,90,0,2,89,2176,Charging
09:21:35,90,90,0,2,89,2176,Charging
09:21:36,90,90,0,2,89,2176,Charging
09:21:36,90,90,0,2,89,2176,Charging
09:21:37,90,90,0,2,89,2142,Charging
09:21:37,90,90,0,2,89,2142,Charging
09:21:38,90,90,0,2,89,2142,Charging
09:21:38,90,90,0,2,89,2142,Charging
09:21:39,90,90,0,2,89,2142,Charging
09:21:39,90,90,0,2,89,2142,Charging
09:21:40,90,90,0,2,89,2142,Charging
09:21:40,90,90,0,2,89,2142,Charging
09:21:41,90,90,0,2,89,2142,Charging
09:21:41,90,90,0,2,89,2142,Charging
09:21:42,90,90,0,2,89,2142,Charging
09:21:42,90,90,0,2,89,2142,Charging
09:21:43,90,90,0,2,89,2142,Charging
09:21:43,90,90,0,2,89,2142,Charging
09:21:44,90,90,0,2,89,2142,Charging
09:21:44,90,90,0,2,89,2142,Charging
09:21:45,90,90,0,2,89,2142,Charging
09:21:45,90,90,0,2,89,2142,Charging
09:21:46,90,90,0,2,89,2142,Charging
09:21:46,90,90,0,2,89,2142,Charging
09:21:47,90,90,0,2,89,2142,Charging
09:21:47,90,90,0,2,89,2142,Charging
09:21:48,90,90,0,2,89,2142,Charging
09:21:48,90,90,0,2,89,2142,Charging
09:21:49,90,90,0,2,89,2142,Charging
09:21:49,90,90,0,2,89,2142,Charging
09:21:50,90,90,0,2,89,2142,Charging
09:21:50,90,90,0,2,89,2142,Charging
09:21:51,90,90,0,2,89,2142,Charging
09:21:51,90,90,0,2,89,2142,Charging
09:21:52,90,90,0,2,89,2142,Charging
09:21:52,90,90,0,2,89,2142,Charging
09:21:53,90,90,0,2,89,2142,Charging
09:21:53,90,90,0,2,89,2142,Charging
09:21:54,90,90,0,2,89,2142,Charging
09:21:54,90,90,0,2,89,2142,Charging
09:21:55,90,90,0,2,89,2142,Charging
09:21:55,90,90,0,2,89,2142,Charging
09:21:56,90,90,0,2,89,2142,Charging
09:21:56,90,90,0,2,89,2142,Charging
09:21:57,90,90,0,2,89,2142,Charging
09:21:57,90,90,0,2,89,2142,Charging
09:21:58,90,90,0,2,89,2142,Charging
09:21:58,90,90,0,2,89,2142,Charging
09:21:59,90,90,0,2,89,2142,Charging
09:21:59,90,90,0,2,89,2142,Charging
09:22:00,90,90,0,2,89,2108,Charging
09:22:00,90,90,0,2,89,2108,Charging
09:22:01,90,90,0,2,89,2108,Charging
09:22:01,90,90,0,2,89,2108,Charging
09:22:02,90,90,0,2,89,2108,Charging
09:22:02,90,90,0,2,89,2108,Charging
09:22:03,90,90,0,2,89,2108,Charging
09:22:03,90,90,0,2,89,2108,Charging
09:22:04,90,90,0,2,89,2108,Charging
09:22:04,90,90,0,2,89,2108,Charging
09:22:05,90,90,0,2,89,2108,Charging
09:22:05,90,90,0,2,89,2108,Charging
09:22:06,90,90,0,2,89,2108,Charging
09:22:06,90,90,0,2,89,2108,Charging
09:22:07,90,90,0,2,89,2108,Charging
09:22:07,90,90,0,2,89,2108,Charging
09:22:08,90,90,0,2,89,2108,Charging
09:22:08,90,90,0,2,89,2108,Charging
09:22:09,90,90,0,2,89,2108,Charging
09:22:09,90,90,0,2,89,2108,Charging
09:22:10,90,90,0,2,89,2108,Charging
09:22:10,90,90,0,2,89,2108,Charging
09:22:11,90,90,0,2,89,2108,Charging
09:22:11,90,90,0,2,89,2108,Charging
09:22:12,90,90,0,2,89,2108,Charging
09:22:12,90,90,0,2,89,2108,Charging
09:22:13,90,90,0,2,89,2108,Charging
09:22:13,90,90,0,2,89,2108,Charging
09:22:14,90,90,0,2,89,2108,Charging
09:22:14,90,90,0,2,89,2108,Charging
09:22:15,90,90,0,2,89,2108,Charging
09:22:15,90,90,0,2,89,2108,Charging
09:22:16,90,90,0,2,89,2108,Charging
09:22:16,90,90,0,2,89,2108,Charging
09:22:17,90,90,0,2,89,2108,Charging
09:22:17,90,90,0,2,89,2108,Charging
09:22:18,90,90,0,2,89,2108,Charging
09:22:18,90,90,0,2,89,2108,Charging
09:22:19,90,90,0,2,89,2108,Charging
09:22:19,90,90,0,2,89,2108,Charging
09:22:20,90,90,0,2,89,2074,Charging
09:22:20,90,90,0,2,89,2074,Charging
09:22:21,90,90,0,2,89,2074,Charging
09:22:21,90,90,0,2,89,2074,Charging
09:22:22,90,90,0,2,89,2074,Charging
09:22:22,90,90,0,2,89,2074,Charging
09:22:23,90,90,0,2,89,2074,Charging
09:22:23,90,90,0,2,89,2074,Charging
09:22:24,90,90,0,2,89,2074,Charging
09:22:24,90,90,0,2,89,2074,Charging
09:22:25,90,90,0,2,89,2074,Charging
09:22:25,90,90,0,2,89,2074,Charging
09:22:26,90,90,0,2,90,2074,Charging
09:22:26,90,90,0,2,90,2074,Charging
09:22:27,90,90,0,2,90,2074,Charging
09:22:27,90,90,0,2,90,2074,Charging
09:22:28,90,90,0,2,90,2074,Charging
09:22:28,90,90,0,2,90,2074,Charging
09:22:29,90,90,0,2,90,2074,Charging
09:22:29,90,90,0,2,90,2074,Charging
09:22:30,90,90,0,2,90,2074,Charging
09:22:30,90,90,0,2,90,2074,Charging
09:22:31,90,90,0,2,90,2074,Charging
09:22:31,90,90,0,2,90,2074,Charging
09:22:32,90,90,0,2,90,2074,Charging
09:22:32,90,90,0,2,90,2074,Charging
09:22:33,90,90,0,2,90,2074,Charging
09:22:33,90,90,0,2,90,2074,Charging
09:22:34,90,90,0,2,90,2074,Charging
09:22:34,90,90,0,2,90,2074,Charging
09:22:35,90,90,0,2,90,2074,Charging
09:22:35,90,90,0,2,90,2074,Charging
09:22:36,90,90,0,2,90,2074,Charging
09:22:36,90,90,0,2,90,2074,Charging
09:22:37,90,90,0,2,90,2074,Charging
09:22:37,90,90,0,2,90,2074,Charging
09:22:38,90,90,0,2,90,2040,Charging
09:22:38,90,90,0,2,90,2040,Charging
09:22:39,90,90,0,2,90,2040,Charging
09:22:39,90,90,0,2,90,2040,Charging
09:22:40,90,90,0,2,90,2040,Charging
09:22:40,90,90,0,2,90,2040,Charging
09:22:41,90,90,0,2,90,2040,Charging
09:22:41,90,90,0,2,90,2040,Charging
09:22:42,90,90,0,2,90,2040,Charging
09:22:42,90,90,0,2,90,2040,Charging
09:22:43,90,90,0,2,90,2040,Charging
09:22:43,90,90,0,2,90,2040,Charging
09:22:44,90,90,0,2,90,2040,Charging
09:22:44,90,90,0,2,90,2040,Charging
09:22:45,90,90,0,2,90,2040,Charging
09:22:45,90,90,0,2,90,2040,Charging
09:22:46,90,90,0,2,90,2040,Charging
09:22:46,90,90,0,2,90,2040,Charging
09:22:47,90,90,0,2,90,2040,Charging
09:22:47,90,90,0,2,90,2040,Charging
09:22:48,90,90,0,2,90,2040,Charging
09:22:48,90,90,0,2,90,2040,Charging
09:22:49,90,90,0,2,90,2040,Charging
09:22:49,90,90,0,2,90,2040,Charging
09:22:50,90,90,0,2,90,2040,Charging
09:22:50,90,90,0,2,90,2040,Charging
09:22:51,90,90,0,2,90,2040,Charging
09:22:51,90,90,0,2,90,2040,Charging
09:22:52,90,90,0,2,90,2040,Charging
09:22:52,90,90,0,2,90,2040,Charging
09:22:53,90,90,0,2,90,2040,Charging
09:22:53,90,90,0,2,90,2040,Charging
09:22:54,90,90,0,2,90,2040,Charging
09:22:54,90,90,0,2,90,2040,Charging
09:22:55,90,90,0,2,90,2040,Charging
09:22:55,90,90,0,2,90,2040,Charging
09:22:56,90,90,0,2,90,2040,Charging
09:22:56,90,90,0,2,90,2040,Charging
09:22:57,90,90,0,2,90,2040,Charging
09:22:57,90,90,0,2,90,2040,Charging
09:22:58,90,90,0,2,90,2040,Charging
09:22:58,90,90,0,2,90,2040,Charging
09:22:59,90,90,0,2,90,2040,Charging
09:22:59,90,90,0,2,90,2040,Charging
09:23:00,90,90,0,2,90,2040,Charging
09:23:00,90,90,0,2,90,2040,Charging
09:23:01,90,90,0,2,90,2040,Charging
09:23:01,90,90,0,2,90,2040,Charging
09:23:02,90,90,0,2,90,2040,Charging
09:23:02,90,90,0,2,90,2040,Charging
09:23:03,90,90,0,2,90,2040,Charging
09:23:03,90,90,0,2,90,2040,Charging
09:23:04,90,90,0,2,90,2040,Charging
09:23:04,77,77,0,2,90,2040,Charging
09:23:05,77,77,0,2,90,2040,Charging
09:23:05,77,77,0,2,90,2040,Charging
09:23:06,80,80,0,2,90,2006,Charging
09:23:06,80,80,0,2,90,2006,Charging
09:23:07,80,80,0,2,90,2006,Charging
09:23:07,80,80,0,2,90,2006,Charging
09:23:08,80,80,0,2,90,2006,Charging
09:23:08,80,80,0,2,90,2006,Charging
09:23:09,80,80,0,2,90,2006,Charging
09:23:09,80,80,0,2,90,2006,Charging
09:23:10,80,80,0,2,90,2006,Charging
09:23:10,80,80,0,2,90,2006,Charging
09:23:11,80,80,0,2,90,2006,Charging
09:23:11,80,80,0,2,90,2006,Charging
09:23:12,80,80,0,2,90,2006,Charging
09:23:12,80,80,0,2,90,2006,Charging
09:23:13,80,80,0,2,90,2006,Charging
09:23:13,80,80,0,2,90,2006,Charging
09:23:14,80,80,0,2,90,2006,Charging
09:23:14,80,80,0,2,90,2006,Charging
09:23:15,80,80,0,2,90,2006,Charging
09:23:15,80,80,0,2,90,2006,Charging
09:23:16,80,80,0,2,90,2006,Charging
09:23:16,80,80,0,2,90,2006,Charging
09:23:17,80,80,0,2,90,2006,Charging
09:23:17,80,80,0,2,90,2006,Charging
09:23:18,80,80,0,2,90,2006,Charging
09:23:18,80,80,0,2,90,2006,Charging
09:23:19,80,80,0,2,90,2006,Charging
09:23:19,80,80,0,2,90,2006,Charging
09:23:20,80,80,0,2,90,2006,Charging
09:23:20,80,80,0,2,90,2006,Charging
09:23:21,80,80,0,2,90,2006,Charging
09:23:21,80,80,0,2,90,2006,Charging
09:23:22,80,80,0,2,90,2006,Charging
09:23:22,80,80,0,2,90,2006,Charging
09:23:23,80,80,0,2,90,2006,Charging
09:23:23,80,80,0,2,90,2006,Charging
09:23:24,80,80,0,2,90,2006,Charging
09:23:24,80,80,0,2,90,2006,Charging
09:23:25,80,80,0,2,90,2006,Charging
09:23:25,80,80,0,2,90,2006,Charging
09:23:26,80,80,0,2,90,2006,Charging
09:23:26,80,80,0,2,90,2006,Charging
09:23:27,80,80,0,2,90,1972,Charging
09:23:27,80,80,0,2,90,1972,Charging
09:23:28,80,80,0,2,90,1972,Charging
09:23:28,80,80,0,2,90,1972,Charging
09:23:29,80,80,0,2,90,1972,Charging
09:23:29,80,80,0,2,90,1972,Charging
09:23:30,80,80,0,2,90,1972,Charging
09:23:30,80,80,0,2,90,1972,Charging
09:23:31,80,80,0,2,90,1972,Charging
09:23:31,80,80,0,2,90,1972,Charging
09:23:32,80,80,0,2,90,1972,Charging
09:23:32,80,80,0,2,90,1972,Charging
09:23:33,80,80,0,2,90,1972,Charging
09:23:33,80,80,0,2,90,1972,Charging
09:23:34,80,80,0,2,90,1972,Charging
09:23:34,80,80,0,2,90,1972,Charging
09:23:35,80,80,0,2,90,1972,Charging
09:23:35,80,80,0,2,90,1972,Charging
09:23:36,80,80,0,2,90,1972,Charging
09:23:36,80,80,0,2,90,1972,Charging
09:23:37,80,80,0,2,90,1972,Charging
09:23:37,80,80,0,2,90,1972,Charging
09:23:38,80,80,0,2,90,1972,Charging
09:23:38,80,80,0,2,90,1972,Charging
09:23:39,80,80,0,2,90,1972,Charging
09:23:39,80,80,0,2,90,1972,Charging
09:23:40,80,80,0,2,90,1972,Charging
09:23:40,80,80,0,2,90,1972,Charging
09:23:41,80,80,0,2,90,1972,Charging
09:23:41,80,80,0,2,90,1972,Charging
09:23:42,80,80,0,2,90,1972,Charging
09:23:42,80,80,0,2,90,1972,Charging
09:23:43,80,80,0,2,90,1972,Charging
09:23:43,80,80,0,2,90,1972,Charging
09:23:44,80,80,0,2,90,1972,Charging
09:23:44,80,80,0,2,90,1972,Charging
09:23:45,80,80,0,2,90,1938,Charging
09:23:45,80,80,0,2,90,1938,Charging
09:23:46,80,80,0,2,90,1938,Charging
09:23:46,80,80,0,2,90,1938,Charging
09:23:47,80,80,0,2,90,1938,Charging
09:23:47,80,80,0,2,90,1938,Charging
09:23:48,80,80,0,2,90,1938,Charging
09:23:48,80,80,0,2,90,1938,Charging
09:23:49,80,80,0,2,90,1938,Charging
09:23:49,80,80,0,2,90,1938,Charging
09:23:50,80,80,0,2,90,1938,Charging
09:23:50,80,80,0,2,90,1938,Charging
09:23:51,80,80,0,2,90,1938,Charging
09:23:51,80,80,0,2,90,1938,Charging
09:23:52,80,80,0,2,90,1938,Charging
09:23:52,80,80,0,2,90,1938,Charging
09:23:53,80,80,0,2,90,1938,Charging
09:23:53,80,80,0,2,90,1938,Charging
09:23:54,80,80,0,2,90,1938,Charging
09:23:54,80,80,0,2,90,1938,Charging
09:23:55,80,80,0,2,90,1938,Charging
09:23:55,80,80,0,2,90,1938,Charging
09:23:56,80,80,0,2,90,1938,Charging
09:23:56,80,80,0,2,90,1938,Charging
09:23:57,80,80,0,2,90,1938,Charging
09:23:57,80,80,0,2,90,1938,Charging
09:23:58,80,80,0,2,90,1938,Charging
09:23:58,80,80,0,2,90,1938,Charging
09:23:59,80,80,0,2,90,1938,Charging
09:23:59,80,80,0,2,90,1938,Charging
09:24:00,80,80,0,2,90,1938,Charging
09:24:00,80,80,0,2,90,1938,Charging
09:24:01,80,80,0,2,90,1938,Charging
09:24:01,80,80,0,2,90,1938,Charging
09:24:02,80,80,0,2,90,1938,Charging
09:24:02,80,80,0,2,90,1938,Charging
09:24:03,80,80,0,2,90,1938,Charging
09:24:03,80,80,0,2,90,1938,Charging
09:24:04,80,80,0,2,90,1938,Charging
09:24:04,80,80,0,2,90,1938,Charging
09:24:05,80,80,0,2,90,1938,Charging
09:24:05,80,80,0,2,90,1938,Charging
09:24:06,80,80,0,2,90,1938,Charging
09:24:06,80,80,0,2,90,1938,Charging
09:24:07,80,80,0,2,90,1938,Charging
09:24:07,80,80,0,2,90,1938,Charging
09:24:08,80,80,0,2,90,1938,Charging
09:24:08,80,80,0,2,90,1938,Charging
09:24:09,80,80,0,2,90,1938,Charging
09:24:09,80,80,0,2,90,1938,Charging
09:24:10,80,80,0,2,90,1938,Charging
09:24:10,80,80,0,2,90,1938,Charging
09:24:11,80,80,0,2,90,1904,Charging
09:24:11,80,80,0,2,90,1904,Charging
09:24:12,80,80,0,2,90,1904,Charging
09:24:12,80,80,0,2,90,1904,Charging
09:24:13,80,80,0,2,90,1904,Charging
09:24:13,80,80,0,2,90,1904,Charging
09:24:14,80,80,0,2,90,1904,Charging
09:24:14,80,80,0,2,90,1904,Charging
09:24:15,80,80,0,2,90,1904,Charging
09:24:15,80,80,0,2,90,1904,Charging
09:24:16,80,80,0,2,90,1904,Charging
09:24:16,80,80,0,2,90,1904,Charging
09:24:17,80,80,0,2,90,1904,Charging
09:24:17,80,80,0,2,90,1904,Charging
09:24:18,80,80,0,2,90,1904,Charging
09:24:18,80,80,0,2,90,1904,Charging
09:24:19,80,80,0,2,90,1904,Charging
09:24:19,80,80,0,2,90,1904,Charging
09:24:20,80,80,0,2,90,1904,Charging
09:24:20,80,80,0,2,90,1904,Charging
09:24:21,80,80,0,2,90,1904,Charging
09:24:21,80,80,0,2,90,1904,Charging
09:24:22,80,80,0,2,91,1904,Charging
09:24:22,80,80,0,2,91,1904,Charging
09:24:23,80,80,0,2,91,1904,Charging
09:24:23,80,80,0,2,91,1904,Charging
09:24:24,80,80,0,2,91,1870,Charging
09:24:24,80,80,0,2,91,1870,Charging
09:24:25,80,80,0,2,91,1870,Charging
09:24:25,80,80,0,2,91,1870,Charging
09:24:26,80,80,0,2,91,1870,Charging
09:24:26,80,80,0,2,91,1870,Charging
09:24:27,80,80,0,2,91,1870,Charging
09:24:27,80,80,0,2,91,1870,Charging
09:24:28,80,80,0,2,91,1870,Charging
09:24:28,80,80,0,2,91,1870,Charging
09:24:29,80,80,0,2,91,1870,Charging
09:24:29,80,80,0,2,91,1870,Charging
09:24:30,80,80,0,2,91,1870,Charging
09:24:30,80,80,0,2,91,1870,Charging
09:24:31,80,80,0,2,91,1870,Charging
09:24:31,80,80,0,2,91,1870,Charging
09:24:32,80,80,0,2,91,1870,Charging
09:24:32,80,80,0,2,91,1870,Charging
09:24:33,80,80,0,2,91,1870,Charging
09:24:33,80,80,0,2,91,1870,Charging
09:24:34,80,80,0,2,91,1870,Charging
09:24:34,80,80,0,2,91,1870,Charging
09:24:35,80,80,0,2,91,1870,Charging
09:24:35,80,80,0,2,91,1870,Charging
09:24:36,80,80,0,2,91,1870,Charging
09:24:36,80,80,0,2,91,1870,Charging
09:24:37,80,80,0,2,91,1870,Charging
09:24:37,80,80,0,2,91,1870,Charging
09:24:38,80,80,0,2,91,1870,Charging
09:24:38,80,80,0,2,91,1870,Charging
09:24:39,80,80,0,2,91,1870,Charging
09:24:39,80,80,0,2,91,1870,Charging
09:24:40,80,80,0,2,91,1870,Charging
09:24:40,80,80,0,2,91,1870,Charging
09:24:41,80,80,0,2,91,1870,Charging
09:24:41,80,80,0,2,91,1870,Charging
09:24:42,80,80,0,2,91,1870,Charging
09:24:42,80,80,0,2,91,1870,Charging
09:24:43,80,80,0,2,91,1870,Charging
09:24:43,80,80,0,2,91,1870,Charging
09:24:44,80,80,0,2,91,1870,Charging
09:24:44,80,80,0,2,91,1870,Charging
09:24:45,80,80,0,2,91,1870,Charging
09:24:45,80,80,0,2,91,1870,Charging
09:24:46,80,80,0,2,91,1870,Charging
09:24:46,80,80,0,2,91,1870,Charging
09:24:47,80,80,0,2,91,1870,Charging
09:24:47,80,80,0,2,91,1870,Charging
09:24:48,80,80,0,2,91,1870,Charging
09:24:48,80,80,0,2,91,1870,Charging
09:24:49,80,80,0,2,91,1870,Charging
09:24:49,80,80,0,2,91,1870,Charging
09:24:50,80,80,0,2,91,1836,Charging
09:24:50,80,80,0,2,91,1836,Charging
09:24:51,80,80,0,2,91,1836,Charging
09:24:51,80,80,0,2,91,1836,Charging
09:24:52,80,80,0,2,91,1836,Charging
09:24:52,80,80,0,2,91,1836,Charging
09:24:53,80,80,0,2,91,1836,Charging
09:24:53,80,80,0,2,91,1836,Charging
09:24:54,80,80,0,2,91,1836,Charging
09:24:54,80,80,0,2,91,1836,Charging
09:24:55,80,80,0,2,91,1836,Charging
09:24:55,80,80,0,2,91,1836,Charging
09:24:56,80,80,0,2,91,1836,Charging
09:24:56,80,80,0,2,91,1836,Charging
09:24:57,80,80,0,2,91,1836,Charging
09:24:57,80,80,0,2,91,1836,Charging
09:24:58,80,80,0,2,91,1836,Charging
09:24:58,80,80,0,2,91,1836,Charging
09:24:59,80,80,0,2,91,1836,Charging
09:24:59,80,80,0,2,91,1836,Charging
09:25:00,80,80,0,2,91,1836,Charging
09:25:00,80,80,0,2,91,1836,Charging
09:25:01,80,80,0,2,91,1836,Charging
09:25:01,80,80,0,2,91,1836,Charging
09:25:02,80,80,0,2,91,1836,Charging
09:25:02,80,80,0,2,91,1836,Charging
09:25:03,80,80,0,2,91,1836,Charging
09:25:03,80,80,0,2,91,1836,Charging
09:25:04,80,80,0,2,91,1836,Charging
09:25:04,80,80,0,2,91,1836,Charging
09:25:05,80,80,0,2,91,1836,Charging
09:25:05,80,80,0,2,91,1836,Charging
09:25:06,80,80,0,2,91,1836,Charging
09:25:06,80,80,0,2,91,1836,Charging
09:25:07,80,80,0,2,91,1836,Charging
09:25:07,80,80,0,2,91,1836,Charging
09:25:08,80,80,0,2,91,1836,Charging
09:25:08,80,80,0,2,91,1836,Charging
09:25:09,80,80,0,2,91,1836,Charging
09:25:09,80,80,0,2,91,1836,Charging
09:25:10,80,80,0,2,91,1836,Charging
09:25:10,80,80,0,2,91,1836,Charging
09:25:11,80,80,0,2,91,1836,Charging
09:25:11,80,80,0,2,91,1836,Charging
09:25:12,80,80,0,2,91,1836,Charging
09:25:12,80,80,0,2,91,1836,Charging
09:25:13,80,80,0,2,91,1836,Charging
09:25:13,80,80,0,2,91,1836,Charging
09:25:14,80,80,0,2,91,1802,Charging
09:25:14,80,80,0,2,91,1802,Charging
09:25:15,80,80,0,2,91,1802,Charging
09:25:15,80,80,0,2,91,1802,Charging
09:25:16,80,80,0,2,91,1802,Charging
09:25:16,80,80,0,2,91,1802,Charging
09:25:17,80,80,0,2,91,1802,Charging
09:25:17,80,80,0,2,91,1802,Charging
09:25:18,80,80,0,2,91,1802,Charging
09:25:18,80,80,0,2,91,1802,Charging
09:25:19,80,80,0,2,91,1802,Charging
09:25:19,80,80,0,2,91,1802,Charging
09:25:20,80,80,0,2,91,1802,Charging
09:25:20,80,80,0,2,91,1802,Charging
09:25:21,80,80,0,2,91,1802,Charging
09:25:21,80,80,0,2,91,1802,Charging
09:25:22,80,80,0,2,91,1802,Charging
09:25:22,80,80,0,2,91,1802,Charging
09:25:23,80,80,0,2,91,1802,Charging
09:25:23,80,80,0,2,91,1802,Charging
09:25:24,80,80,0,2,91,1802,Charging
09:25:24,80,80,0,2,91,1802,Charging
09:25:25,80,80,0,2,91,1802,Charging
09:25:25,80,80,0,2,91,1802,Charging
09:25:26,80,80,0,2,91,1802,Charging
09:25:26,80,80,0,2,91,1802,Charging
09:25:27,80,80,0,2,91,1802,Charging
09:25:27,80,80,0,2,91,1802,Charging
09:25:28,80,80,0,2,91,1802,Charging
09:25:28,80,80,0,2,91,1802,Charging
09:25:29,80,80,0,2,91,1802,Charging
09:25:29,80,80,0,2,91,1802,Charging
09:25:30,80,80,0,2,91,1802,Charging
09:25:30,80,80,0,2,91,1802,Charging
09:25:31,80,80,0,2,91,1802,Charging
09:25:31,80,80,0,2,91,1802,Charging
09:25:32,80,80,0,2,91,1802,Charging
09:25:32,80,80,0,2,91,1802,Charging
09:25:33,80,80,0,2,91,1802,Charging
09:25:33,80,80,0,2,91,1802,Charging
09:25:34,80,80,0,2,91,1802,Charging
09:25:34,80,80,0,2,91,1802,Charging
09:25:35,80,80,0,2,91,1802,Charging
09:25:35,80,80,0,2,91,1802,Charging
09:25:36,80,80,0,2,91,1768,Charging
09:25:36,80,80,0,2,91,1768,Charging
09:25:37,80,80,0,2,91,1768,Charging
09:25:37,80,80,0,2,91,1768,Charging
09:25:38,80,80,0,2,91,1768,Charging
09:25:38,80,80,0,2,91,1768,Charging
09:25:39,80,80,0,2,91,1768,Charging
09:25:39,80,80,0,2,91,1768,Charging
09:25:40,80,80,0,2,91,1768,Charging
09:25:40,80,80,0,2,91,1768,Charging
09:25:41,80,80,0,2,91,1768,Charging
09:25:41,80,80,0,2,91,1768,Charging
09:25:42,80,80,0,2,91,1768,Charging
09:25:42,80,80,0,2,91,1768,Charging
09:25:43,80,80,0,2,91,1768,Charging
09:25:43,80,80,0,2,91,1768,Charging
09:25:44,80,80,0,2,91,1768,Charging
09:25:44,80,80,0,2,91,1768,Charging
09:25:45,80,80,0,2,91,1768,Charging
09:25:45,80,80,0,2,91,1768,Charging
09:25:46,80,80,0,2,91,1768,Charging
09:25:46,80,80,0,2,91,1768,Charging
09:25:47,80,80,0,2,91,1768,Charging
09:25:47,80,80,0,2,91,1768,Charging
09:25:48,80,80,0,2,91,1768,Charging
09:25:48,80,80,0,2,91,1768,Charging
09:25:49,80,80,0,2,91,1768,Charging
09:25:49,80,80,0,2,91,1768,Charging
09:25:50,80,80,0,2,91,1768,Charging
09:25:50,80,80,0,2,91,1768,Charging
09:25:51,80,80,0,2,91,1768,Charging
09:25:51,80,80,0,2,91,1768,Charging
09:25:52,80,80,0,2,91,1768,Charging
09:25:52,80,80,0,2,91,1768,Charging
09:25:53,80,80,0,2,91,1768,Charging
09:25:53,80,80,0,2,91,1768,Charging
09:25:54,80,80,0,2,91,1768,Charging
09:25:54,80,80,0,2,91,1768,Charging
09:25:55,80,80,0,2,91,1768,Charging
09:25:55,80,80,0,2,91,1768,Charging
09:25:56,80,80,0,2,91,1768,Charging
09:25:56,80,80,0,2,91,1768,Charging
09:25:57,80,80,0,2,91,1768,Charging
09:25:57,80,80,0,2,91,1768,Charging
09:25:58,80,80,0,2,91,1734,Charging
09:25:58,80,80,0,2,91,1734,Charging
09:25:59,80,80,0,2,91,1734,Charging
09:25:59,80,80,0,2,91,1734,Charging
09:26:00,80,80,0,2,91,1734,Charging
09:26:00,80,80,0,2,91,1734,Charging
09:26:01,80,80,0,2,91,1734,Charging
09:26:01,80,80,0,2,91,1734,Charging
09:26:02,80,80,0,2,91,1734,Charging
09:26:02,80,80,0,2,91,1734,Charging
09:26:03,80,80,0,2,91,1734,Charging
09:26:03,80,80,0,2,91,1734,Charging
09:26:04,80,80,0,2,91,1734,Charging
09:26:04,80,80,0,2,91,1734,Charging
09:26:05,80,80,0,2,91,1734,Charging
09:26:05,80,80,0,2,91,1734,Charging
09:26:06,80,80,0,2,91,1734,Charging
09:26:06,80,80,0,2,91,1734,Charging
09:26:07,80,80,0,2,91,1734,Charging
09:26:07,80,80,0,2,91,1734,Charging
09:26:08,80,80,0,2,91,1734,Charging
09:26:08,80,80,0,2,91,1734,Charging
09:26:09,80,80,0,2,91,1734,Charging
09:26:09,80,80,0,2,91,1734,Charging
09:26:10,80,80,0,2,91,1734,Charging
09:26:10,80,80,0,2,91,1734,Charging
09:26:11,80,80,0,2,91,1734,Charging
09:26:11,80,80,0,2,91,1734,Charging
09:26:12,80,80,0,2,91,1734,Charging
09:26:12,80,80,0,2,91,1734,Charging
09:26:13,80,80,0,2,91,1734,Charging
09:26:13,80,80,0,2,91,1734,Charging
09:26:14,80,80,0,2,91,1734,Charging
09:26:14,80,80,0,2,91,1734,Charging
09:26:15,80,80,0,2,91,1734,Charging
09:26:15,80,80,0,2,91,1734,Charging
09:26:16,80,80,0,2,91,1734,Charging
09:26:16,80,80,0,2,91,1734,Charging
09:26:17,80,80,0,2,91,1734,Charging
09:26:17,80,80,0,2,91,1734,Charging
09:26:18,80,80,0,2,91,1734,Charging
09:26:18,80,80,0,2,91,1734,Charging
09:26:19,80,80,0,2,91,1734,Charging
09:26:19,80,80,0,2,91,1734,Charging
09:26:20,80,80,0,2,91,1734,Charging
09:26:20,80,80,0,2,91,1734,Charging
09:26:21,80,80,0,2,91,1734,Charging
09:26:21,80,80,0,2,91,1734,Charging
09:26:22,80,80,0,2,91,1734,Charging
09:26:22,80,80,0,2,91,1734,Charging
09:26:23,80,80,0,2,91,1734,Charging
09:26:23,80,80,0,2,91,1734,Charging
09:26:24,80,80,0,2,91,1734,Charging
09:26:24,80,80,0,2,91,1734,Charging
09:26:25,80,80,0,2,91,1734,Charging
09:26:25,80,80,0,2,91,1734,Charging
09:26:26,80,80,0,2,91,1734,Charging
09:26:26,80,80,0,2,91,1734,Charging
09:26:27,80,80,0,2,91,1734,Charging
09:26:27,80,80,0,2,91,1734,Charging
09:26:28,80,80,0,2,91,1734,Charging
09:26:28,80,80,0,2,91,1734,Charging
09:26:29,80,80,0,2,92,1734,Charging
09:26:29,80,80,0,2,92,1734,Charging
09:26:30,80,80,0,2,92,1700,Charging
09:26:30,80,80,0,2,92,1700,Charging
09:26:31,80,80,0,2,92,1700,Charging
09:26:31,80,80,0,2,92,1700,Charging
09:26:32,80,80,0,2,92,1700,Charging
09:26:32,80,80,0,2,92,1700,Charging
09:26:33,80,80,0,2,92,1700,Charging
09:26:33,80,80,0,2,92,1700,Charging
09:26:34,80,80,0,2,92,1700,Charging
09:26:34,80,80,0,2,92,1700,Charging
09:26:35,80,80,0,2,92,1700,Charging
09:26:35,80,80,0,2,92,1700,Charging
09:26:36,80,80,0,2,92,1700,Charging
09:26:36,80,80,0,2,92,1700,Charging
09:26:37,80,80,0,2,92,1700,Charging
09:26:37,80,80,0,2,92,1700,Charging
09:26:38,80,80,0,2,92,1700,Charging
09:26:38,80,80,0,2,92,1700,Charging
09:26:39,80,80,0,2,92,1700,Charging
09:26:39,80,80,0,2,92,1700,Charging
09:26:40,80,80,0,2,92,1700,Charging
09:26:40,80,80,0,2,92,1700,Charging
09:26:41,80,80,0,2,92,1700,Charging
09:26:41,80,80,0,2,92,1700,Charging
09:26:42,80,80,0,2,92,1700,Charging
09:26:42,80,80,0,2,92,1700,Charging
09:26:43,80,80,0,2,92,1700,Charging
09:26:43,80,80,0,2,92,1700,Charging
09:26:44,80,80,0,2,92,1700,Charging
09:26:44,80,80,0,2,92,1700,Charging
09:26:45,80,80,0,2,92,1700,Charging
09:26:45,80,80,0,2,92,1700,Charging
09:26:46,80,80,0,2,92,1700,Charging
09:26:46,80,80,0,2,92,1700,Charging
09:26:47,80,80,0,2,92,1700,Charging
09:26:47,80,80,0,2,92,1700,Charging
09:26:48,80,80,0,2,92,1666,Charging
09:26:48,80,80,0,2,92,1666,Charging
09:26:49,80,80,0,2,92,1666,Charging
09:26:49,80,80,0,2,92,1666,Charging
09:26:50,80,80,0,2,92,1666,Charging
09:26:50,80,80,0,2,92,1666,Charging
09:26:51,80,80,0,2,92,1666,Charging
09:26:51,80,80,0,2,92,1666,Charging
09:26:52,80,80,0,2,92,1666,Charging
09:26:52,80,80,0,2,92,1666,Charging
09:26:53,80,80,0,2,92,1666,Charging
09:26:53,80,80,0,2,92,1666,Charging
09:26:54,80,80,0,2,92,1666,Charging
09:26:54,80,80,0,2,92,1666,Charging
09:26:55,80,80,0,2,92,1666,Charging
09:26:55,80,80,0,2,92,1666,Charging
09:26:56,80,80,0,2,92,1666,Charging
09:26:56,80,80,0,2,92,1666,Charging
09:26:57,80,80,0,2,92,1666,Charging
09:26:57,80,80,0,2,92,1666,Charging
09:26:58,80,80,0,2,92,1666,Charging
09:26:58,80,80,0,2,92,1666,Charging
09:26:59,80,80,0,2,92,1666,Charging
09:26:59,80,80,0,2,92,1666,Charging
09:27:00,80,80,0,2,92,1666,Charging
09:27:00,80,80,0,2,92,1666,Charging
09:27:01,80,80,0,2,92,1666,Charging
09:27:01,80,80,0,2,92,1666,Charging
09:27:02,80,80,0,2,92,1666,Charging
09:27:02,80,80,0,2,92,1666,Charging
09:27:03,80,80,0,2,92,1666,Charging
09:27:03,80,80,0,2,92,1666,Charging
09:27:04,80,80,0,2,92,1666,Charging
09:27:04,80,80,0,2,92,1666,Charging
09:27:05,80,80,0,2,92,1666,Charging
09:27:05,80,80,0,2,92,1666,Charging
09:27:06,80,80,0,2,92,1666,Charging
09:27:06,80,80,0,2,92,1666,Charging
09:27:07,80,80,0,2,92,1666,Charging
09:27:07,80,80,0,2,92,1666,Charging
09:27:08,80,80,0,2,92,1666,Charging
09:27:08,80,80,0,2,92,1666,Charging
09:27:09,80,80,0,2,92,1666,Charging
09:27:09,80,80,0,2,92,1666,Charging
09:27:10,80,80,0,2,92,1666,Charging
09:27:10,80,80,0,2,92,1666,Charging
09:27:11,80,80,0,2,92,1666,Charging
09:27:11,80,80,0,2,92,1666,Charging
09:27:12,80,80,0,2,92,1666,Charging
09:27:12,80,80,0,2,92,1666,Charging
09:27:13,80,80,0,2,92,1666,Charging
09:27:13,80,80,0,2,92,1666,Charging
09:27:14,80,80,0,2,92,1666,Charging
09:27:14,80,80,0,2,92,1666,Charging
09:27:15,80,80,0,2,92,1632,Charging
09:27:15,80,80,0,2,92,1632,Charging
09:27:16,80,80,0,2,92,1632,Charging
09:27:16,80,80,0,2,92,1632,Charging
09:27:17,80,80,0,2,92,1632,Charging
09:27:17,80,80,0,2,92,1632,Charging
09:27:18,80,80,0,2,92,1632,Charging
09:27:18,80,80,0,2,92,1632,Charging
09:27:19,80,80,0,2,92,1632,Charging
09:27:19,80,80,0,2,92,1632,Charging
09:27:20,80,80,0,2,92,1632,Charging
09:27:20,80,80,0,2,92,1632,Charging
09:27:21,80,80,0,2,92,1632,Charging
09:27:21,80,80,0,2,92,1632,Charging
09:27:22,80,80,0,2,92,1632,Charging
09:27:22,80,80,0,2,92,1632,Charging
09:27:23,80,80,0,2,92,1632,Charging
09:27:23,80,80,0,2,92,1632,Charging
09:27:24,80,80,0,2,92,1632,Charging
09:27:24,80,80,0,2,92,1632,Charging
09:27:25,80,80,0,2,92,1632,Charging
09:27:25,80,80,0,2,92,1632,Charging
09:27:26,80,80,0,2,92,1632,Charging
09:27:26,80,80,0,2,92,1632,Charging
09:27:27,80,80,0,2,92,1632,Charging
09:27:27,80,80,0,2,92,1632,Charging
09:27:28,80,80,0,2,92,1632,Charging
09:27:28,80,80,0,2,92,1632,Charging
09:27:29,80,80,0,2,92,1632,Charging
09:27:29,80,80,0,2,92,1632,Charging
09:27:30,80,80,0,2,92,1632,Charging
09:27:30,80,80,0,2,92,1632,Charging
09:27:31,80,80,0,2,92,1632,Charging
09:27:31,80,80,0,2,92,1632,Charging
09:27:32,80,80,0,2,92,1632,Charging
09:27:32,80,80,0,2,92,1632,Charging
09:27:33,80,80,0,2,92,1632,Charging
09:27:33,80,80,0,2,92,1632,Charging
09:27:34,80,80,0,2,92,1632,Charging
09:27:34,80,80,0,2,92,1632,Charging
09:27:35,80,80,0,2,92,1632,Charging
09:27:35,80,80,0,2,92,1632,Charging
09:27:36,80,80,0,2,92,1632,Charging
09:27:36,80,80,0,2,92,1632,Charging
09:27:37,80,80,0,2,92,1632,Charging
09:27:37,80,80,0,2,92,1632,Charging
09:27:38,80,80,0,2,92,1632,Charging
09:27:38,80,80,0,2,92,1632,Charging
09:27:39,80,80,0,2,92,1632,Charging
09:27:39,80,80,0,2,92,1632,Charging
09:27:40,80,80,0,2,92,1632,Charging
09:27:40,80,80,0,2,92,1632,Charging
09:27:41,80,80,0,2,92,1632,Charging
09:27:41,80,80,0,2,92,1632,Charging
09:27:42,80,80,0,2,92,1632,Charging
09:27:42,80,80,0,2,92,1632,Charging
09:27:43,80,80,0,2,92,1632,Charging
09:27:43,80,80,0,2,92,1632,Charging
09:27:44,80,80,0,2,92,1632,Charging
09:27:44,80,80,0,2,92,1632,Charging
09:27:45,80,80,0,2,92,1598,Charging
09:27:45,80,80,0,2,92,1598,Charging
09:27:46,80,80,0,2,92,1598,Charging
09:27:46,80,80,0,2,92,1598,Charging
09:27:47,80,80,0,2,92,1598,Charging
09:27:47,80,80,0,2,92,1598,Charging
09:27:48,80,80,0,2,92,1598,Charging
09:27:48,80,80,0,2,92,1598,Charging
09:27:49,80,80,0,2,92,1598,Charging
09:27:49,80,80,0,2,92,1598,Charging
09:27:50,80,80,0,2,92,1598,Charging
09:27:50,80,80,0,2,92,1598,Charging
09:27:51,80,80,0,2,92,1598,Charging
09:27:51,80,80,0,2,92,1598,Charging
09:27:52,80,80,0,2,92,1598,Charging
09:27:52,80,80,0,2,92,1598,Charging
09:27:53,80,80,0,2,92,1598,Charging
09:27:53,80,80,0,2,92,1598,Charging
09:27:54,80,80,0,2,92,1598,Charging
09:27:54,80,80,0,2,92,1598,Charging
09:27:55,80,80,0,2,92,1598,Charging
09:27:55,80,80,0,2,92,1598,Charging
09:27:56,80,80,0,2,92,1598,Charging
09:27:56,80,80,0,2,92,1598,Charging
09:27:57,80,80,0,2,92,1598,Charging
09:27:57,80,80,0,2,92,1598,Charging
09:27:58,80,80,0,2,92,1598,Charging
09:27:58,80,80,0,2,92,1598,Charging
09:27:59,80,80,0,2,92,1598,Charging
09:27:59,80,80,0,2,92,1598,Charging
09:28:00,80,80,0,2,92,1598,Charging
09:28:00,80,80,0,2,92,1598,Charging
09:28:01,80,80,0,2,92,1598,Charging
09:28:01,80,80,0,2,92,1598,Charging
09:28:02,80,80,0,2,92,1598,Charging
09:28:02,80,80,0,2,92,1598,Charging
09:28:03,80,80,0,2,92,1564,Charging
09:28:03,80,80,0,2,92,1564,Charging
09:28:04,80,80,0,2,92,1564,Charging
09:28:04,80,80,0,2,92,1564,Charging
09:28:05,80,80,0,2,92,1564,Charging
09:28:05,80,80,0,2,92,1564,Charging
09:28:06,80,80,0,2,92,1564,Charging
09:28:06,80,80,0,2,92,1564,Charging
09:28:07,80,80,0,2,92,1564,Charging
09:28:07,80,80,0,2,92,1564,Charging
09:28:08,80,80,0,2,92,1564,Charging
09:28:08,80,80,0,2,92,1564,Charging
09:28:09,80,80,0,2,92,1564,Charging
09:28:09,80,80,0,2,92,1564,Charging
09:28:10,80,80,0,2,92,1564,Charging
09:28:10,80,80,0,2,92,1564,Charging
09:28:11,80,80,0,2,92,1564,Charging
09:28:11,80,80,0,2,92,1564,Charging
09:28:12,80,80,0,2,92,1564,Charging
09:28:12,80,80,0,2,92,1564,Charging
09:28:13,80,80,0,2,92,1564,Charging
09:28:13,80,80,0,2,92,1564,Charging
09:28:14,80,80,0,2,92,1564,Charging
09:28:14,80,80,0,2,92,1564,Charging
09:28:15,80,80,0,2,92,1564,Charging
09:28:15,80,80,0,2,92,1564,Charging
09:28:16,80,80,0,2,92,1564,Charging
09:28:16,80,80,0,2,92,1564,Charging
09:28:17,80,80,0,2,92,1564,Charging
09:28:17,80,80,0,2,92,1564,Charging
09:28:18,80,80,0,2,92,1564,Charging
09:28:18,80,80,0,2,92,1564,Charging
09:28:19,80,80,0,2,92,1564,Charging
09:28:19,80,80,0,2,92,1564,Charging
09:28:20,80,80,0,2,92,1564,Charging
09:28:20,80,80,0,2,92,1564,Charging
09:28:21,80,80,0,2,92,1564,Charging
09:28:21,80,80,0,2,92,1564,Charging
09:28:22,80,80,0,2,92,1564,Charging
09:28:22,80,80,0,2,92,1564,Charging
09:28:23,80,80,0,2,92,1564,Charging
09:28:23,80,80,0,2,92,1564,Charging
09:28:24,80,80,0,2,92,1564,Charging
09:28:24,80,80,0,2,92,1564,Charging
09:28:25,80,80,0,2,92,1564,Charging
09:28:25,80,80,0,2,92,1564,Charging
09:28:26,80,80,0,2,92,1564,Charging
09:28:26,80,80,0,2,92,1564,Charging
09:28:27,80,80,0,2,92,1564,Charging
09:28:27,80,80,0,2,92,1564,Charging
09:28:28,80,80,0,2,92,1564,Charging
09:28:28,80,80,0,2,92,1564,Charging
09:28:29,80,80,0,2,92,1564,Charging
09:28:29,80,80,0,2,92,1564,Charging
09:28:30,80,80,0,2,92,1564,Charging
09:28:30,80,80,0,2,92,1564,Charging
09:28:31,80,80,0,2,92,1564,Charging
09:28:31,80,80,0,2,92,1564,Charging
09:28:32,80,80,0,2,92,1564,Charging
09:28:32,80,80,0,2,92,1564,Charging
09:28:33,80,80,0,2,92,1564,Charging
09:28:33,80,80,0,2,92,1564,Charging
09:28:34,80,80,0,2,92,1530,Charging
09:28:34,80,80,0,2,92,1530,Charging
09:28:35,80,80,0,2,92,1530,Charging
09:28:35,80,80,0,2,92,1530,Charging
09:28:36,80,80,0,2,92,1530,Charging
09:28:36,80,80,0,2,92,1530,Charging
09:28:37,80,80,0,2,92,1530,Charging
09:28:37,80,80,0,2,92,1530,Charging
09:28:38,80,80,0,2,92,1530,Charging
09:28:38,80,80,0,2,92,1530,Charging
09:28:39,80,80,0,2,92,1530,Charging
09:28:39,80,80,0,2,92,1530,Charging
09:28:40,80,80,0,2,92,1530,Charging
09:28:41,80,80,0,2,92,1530,Charging
09:28:41,80,80,0,2,92,1530,Charging
09:28:42,80,80,0,2,92,1530,Charging
09:28:42,80,80,0,2,92,1530,Charging
09:28:43,80,80,0,2,92,1530,Charging
09:28:43,80,80,0,2,92,1530,Charging
09:28:44,80,80,0,2,92,1530,Charging
09:28:44,80,80,0,2,92,1530,Charging
09:28:45,80,80,0,2,92,1530,Charging
09:28:45,80,80,0,2,92,1530,Charging
09:28:46,80,80,0,2,92,1530,Charging
09:28:46,80,80,0,2,92,1530,Charging
09:28:47,80,80,0,2,92,1530,Charging
09:28:47,80,80,0,2,92,1530,Charging
09:28:48,80,80,0,2,92,1530,Charging
09:28:48,80,80,0,2,92,1530,Charging
09:28:49,80,80,0,2,92,1530,Charging
09:28:49,80,80,0,2,92,1530,Charging
09:28:50,80,80,0,2,92,1530,Charging
09:28:50,80,80,0,2,92,1530,Charging
09:28:51,80,80,0,2,92,1530,Charging
09:28:51,80,80,0,2,93,1530,Charging
09:28:52,80,80,0,2,93,1530,Charging
09:28:52,80,80,0,2,93,1496,Charging
09:28:53,80,80,0,2,93,1496,Charging
09:28:53,80,80,0,2,93,1496,Charging
09:28:54,80,80,0,2,93,1496,Charging
09:28:54,80,80,0,2,93,1496,Charging
09:28:55,80,80,0,2,93,1496,Charging
09:28:55,80,80,0,2,93,1496,Charging
09:28:56,80,80,0,2,93,1496,Charging
09:28:56,80,80,0,2,93,1496,Charging
09:28:57,80,80,0,2,93,1496,Charging
09:28:57,80,80,0,2,93,1496,Charging
09:28:58,80,80,0,2,93,1496,Charging
09:28:58,80,80,0,2,93,1496,Charging
09:28:59,80,80,0,2,93,1496,Charging
09:28:59,80,80,0,2,93,1496,Charging
09:29:00,80,80,0,2,93,1496,Charging
09:29:00,80,80,0,2,93,1496,Charging
09:29:01,80,80,0,2,93,1496,Charging
09:29:01,80,80,0,2,93,1496,Charging
09:29:02,80,80,0,2,93,1496,Charging
09:29:02,80,80,0,2,93,1496,Charging
09:29:03,80,80,0,2,93,1496,Charging
09:29:03,80,80,0,2,93,1496,Charging
09:29:04,80,80,0,2,93,1496,Charging
09:29:04,80,80,0,2,93,1496,Charging
09:29:05,80,80,0,2,93,1496,Charging
09:29:05,80,80,0,2,93,1496,Charging
09:29:06,80,80,0,2,93,1496,Charging
09:29:06,80,80,0,2,93,1496,Charging
09:29:07,80,80,0,2,93,1496,Charging
09:29:07,80,80,0,2,93,1496,Charging
09:29:08,80,80,0,2,93,1496,Charging
09:29:08,80,80,0,2,93,1496,Charging
09:29:09,80,80,0,2,93,1496,Charging
09:29:09,80,80,0,2,93,1496,Charging
09:29:10,80,80,0,2,93,1496,Charging
09:29:10,80,80,0,2,93,1496,Charging
09:29:11,80,80,0,2,93,1496,Charging
09:29:11,80,80,0,2,93,1496,Charging
09:29:12,80,80,0,2,93,1496,Charging
09:29:12,80,80,0,2,93,1496,Charging
09:29:13,80,80,0,2,93,1496,Charging
09:29:13,80,80,0,2,93,1496,Charging
09:29:14,80,80,0,2,93,1496,Charging
09:29:14,80,80,0,2,93,1496,Charging
09:29:15,80,80,0,2,93,1496,Charging
09:29:15,80,80,0,2,93,1496,Charging
09:29:16,80,80,0,2,93,1496,Charging
09:29:16,80,80,0,2,93,1496,Charging
09:29:17,80,80,0,2,93,1496,Charging
09:29:17,80,80,0,2,93,1496,Charging
09:29:18,80,80,0,2,93,1496,Charging
09:29:18,80,80,0,2,93,1496,Charging
09:29:19,80,80,0,2,93,1496,Charging
09:29:19,80,80,0,2,93,1496,Charging
09:29:20,80,80,0,2,93,1496,Charging
09:29:20,80,80,0,2,93,1496,Charging
09:29:21,80,80,0,2,93,1496,Charging
09:29:21,80,80,0,2,93,1496,Charging
09:29:22,80,80,0,2,93,1496,Charging
09:29:22,80,80,0,2,93,1462,Charging
09:29:23,80,80,0,2,93,1462,Charging
09:29:23,80,80,0,2,93,1462,Charging
09:29:24,80,80,0,2,93,1462,Charging
09:29:24,80,80,0,2,93,1462,Charging
09:29:25,80,80,0,2,93,1462,Charging
09:29:25,80,80,0,2,93,1462,Charging
09:29:26,80,80,0,2,93,1462,Charging
09:29:26,80,80,0,2,93,1462,Charging
09:29:27,80,80,0,2,93,1462,Charging
09:29:27,80,80,0,2,93,1462,Charging
09:29:28,80,80,0,2,93,1462,Charging
09:29:28,80,80,0,2,93,1462,Charging
09:29:29,80,80,0,2,93,1462,Charging
09:29:29,80,80,0,2,93,1462,Charging
09:29:30,80,80,0,2,93,1462,Charging
09:29:30,80,80,0,2,93,1462,Charging
09:29:31,80,80,0,2,93,1462,Charging
09:29:31,80,80,0,2,93,1462,Charging
09:29:32,80,80,0,2,93,1462,Charging
09:29:32,80,80,0,2,93,1462,Charging
09:29:33,80,80,0,2,93,1462,Charging
09:29:33,80,80,0,2,93,1462,Charging
09:29:34,80,80,0,2,93,1462,Charging
09:29:34,80,80,0,2,93,1462,Charging
09:29:35,80,80,0,2,93,1462,Charging
09:29:35,80,80,0,2,93,1462,Charging
09:29:36,80,80,0,2,93,1462,Charging
09:29:36,80,80,0,2,93,1462,Charging
09:29:37,80,80,0,2,93,1462,Charging
09:29:37,80,80,0,2,93,1462,Charging
09:29:38,80,80,0,2,93,1462,Charging
09:29:38,80,80,0,2,93,1462,Charging
09:29:39,80,80,0,2,93,1462,Charging
09:29:39,80,80,0,2,93,1462,Charging
09:29:40,80,80,0,2,93,1462,Charging
09:29:40,80,80,0,2,93,1462,Charging
09:29:41,80,80,0,2,93,1462,Charging
09:29:41,80,80,0,2,93,1462,Charging
09:29:42,80,80,0,2,93,1462,Charging
09:29:42,80,80,0,2,93,1462,Charging
09:29:43,80,80,0,2,93,1462,Charging
09:29:43,80,80,0,2,93,1462,Charging
09:29:44,80,80,0,2,93,1462,Charging
09:29:44,80,80,0,2,93,1462,Charging
09:29:45,80,80,0,2,93,1462,Charging
09:29:45,80,80,0,2,93,1462,Charging
09:29:46,80,80,0,2,93,1462,Charging
09:29:46,80,80,0,2,93,1462,Charging
09:29:47,80,80,0,2,93,1462,Charging
09:29:47,80,80,0,2,93,1462,Charging
09:29:48,80,80,0,2,93,1462,Charging
09:29:48,80,80,0,2,93,1462,Charging
09:29:49,80,80,0,2,93,1462,Charging
09:29:49,80,80,0,2,93,1462,Charging
09:29:50,80,80,0,2,93,1462,Charging
09:29:50,80,80,0,2,93,1462,Charging
09:29:51,80,80,0,2,93,1462,Charging
09:29:51,80,80,0,2,93,1462,Charging
09:29:52,80,80,0,2,93,1462,Charging
09:29:52,80,80,0,2,93,1462,Charging
09:29:53,80,80,0,2,93,1462,Charging
09:29:53,80,80,0,2,93,1462,Charging
09:29:54,80,80,0,2,93,1462,Charging
09:29:54,80,80,0,2,93,1428,Charging
09:29:55,80,80,0,2,93,1428,Charging
09:29:55,80,80,0,2,93,1428,Charging
09:29:56,80,80,0,2,93,1428,Charging
09:29:56,80,80,0,2,93,1428,Charging
09:29:57,80,80,0,2,93,1428,Charging
09:29:57,80,80,0,2,93,1428,Charging
09:29:58,80,80,0,2,93,1428,Charging
09:29:58,80,80,0,2,93,1428,Charging
09:29:59,80,80,0,2,93,1428,Charging
09:29:59,80,80,0,2,93,1428,Charging
09:30:00,80,80,0,2,93,1428,Charging
09:30:00,80,80,0,2,93,1428,Charging
09:30:01,80,80,0,2,93,1428,Charging
09:30:01,80,80,0,2,93,1428,Charging
09:30:02,80,80,0,2,93,1428,Charging
09:30:02,80,80,0,2,93,1428,Charging
09:30:03,80,80,0,2,93,1428,Charging
09:30:03,80,80,0,2,93,1428,Charging
09:30:04,80,80,0,2,93,1428,Charging
09:30:04,80,80,0,2,93,1428,Charging
09:30:05,80,80,0,2,93,1428,Charging
09:30:05,80,80,0,2,93,1428,Charging
09:30:06,80,80,0,2,93,1428,Charging
09:30:06,80,80,0,2,93,1428,Charging
09:30:07,80,80,0,2,93,1428,Charging
09:30:07,80,80,0,2,93,1428,Charging
09:30:08,80,80,0,2,93,1428,Charging
09:30:08,80,80,0,2,93,1428,Charging
09:30:09,80,80,0,2,93,1428,Charging
09:30:09,80,80,0,2,93,1428,Charging
09:30:10,80,80,0,2,93,1428,Charging
09:30:10,80,80,0,2,93,1428,Charging
09:30:11,80,80,0,2,93,1428,Charging
09:30:11,80,80,0,2,93,1428,Charging
09:30:12,80,80,0,2,93,1428,Charging
09:30:12,80,80,0,2,93,1428,Charging
09:30:13,80,80,0,2,93,1428,Charging
09:30:13,80,80,0,2,93,1428,Charging
09:30:14,80,80,0,2,93,1428,Charging
09:30:14,80,80,0,2,93,1428,Charging
09:30:15,80,80,0,2,93,1428,Charging
09:30:15,80,80,0,2,93,1428,Charging
09:30:16,80,80,0,2,93,1428,Charging
09:30:16,80,80,0,2,93,1428,Charging
09:30:17,80,80,0,2,93,1428,Charging
09:30:17,80,80,0,2,93,1428,Charging
09:30:18,80,80,0,2,93,1428,Charging
09:30:18,80,80,0,2,93,1394,Charging
09:30:19,80,80,0,2,93,1394,Charging
09:30:19,80,80,0,2,93,1394,Charging
09:30:20,80,80,0,2,93,1394,Charging
09:30:20,80,80,0,2,93,1394,Charging
09:30:21,80,80,0,2,93,1394,Charging
09:30:21,80,80,0,2,93,1394,Charging
09:30:22,80,80,0,2,93,1394,Charging
09:30:22,80,80,0,2,93,1394,Charging
09:30:23,80,80,0,2,93,1394,Charging
09:30:23,80,80,0,2,93,1394,Charging
09:30:24,80,80,0,2,93,1394,Charging
09:30:24,80,80,0,2,93,1394,Charging
09:30:25,80,80,0,2,93,1394,Charging
09:30:25,80,80,0,2,93,1394,Charging
09:30:26,80,80,0,2,93,1394,Charging
09:30:26,80,80,0,2,93,1394,Charging
09:30:27,80,80,0,2,93,1394,Charging
09:30:27,80,80,0,2,93,1394,Charging
09:30:28,80,80,0,2,93,1394,Charging
09:30:28,80,80,0,2,93,1394,Charging
09:30:29,80,80,0,2,93,1394,Charging
09:30:29,80,80,0,2,93,1394,Charging
09:30:30,80,80,0,2,93,1394,Charging
09:30:30,80,80,0,2,93,1394,Charging
09:30:31,80,80,0,2,93,1394,Charging
09:30:31,80,80,0,2,93,1394,Charging
09:30:32,80,80,0,2,93,1394,Charging
09:30:32,80,80,0,2,93,1394,Charging
09:30:33,80,80,0,2,93,1394,Charging
09:30:33,80,80,0,2,93,1394,Charging
09:30:34,80,80,0,2,93,1394,Charging
09:30:34,80,80,0,2,93,1394,Charging
09:30:35,80,80,0,2,93,1394,Charging
09:30:35,80,80,0,2,93,1394,Charging
09:30:36,80,80,0,2,93,1394,Charging
09:30:36,80,80,0,2,93,1394,Charging
09:30:37,80,80,0,2,93,1394,Charging
09:30:37,80,80,0,2,93,1394,Charging
09:30:38,80,80,0,2,93,1394,Charging
09:30:38,80,80,0,2,93,1394,Charging
09:30:39,80,80,0,2,93,1394,Charging
09:30:39,80,80,0,2,93,1394,Charging
09:30:40,80,80,0,2,93,1394,Charging
09:30:40,80,80,0,2,93,1394,Charging
09:30:41,80,80,0,2,93,1394,Charging
09:30:41,80,80,0,2,93,1394,Charging
09:30:42,80,80,0,2,93,1394,Charging
09:30:42,80,80,0,2,93,1394,Charging
09:30:43,80,80,0,2,93,1394,Charging
09:30:43,80,80,0,2,93,1394,Charging
09:30:44,80,80,0,2,93,1394,Charging
09:30:44,80,80,0,2,93,1394,Charging
09:30:45,80,80,0,2,93,1394,Charging
09:30:45,80,80,0,2,93,1394,Charging
09:30:46,80,80,0,2,93,1394,Charging
09:30:46,80,80,0,2,93,1394,Charging
09:30:47,80,80,0,2,93,1394,Charging
09:30:47,80,80,0,2,93,1394,Charging
09:30:48,80,80,0,2,93,1394,Charging
09:30:48,80,80,0,2,93,1394,Charging
09:30:49,80,80,0,2,93,1394,Charging
09:30:49,80,80,0,2,93,1394,Charging
09:30:50,80,80,0,2,93,1394,Charging
09:30:50,80,80,0,2,93,1394,Charging
09:30:51,80,80,0,2,93,1394,Charging
09:30:51,80,80,0,2,93,1394,Charging
09:30:52,80,80,0,2,93,1394,Charging
09:30:52,80,80,0,2,93,1394,Charging
09:30:53,80,80,0,2,93,1394,Charging
09:30:53,80,80,0,2,93,1360,Charging
09:30:54,80,80,0,2,93,1360,Charging
09:30:54,80,80,0,2,93,1360,Charging
09:30:55,80,80,0,2,93,1360,Charging
09:30:55,80,80,0,2,93,1360,Charging
09:30:56,80,80,0,2,93,1360,Charging
09:30:56,80,80,0,2,93,1360,Charging
09:30:57,80,80,0,2,93,1360,Charging
09:30:57,80,80,0,2,93,1360,Charging
09:30:58,80,80,0,2,93,1360,Charging
09:30:58,80,80,0,2,93,1360,Charging
09:30:59,80,80,0,2,93,1360,Charging
09:30:59,80,80,0,2,93,1360,Charging
09:31:00,80,80,0,2,93,1360,Charging
09:31:00,80,80,0,2,93,1360,Charging
09:31:01,80,80,0,2,93,1360,Charging
09:31:01,80,80,0,2,93,1360,Charging
09:31:02,80,80,0,2,93,1360,Charging
09:31:02,80,80,0,2,93,1360,Charging
09:31:03,80,80,0,2,93,1360,Charging
09:31:03,80,80,0,2,93,1360,Charging
09:31:04,80,80,0,2,93,1360,Charging
09:31:04,80,80,0,2,93,1360,Charging
09:31:05,80,80,0,2,93,1360,Charging
09:31:05,80,80,0,2,93,1360,Charging
09:31:06,80,80,0,2,93,1360,Charging
09:31:06,80,80,0,2,93,1360,Charging
09:31:07,80,80,0,2,93,1360,Charging
09:31:07,80,80,0,2,93,1360,Charging
09:31:08,80,80,0,2,93,1360,Charging
09:31:08,80,80,0,2,93,1360,Charging
09:31:09,80,80,0,2,93,1360,Charging
09:31:09,80,80,0,2,93,1360,Charging
09:31:10,80,80,0,2,93,1360,Charging
09:31:10,80,80,0,2,93,1360,Charging
09:31:11,80,80,0,2,93,1360,Charging
09:31:11,80,80,0,2,93,1360,Charging
09:31:12,80,80,0,2,93,1360,Charging
09:31:12,80,80,0,2,93,1360,Charging
09:31:13,80,80,0,2,93,1360,Charging
09:31:13,80,80,0,2,93,1360,Charging
09:31:14,80,80,0,2,93,1360,Charging
09:31:14,80,80,0,2,93,1360,Charging
09:31:15,80,80,0,2,93,1360,Charging
09:31:15,80,80,0,2,93,1360,Charging
09:31:16,80,80,0,2,93,1360,Charging
09:31:16,80,80,0,2,93,1360,Charging
09:31:17,80,80,0,2,93,1360,Charging
09:31:17,80,80,0,2,93,1360,Charging
09:31:18,80,80,0,2,93,1360,Charging
09:31:18,80,80,0,2,93,1360,Charging
09:31:19,80,80,0,2,93,1360,Charging
09:31:19,80,80,0,2,93,1360,Charging
09:31:20,80,80,0,2,93,1360,Charging
09:31:20,80,80,0,2,93,1360,Charging
09:31:21,80,80,0,2,93,1360,Charging
09:31:21,80,80,0,2,93,1360,Charging
09:31:22,80,80,0,2,93,1360,Charging
09:31:22,80,80,0,2,93,1360,Charging
09:31:23,80,80,0,2,93,1360,Charging
09:31:23,80,80,0,2,93,1360,Charging
09:31:24,80,80,0,2,93,1360,Charging
09:31:24,80,80,0,2,93,1326,Charging
09:31:25,80,80,0,2,93,1326,Charging
09:31:25,80,80,0,2,93,1326,Charging
09:31:26,80,80,0,2,93,1326,Charging
09:31:26,80,80,0,2,93,1326,Charging
09:31:27,80,80,0,2,93,1326,Charging
09:31:27,80,80,0,2,93,1326,Charging
09:31:28,80,80,0,2,93,1326,Charging
09:31:28,80,80,0,2,93,1326,Charging
09:31:29,80,80,0,2,93,1326,Charging
09:31:29,80,80,0,2,93,1326,Charging
09:31:30,80,80,0,2,93,1326,Charging
09:31:30,80,80,0,2,93,1326,Charging
09:31:31,80,80,0,2,93,1326,Charging
09:31:31,80,80,0,2,93,1326,Charging
09:31:32,80,80,0,2,93,1326,Charging
09:31:32,80,80,0,2,93,1326,Charging
09:31:33,80,80,0,2,93,1326,Charging
09:31:33,80,80,0,2,94,1326,Charging
09:31:34,80,80,0,2,94,1326,Charging
09:31:34,80,80,0,2,94,1326,Charging
09:31:35,80,80,0,2,94,1326,Charging
09:31:35,80,80,0,2,94,1326,Charging
09:31:36,80,80,0,2,94,1326,Charging
09:31:36,80,80,0,2,94,1326,Charging
09:31:37,80,80,0,2,94,1326,Charging
09:31:37,80,80,0,2,94,1326,Charging
09:31:38,80,80,0,2,94,1326,Charging
09:31:38,80,80,0,2,94,1326,Charging
09:31:39,80,80,0,2,94,1326,Charging
09:31:39,80,80,0,2,94,1326,Charging
09:31:40,80,80,0,2,94,1326,Charging
09:31:40,80,80,0,2,94,1326,Charging
09:31:41,80,80,0,2,94,1326,Charging
09:31:41,80,80,0,2,94,1326,Charging
09:31:42,80,80,0,2,94,1326,Charging
09:31:42,80,80,0,2,94,1326,Charging
09:31:43,80,80,0,2,94,1326,Charging
09:31:43,80,80,0,2,94,1326,Charging
09:31:44,80,80,0,2,94,1326,Charging
09:31:44,80,80,0,2,94,1326,Charging
09:31:45,80,80,0,2,94,1326,Charging
09:31:45,80,80,0,2,94,1292,Charging
09:31:46,80,80,0,2,94,1292,Charging
09:31:46,80,80,0,2,94,1292,Charging
09:31:47,80,80,0,2,94,1292,Charging
09:31:47,80,80,0,2,94,1292,Charging
09:31:48,80,80,0,2,94,1292,Charging
09:31:48,80,80,0,2,94,1292,Charging
09:31:49,80,80,0,2,94,1292,Charging
09:31:49,80,80,0,2,94,1292,Charging
09:31:50,80,80,0,2,94,1292,Charging
09:31:50,80,80,0,2,94,1292,Charging
09:31:51,80,80,0,2,94,1292,Charging
09:31:51,80,80,0,2,94,1292,Charging
09:31:52,80,80,0,2,94,1292,Charging
09:31:52,80,80,0,2,94,1292,Charging
09:31:53,80,80,0,2,94,1292,Charging
09:31:53,80,80,0,2,94,1292,Charging
09:31:54,80,80,0,2,94,1292,Charging
09:31:54,80,80,0,2,94,1292,Charging
09:31:55,80,80,0,2,94,1292,Charging
09:31:55,80,80,0,2,94,1292,Charging
09:31:56,80,80,0,2,94,1292,Charging
09:31:56,80,80,0,2,94,1292,Charging
09:31:57,80,80,0,2,94,1292,Charging
09:31:57,80,80,0,2,94,1292,Charging
09:31:58,80,80,0,2,94,1292,Charging
09:31:58,80,80,0,2,94,1292,Charging
09:31:59,80,80,0,2,94,1292,Charging
09:31:59,80,80,0,2,94,1292,Charging
09:32:00,80,80,0,2,94,1292,Charging
09:32:00,80,80,0,2,94,1292,Charging
09:32:01,80,80,0,2,94,1292,Charging
09:32:01,80,80,0,2,94,1292,Charging
09:32:02,80,80,0,2,94,1292,Charging
09:32:02,80,80,0,2,94,1292,Charging
09:32:03,80,80,0,2,94,1292,Charging
09:32:03,80,80,0,2,94,1292,Charging
09:32:04,80,80,0,2,94,1292,Charging
09:32:04,80,80,0,2,94,1292,Charging
09:32:05,80,80,0,2,94,1292,Charging
09:32:05,80,80,0,2,94,1292,Charging
09:32:06,80,80,0,2,94,1292,Charging
09:32:06,80,80,0,2,94,1292,Charging
09:32:07,80,80,0,2,94,1292,Charging
09:32:07,80,80,0,2,94,1292,Charging
09:32:08,80,80,0,2,94,1292,Charging
09:32:08,80,80,0,2,94,1292,Charging
09:32:09,80,80,0,2,94,1292,Charging
09:32:09,80,80,0,2,94,1292,Charging
09:32:10,80,80,0,2,94,1292,Charging
09:32:10,80,80,0,2,94,1292,Charging
09:32:11,80,80,0,2,94,1292,Charging
09:32:11,80,80,0,2,94,1292,Charging
09:32:12,80,80,0,2,94,1292,Charging
09:32:12,80,80,0,2,94,1292,Charging
09:32:13,80,80,0,2,94,1292,Charging
09:32:13,80,80,0,2,94,1292,Charging
09:32:14,80,80,0,2,94,1292,Charging
09:32:14,80,80,0,2,94,1292,Charging
09:32:15,80,80,0,2,94,1292,Charging
09:32:15,80,80,0,2,94,1292,Charging
09:32:16,80,80,0,2,94,1292,Charging
09:32:16,80,80,0,2,94,1292,Charging
09:32:17,80,80,0,2,94,1292,Charging
09:32:17,80,80,0,2,94,1292,Charging
09:32:18,80,80,0,2,94,1292,Charging
09:32:18,80,80,0,2,94,1292,Charging
09:32:19,80,80,0,2,94,1292,Charging
09:32:19,80,80,0,2,94,1292,Charging
09:32:20,80,80,0,2,94,1292,Charging
09:32:20,80,80,0,2,94,1292,Charging
09:32:21,80,80,0,2,94,1292,Charging
09:32:21,80,80,0,2,94,1292,Charging
09:32:22,80,80,0,2,94,1292,Charging
09:32:22,80,80,0,2,94,1258,Charging
09:32:23,80,80,0,2,94,1258,Charging
09:32:23,80,80,0,2,94,1258,Charging
09:32:24,80,80,0,2,94,1258,Charging
09:32:24,80,80,0,2,94,1258,Charging
09:32:25,80,80,0,2,94,1258,Charging
09:32:25,80,80,0,2,94,1258,Charging
09:32:26,80,80,0,2,94,1258,Charging
09:32:26,80,80,0,2,94,1258,Charging
09:32:27,80,80,0,2,94,1258,Charging
09:32:27,80,80,0,2,94,1258,Charging
09:32:28,80,80,0,2,94,1258,Charging
09:32:28,80,80,0,2,94,1258,Charging
09:32:29,80,80,0,2,94,1258,Charging
09:32:29,80,80,0,2,94,1258,Charging
09:32:30,80,80,0,2,94,1258,Charging
09:32:30,80,80,0,2,94,1258,Charging
09:32:31,80,80,0,2,94,1258,Charging
09:32:31,80,80,0,2,94,1258,Charging
09:32:32,80,80,0,2,94,1258,Charging
09:32:32,80,80,0,2,94,1258,Charging
09:32:33,80,80,0,2,94,1258,Charging
09:32:33,80,80,0,2,94,1258,Charging
09:32:34,80,80,0,2,94,1258,Charging
09:32:34,80,80,0,2,94,1258,Charging
09:32:35,80,80,0,2,94,1258,Charging
09:32:35,80,80,0,2,94,1258,Charging
09:32:36,80,80,0,2,94,1258,Charging
09:32:36,80,80,0,2,94,1258,Charging
09:32:37,80,80,0,2,94,1258,Charging
09:32:37,80,80,0,2,94,1258,Charging
09:32:38,80,80,0,2,94,1258,Charging
09:32:38,80,80,0,2,94,1258,Charging
09:32:39,80,80,0,2,94,1258,Charging
09:32:39,80,80,0,2,94,1258,Charging
09:32:40,80,80,0,2,94,1258,Charging
09:32:40,80,80,0,2,94,1258,Charging
09:32:41,80,80,0,2,94,1258,Charging
09:32:41,80,80,0,2,94,1258,Charging
09:32:42,80,80,0,2,94,1258,Charging
09:32:42,80,80,0,2,94,1258,Charging
09:32:43,80,80,0,2,94,1258,Charging
09:32:43,80,80,0,2,94,1258,Charging
09:32:44,80,80,0,2,94,1258,Charging
09:32:44,80,80,0,2,94,1258,Charging
09:32:45,80,80,0,2,94,1258,Charging
09:32:45,80,80,0,2,94,1258,Charging
09:32:46,80,80,0,2,94,1258,Charging
09:32:46,80,80,0,2,94,1258,Charging
09:32:47,80,80,0,2,94,1258,Charging
09:32:47,80,80,0,2,94,1258,Charging
09:32:48,80,80,0,2,94,1258,Charging
09:32:48,80,80,0,2,94,1258,Charging
09:32:49,80,80,0,2,94,1258,Charging
09:32:49,80,80,0,2,94,1258,Charging
09:32:50,80,80,0,2,94,1258,Charging
09:32:50,80,80,0,2,94,1258,Charging
09:32:51,80,80,0,2,94,1258,Charging
09:32:51,80,80,0,2,94,1258,Charging
09:32:52,80,80,0,2,94,1258,Charging
09:32:52,80,80,0,2,94,1258,Charging
09:32:53,80,80,0,2,94,1258,Charging
09:32:53,80,80,0,2,94,1258,Charging
09:32:54,80,80,0,2,94,1258,Charging
09:32:54,80,80,0,2,94,1258,Charging
09:32:55,80,80,0,2,94,1258,Charging
09:32:55,80,80,0,2,94,1258,Charging
09:32:56,80,80,0,2,94,1258,Charging
09:32:56,80,80,0,2,94,1258,Charging
09:32:57,80,80,0,2,94,1258,Charging
09:32:57,80,80,0,2,94,1258,Charging
09:32:58,80,80,0,2,94,1258,Charging
09:32:58,80,80,0,2,94,1224,Charging
09:32:59,80,80,0,2,94,1224,Charging
09:32:59,80,80,0,2,94,1224,Charging
09:33:00,80,80,0,2,94,1224,Charging
09:33:00,80,80,0,2,94,1224,Charging
09:33:01,80,80,0,2,94,1224,Charging
09:33:01,80,80,0,2,94,1224,Charging
09:33:02,80,80,0,2,94,1224,Charging
09:33:02,80,80,0,2,94,1224,Charging
09:33:03,80,80,0,2,94,1224,Charging
09:33:03,80,80,0,2,94,1224,Charging
09:33:04,80,80,0,2,94,1224,Charging
09:33:04,80,80,0,2,94,1224,Charging
09:33:05,80,80,0,2,94,1224,Charging
09:33:05,80,80,0,2,94,1224,Charging
09:33:06,80,80,0,2,94,1224,Charging
09:33:06,80,80,0,2,94,1224,Charging
09:33:07,80,80,0,2,94,1224,Charging
09:33:07,80,80,0,2,94,1224,Charging
09:33:08,80,80,0,2,94,1224,Charging
09:33:08,80,80,0,2,94,1224,Charging
09:33:09,80,80,0,2,94,1224,Charging
09:33:09,80,80,0,2,94,1224,Charging
09:33:10,80,80,0,2,94,1224,Charging
09:33:10,80,80,0,2,94,1224,Charging
09:33:11,80,80,0,2,94,1224,Charging
09:33:11,80,80,0,2,94,1224,Charging
09:33:12,80,80,0,2,94,1224,Charging
09:33:12,80,80,0,2,94,1224,Charging
09:33:13,80,80,0,2,94,1224,Charging
09:33:13,80,80,0,2,94,1224,Charging
09:33:14,80,80,0,2,94,1224,Charging
09:33:14,80,80,0,2,94,1224,Charging
09:33:15,80,80,0,2,94,1224,Charging
09:33:15,80,80,0,2,94,1224,Charging
09:33:16,80,80,0,2,94,1224,Charging
09:33:16,80,80,0,2,94,1224,Charging
09:33:17,80,80,0,2,94,1224,Charging
09:33:17,80,80,0,2,94,1224,Charging
09:33:18,80,80,0,2,94,1224,Charging
09:33:18,80,80,0,2,94,1224,Charging
09:33:19,80,80,0,2,94,1224,Charging
09:33:19,80,80,0,2,94,1224,Charging
09:33:20,80,80,0,2,94,1224,Charging
09:33:20,80,80,0,2,94,1224,Charging
09:33:21,80,80,0,2,94,1224,Charging
09:33:21,80,80,0,2,94,1224,Charging
09:33:22,80,80,0,2,94,1224,Charging
09:33:22,80,80,0,2,94,1224,Charging
09:33:23,80,80,0,2,94,1224,Charging
09:33:23,80,80,0,2,94,1224,Charging
09:33:24,80,80,0,2,94,1224,Charging
09:33:24,80,80,0,2,94,1224,Charging
09:33:25,80,80,0,2,94,1224,Charging
09:33:25,80,80,0,2,94,1224,Charging
09:33:26,80,80,0,2,94,1224,Charging
09:33:26,80,80,0,2,94,1224,Charging
09:33:27,80,80,0,2,94,1224,Charging
09:33:27,80,80,0,2,94,1224,Charging
09:33:28,80,80,0,2,94,1224,Charging
09:33:28,80,80,0,2,94,1190,Charging
09:33:29,80,80,0,2,94,1190,Charging
09:33:29,80,80,0,2,94,1190,Charging
09:33:30,80,80,0,2,94,1190,Charging
09:33:30,80,80,0,2,94,1190,Charging
09:33:31,80,80,0,2,94,1190,Charging
09:33:31,80,80,0,2,94,1190,Charging
09:33:32,80,80,0,2,94,1190,Charging
09:33:32,80,80,0,2,94,1190,Charging
09:33:33,80,80,0,2,94,1190,Charging
09:33:33,80,80,0,2,94,1190,Charging
09:33:34,80,80,0,2,94,1190,Charging
09:33:34,80,80,0,2,94,1190,Charging
09:33:35,80,80,0,2,94,1190,Charging
09:33:35,80,80,0,2,94,1190,Charging
09:33:36,80,80,0,2,94,1190,Charging
09:33:36,80,80,0,2,94,1190,Charging
09:33:37,80,80,0,2,94,1190,Charging
09:33:37,80,80,0,2,94,1190,Charging
09:33:38,80,80,0,2,94,1190,Charging
09:33:38,80,80,0,2,94,1190,Charging
09:33:39,80,80,0,2,94,1190,Charging
09:33:39,80,80,0,2,94,1190,Charging
09:33:40,80,80,0,2,94,1190,Charging
09:33:40,80,80,0,2,94,1190,Charging
09:33:41,80,80,0,2,94,1190,Charging
09:33:41,80,80,0,2,94,1190,Charging
09:33:42,80,80,0,2,94,1190,Charging
09:33:42,80,80,0,2,94,1190,Charging
09:33:43,80,80,0,2,94,1190,Charging
09:33:43,80,80,0,2,94,1190,Charging
09:33:44,80,80,0,2,94,1190,Charging
09:33:44,80,80,0,2,94,1190,Charging
09:33:45,80,80,0,2,94,1190,Charging
09:33:45,80,80,0,2,94,1190,Charging
09:33:46,80,80,0,2,94,1190,Charging
09:33:46,80,80,0,2,94,1190,Charging
09:33:47,80,80,0,2,94,1190,Charging
09:33:47,80,80,0,2,94,1190,Charging
09:33:48,80,80,0,2,94,1190,Charging
09:33:48,80,80,0,2,94,1190,Charging
09:33:49,80,80,0,2,94,1190,Charging
09:33:49,80,80,0,2,94,1190,Charging
09:33:50,80,80,0,2,94,1190,Charging
09:33:50,80,80,0,2,94,1190,Charging
09:33:51,80,80,0,2,94,1190,Charging
09:33:51,80,80,0,2,94,1190,Charging
09:33:52,80,80,0,2,94,1190,Charging
09:33:52,80,80,0,2,94,1190,Charging
09:33:53,80,80,0,2,94,1190,Charging
09:33:53,80,80,0,2,94,1190,Charging
09:33:54,80,80,0,2,94,1190,Charging
09:33:54,80,80,0,2,94,1190,Charging
09:33:55,80,80,0,2,94,1190,Charging
09:33:55,80,80,0,2,94,1190,Charging
09:33:56,80,80,0,2,94,1190,Charging
09:33:56,80,80,0,2,94,1190,Charging
09:33:57,80,80,0,2,94,1190,Charging
09:33:57,80,80,0,2,94,1190,Charging
09:33:58,80,80,0,2,94,1190,Charging
09:33:58,80,80,0,2,94,1190,Charging
09:33:59,80,80,0,2,94,1190,Charging
09:33:59,80,80,0,2,94,1190,Charging
09:34:00,80,80,0,2,94,1190,Charging
09:34:00,80,80,0,2,94,1190,Charging
09:34:01,80,80,0,2,94,1190,Charging
09:34:01,80,80,0,2,94,1190,Charging
09:34:02,80,80,0,2,94,1190,Charging
09:34:02,80,80,0,2,94,1156,Charging
09:34:03,80,80,0,2,94,1156,Charging
09:34:03,80,80,0,2,94,1156,Charging
09:34:04,80,80,0,2,94,1156,Charging
09:34:04,80,80,0,2,94,1156,Charging
09:34:05,80,80,0,2,94,1156,Charging
09:34:05,80,80,0,2,94,1156,Charging
09:34:06,80,80,0,2,94,1156,Charging
09:34:06,80,80,0,2,94,1156,Charging
09:34:07,80,80,0,2,94,1156,Charging
09:34:07,80,80,0,2,94,1156,Charging
09:34:08,80,80,0,2,94,1156,Charging
09:34:08,80,80,0,2,94,1156,Charging
09:34:09,80,80,0,2,94,1156,Charging
09:34:09,80,80,0,2,94,1156,Charging
09:34:10,80,80,0,2,94,1156,Charging
09:34:10,80,80,0,2,94,1156,Charging
09:34:11,80,80,0,2,94,1156,Charging
09:34:11,80,80,0,2,94,1156,Charging
09:34:12,80,80,0,2,94,1156,Charging
09:34:12,80,80,0,2,94,1156,Charging
09:34:13,80,80,0,2,94,1156,Charging
09:34:13,80,80,0,2,94,1156,Charging
09:34:14,80,80,0,2,94,1156,Charging
09:34:14,80,80,0,2,94,1156,Charging
09:34:15,80,80,0,2,94,1156,Charging
09:34:15,80,80,0,2,94,1156,Charging
09:34:16,80,80,0,2,94,1156,Charging
09:34:16,80,80,0,2,94,1156,Charging
09:34:17,80,80,0,2,94,1156,Charging
09:34:17,80,80,0,2,94,1156,Charging
09:34:18,80,80,0,2,94,1156,Charging
09:34:18,80,80,0,2,94,1156,Charging
09:34:19,80,80,0,2,94,1156,Charging
09:34:19,80,80,0,2,94,1156,Charging
09:34:20,80,80,0,2,94,1156,Charging
09:34:20,80,80,0,2,94,1156,Charging
09:34:21,80,80,0,2,94,1156,Charging
09:34:21,80,80,0,2,94,1156,Charging
09:34:22,80,80,0,2,94,1156,Charging
09:34:22,80,80,0,2,94,1156,Charging
09:34:23,80,80,0,2,94,1156,Charging
09:34:23,80,80,0,2,94,1156,Charging
09:34:24,80,80,0,2,94,1156,Charging
09:34:24,80,80,0,2,94,1156,Charging
09:34:25,80,80,0,2,94,1156,Charging
09:34:25,80,80,0,2,94,1156,Charging
09:34:26,80,80,0,2,94,1156,Charging
09:34:26,80,80,0,2,94,1156,Charging
09:34:27,80,80,0,2,94,1156,Charging
09:34:27,80,80,0,2,94,1156,Charging
09:34:28,80,80,0,2,94,1156,Charging
09:34:28,80,80,0,2,94,1156,Charging
09:34:29,80,80,0,2,94,1156,Charging
09:34:29,80,80,0,2,94,1156,Charging
09:34:30,80,80,0,2,94,1156,Charging
09:34:30,80,80,0,2,94,1156,Charging
09:34:31,80,80,0,2,94,1156,Charging
09:34:31,80,80,0,2,94,1122,Charging
09:34:32,80,80,0,2,94,1122,Charging
09:34:32,80,80,0,2,94,1122,Charging
09:34:33,80,80,0,2,94,1122,Charging
09:34:33,80,80,0,2,94,1122,Charging
09:34:34,80,80,0,2,94,1122,Charging
09:34:34,80,80,0,2,94,1122,Charging
09:34:35,80,80,0,2,94,1122,Charging
09:34:35,80,80,0,2,94,1122,Charging
09:34:36,80,80,0,2,94,1122,Charging
09:34:36,80,80,0,2,94,1122,Charging
09:34:37,80,80,0,2,94,1122,Charging
09:34:37,80,80,0,2,94,1122,Charging
09:34:38,80,80,0,2,94,1122,Charging
09:34:38,80,80,0,2,94,1122,Charging
09:34:39,80,80,0,2,94,1122,Charging
09:34:39,80,80,0,2,95,1122,Charging
09:34:40,80,80,0,2,95,1122,Charging
09:34:40,80,80,0,2,95,1122,Charging
09:34:41,80,80,0,2,95,1122,Charging
09:34:41,80,80,0,2,95,1122,Charging
09:34:42,80,80,0,2,95,1122,Charging
09:34:42,80,80,0,2,95,1122,Charging
09:34:43,80,80,0,2,95,1122,Charging
09:34:43,80,80,0,2,95,1122,Charging
09:34:44,80,80,0,2,95,1122,Charging
09:34:44,80,80,0,2,95,1122,Charging
09:34:45,80,80,0,2,95,1122,Charging
09:34:45,80,80,0,2,95,1122,Charging
09:34:46,80,80,0,2,95,1122,Charging
09:34:46,80,80,0,2,95,1122,Charging
09:34:47,80,80,0,2,95,1122,Charging
09:34:47,80,80,0,2,95,1122,Charging
09:34:48,80,80,0,2,95,1122,Charging
09:34:48,80,80,0,2,95,1122,Charging
09:34:49,80,80,0,2,95,1122,Charging
09:34:49,80,80,0,2,95,1122,Charging
09:34:50,80,80,0,2,95,1122,Charging
09:34:50,80,80,0,2,95,1122,Charging
09:34:51,80,80,0,2,95,1122,Charging
09:34:51,80,80,0,2,95,1122,Charging
09:34:52,80,80,0,2,95,1122,Charging
09:34:52,80,80,0,2,95,1122,Charging
09:34:53,80,80,0,2,95,1122,Charging
09:34:53,80,80,0,2,95,1122,Charging
09:34:54,80,80,0,2,95,1122,Charging
09:34:54,80,80,0,2,95,1122,Charging
09:34:55,80,80,0,2,95,1122,Charging
09:34:55,80,80,0,2,95,1122,Charging
09:34:56,80,80,0,2,95,1122,Charging
09:34:56,80,80,0,2,95,1122,Charging
09:34:57,80,80,0,2,95,1122,Charging
09:34:57,80,80,0,2,95,1122,Charging
09:34:58,80,80,0,2,95,1122,Charging
09:34:58,80,80,0,2,95,1122,Charging
09:34:59,80,80,0,2,95,1122,Charging
09:34:59,80,80,0,2,95,1122,Charging
09:35:00,80,80,0,2,95,1122,Charging
09:35:00,80,80,0,2,95,1122,Charging
09:35:01,80,80,0,2,95,1122,Charging
09:35:01,80,80,0,2,95,1122,Charging
09:35:02,80,80,0,2,95,1122,Charging
09:35:02,80,80,0,2,95,1122,Charging
09:35:03,80,80,0,2,95,1122,Charging
09:35:03,80,80,0,2,95,1122,Charging
09:35:04,80,80,0,2,95,1122,Charging
09:35:04,80,80,0,2,95,1122,Charging
09:35:05,80,80,0,2,95,1122,Charging
09:35:05,80,80,0,2,95,1122,Charging
09:35:06,80,80,0,2,95,1122,Charging
09:35:06,80,80,0,2,95,1122,Charging
09:35:07,80,80,0,2,95,1122,Charging
09:35:07,80,80,0,2,95,1122,Charging
09:35:08,80,80,0,2,95,1122,Charging
09:35:08,80,80,0,2,95,1122,Charging
09:35:09,80,80,0,2,95,1122,Charging
09:35:09,80,80,0,2,95,1088,Charging
09:35:10,80,80,0,2,95,1088,Charging
09:35:10,80,80,0,2,95,1088,Charging
09:35:11,80,80,0,2,95,1088,Charging
09:35:11,80,80,0,2,95,1088,Charging
09:35:12,80,80,0,2,95,1088,Charging
09:35:12,80,80,0,2,95,1088,Charging
09:35:13,80,80,0,2,95,1088,Charging
09:35:13,80,80,0,2,95,1088,Charging
09:35:14,80,80,0,2,95,1088,Charging
09:35:14,80,80,0,2,95,1088,Charging
09:35:15,80,80,0,2,95,1088,Charging
09:35:15,80,80,0,2,95,1088,Charging
09:35:16,80,80,0,2,95,1088,Charging
09:35:16,80,80,0,2,95,1088,Charging
09:35:17,80,80,0,2,95,1088,Charging
09:35:17,80,80,0,2,95,1088,Charging
09:35:18,80,80,0,2,95,1088,Charging
09:35:18,80,80,0,2,95,1088,Charging
09:35:19,80,80,0,2,95,1088,Charging
09:35:19,80,80,0,2,95,1088,Charging
09:35:20,80,80,0,2,95,1088,Charging
09:35:20,80,80,0,2,95,1088,Charging
09:35:21,80,80,0,2,95,1088,Charging
09:35:21,80,80,0,2,95,1088,Charging
09:35:22,80,80,0,2,95,1088,Charging
09:35:22,80,80,0,2,95,1088,Charging
09:35:23,80,80,0,2,95,1088,Charging
09:35:23,80,80,0,2,95,1088,Charging
09:35:24,80,80,0,2,95,1088,Charging
09:35:24,80,80,0,2,95,1088,Charging
09:35:25,80,80,0,2,95,1088,Charging
09:35:25,80,80,0,2,95,1088,Charging
09:35:26,80,80,0,2,95,1088,Charging
09:35:26,80,80,0,2,95,1088,Charging
09:35:27,80,80,0,2,95,1088,Charging
09:35:27,80,80,0,2,95,1088,Charging
09:35:28,80,80,0,2,95,1088,Charging
09:35:28,80,80,0,2,95,1088,Charging
09:35:29,80,80,0,2,95,1088,Charging
09:35:29,80,80,0,2,95,1088,Charging
09:35:30,80,80,0,2,95,1088,Charging
09:35:30,80,80,0,2,95,1088,Charging
09:35:31,80,80,0,2,95,1088,Charging
09:35:31,80,80,0,2,95,1088,Charging
09:35:32,80,80,0,2,95,1088,Charging
09:35:32,80,80,0,2,95,1088,Charging
09:35:33,80,80,0,2,95,1088,Charging
09:35:33,80,80,0,2,95,1088,Charging
09:35:34,80,80,0,2,95,1088,Charging
09:35:34,80,80,0,2,95,1088,Charging
09:35:35,80,80,0,2,95,1088,Charging
09:35:35,80,80,0,2,95,1088,Charging
09:35:36,80,80,0,2,95,1088,Charging
09:35:36,80,80,0,2,95,1088,Charging
09:35:37,80,80,0,2,95,1088,Charging
09:35:37,80,80,0,2,95,1088,Charging
09:35:38,80,80,0,2,95,1088,Charging
09:35:38,80,80,0,2,95,1088,Charging
09:35:39,80,80,0,2,95,1088,Charging
09:35:39,80,80,0,2,95,1088,Charging
09:35:40,80,80,0,2,95,1088,Charging
09:35:40,80,80,0,2,95,1088,Charging
09:35:41,80,80,0,2,95,1088,Charging
09:35:41,80,80,0,2,95,1088,Charging
09:35:42,80,80,0,2,95,1088,Charging
09:35:42,80,80,0,2,95,1088,Charging
09:35:43,80,80,0,2,95,1088,Charging
09:35:43,80,80,0,2,95,1088,Charging
09:35:44,80,80,0,2,95,1088,Charging
09:35:44,80,80,0,2,95,1088,Charging
09:35:45,80,80,0,2,95,1088,Charging
09:35:45,80,80,0,2,95,1088,Charging
09:35:46,80,80,0,2,95,1088,Charging
09:35:46,80,80,0,2,95,1088,Charging
09:35:47,80,80,0,2,95,1088,Charging
09:35:47,80,80,0,2,95,1088,Charging
09:35:48,80,80,0,2,95,1088,Charging
09:35:48,80,80,0,2,95,1088,Charging
09:35:49,80,80,0,2,95,1088,Charging
09:35:49,80,80,0,2,95,1088,Charging
09:35:50,80,80,0,2,95,1088,Charging
09:35:50,80,80,0,2,95,1088,Charging
09:35:51,80,80,0,2,95,1088,Charging
09:35:51,80,80,0,2,95,1088,Charging
09:35:52,80,80,0,2,95,1088,Charging
09:35:52,80,80,0,2,95,1088,Charging
09:35:53,80,80,0,2,95,1088,Charging
09:35:53,80,80,0,2,95,1054,Charging
09:35:54,80,80,0,2,95,1054,Charging
09:35:54,80,80,0,2,95,1054,Charging
09:35:55,80,80,0,2,95,1054,Charging
09:35:55,80,80,0,2,95,1054,Charging
09:35:56,80,80,0,2,95,1054,Charging
09:35:56,80,80,0,2,95,1054,Charging
09:35:57,80,80,0,2,95,1054,Charging
09:35:57,80,80,0,2,95,1054,Charging
09:35:58,80,80,0,2,95,1054,Charging
09:35:58,80,80,0,2,95,1054,Charging
09:35:59,80,80,0,2,95,1054,Charging
09:35:59,80,80,0,2,95,1054,Charging
09:36:00,80,80,0,2,95,1054,Charging
09:36:00,80,80,0,2,95,1054,Charging
09:36:01,80,80,0,2,95,1054,Charging
09:36:01,80,80,0,2,95,1054,Charging
09:36:02,80,80,0,2,95,1054,Charging
09:36:02,80,80,0,2,95,1054,Charging
09:36:03,80,80,0,2,95,1054,Charging
09:36:03,80,80,0,2,95,1054,Charging
09:36:04,80,80,0,2,95,1054,Charging
09:36:04,80,80,0,2,95,1054,Charging
09:36:05,80,80,0,2,95,1054,Charging
09:36:05,80,80,0,2,95,1054,Charging
09:36:06,80,80,0,2,95,1054,Charging
09:36:06,80,80,0,2,95,1054,Charging
09:36:07,80,80,0,2,95,1054,Charging
09:36:07,80,80,0,2,95,1054,Charging
09:36:08,80,80,0,2,95,1054,Charging
09:36:08,80,80,0,2,95,1054,Charging
09:36:09,80,80,0,2,95,1054,Charging
09:36:09,80,80,0,2,95,1054,Charging
09:36:10,80,80,0,2,95,1054,Charging
09:36:10,80,80,0,2,95,1054,Charging
09:36:11,80,80,0,2,95,1054,Charging
09:36:11,80,80,0,2,95,1054,Charging
09:36:12,80,80,0,2,95,1054,Charging
09:36:12,80,80,0,2,95,1054,Charging
09:36:13,80,80,0,2,95,1054,Charging
09:36:13,80,80,0,2,95,1054,Charging
09:36:14,80,80,0,2,95,1054,Charging
09:36:14,80,80,0,2,95,1054,Charging
09:36:15,80,80,0,2,95,1054,Charging
09:36:15,80,80,0,2,95,1054,Charging
09:36:16,80,80,0,2,95,1054,Charging
09:36:16,80,80,0,2,95,1054,Charging
09:36:17,80,80,0,2,95,1054,Charging
09:36:17,80,80,0,2,95,1054,Charging
09:36:18,80,80,0,2,95,1054,Charging
09:36:18,80,80,0,2,95,1054,Charging
09:36:19,80,80,0,2,95,1054,Charging
09:36:19,80,80,0,2,95,1054,Charging
09:36:20,80,80,0,2,95,1054,Charging
09:36:20,80,80,0,2,95,1054,Charging
09:36:21,80,80,0,2,95,1054,Charging
09:36:21,80,80,0,2,95,1054,Charging
09:36:22,80,80,0,2,95,1054,Charging
09:36:22,80,80,0,2,95,1054,Charging
09:36:23,80,80,0,2,95,1054,Charging
09:36:23,80,80,0,2,95,1054,Charging
09:36:24,80,80,0,2,95,1054,Charging
09:36:24,80,80,0,2,95,1054,Charging
09:36:25,80,80,0,2,95,1054,Charging
09:36:25,80,80,0,2,95,1054,Charging
09:36:26,80,80,0,2,95,1054,Charging
09:36:26,80,80,0,2,95,1054,Charging
09:36:27,80,80,0,2,95,1054,Charging
09:36:27,80,80,0,2,95,1054,Charging
09:36:28,80,80,0,2,95,1054,Charging
09:36:28,80,80,0,2,95,1020,Charging
09:36:29,80,80,0,2,95,1020,Charging
09:36:29,80,80,0,2,95,1020,Charging
09:36:30,80,80,0,2,95,1020,Charging
09:36:30,80,80,0,2,95,1020,Charging
09:36:31,80,80,0,2,95,1020,Charging
09:36:31,80,80,0,2,95,1020,Charging
09:36:32,80,80,0,2,95,1020,Charging
09:36:32,80,80,0,2,95,1020,Charging
09:36:33,80,80,0,2,95,1020,Charging
09:36:33,80,80,0,2,95,1020,Charging
09:36:34,80,80,0,2,95,1020,Charging
09:36:34,80,80,0,2,95,1020,Charging
09:36:35,80,80,0,2,95,1020,Charging
09:36:36,80,80,0,2,95,1020,Charging
09:36:36,80,80,0,2,95,1020,Charging
09:36:37,80,80,0,2,95,1020,Charging
09:36:37,80,80,0,2,95,1020,Charging
09:36:38,80,80,0,2,95,1020,Charging
09:36:38,80,80,0,2,95,1020,Charging
09:36:39,80,80,0,2,95,1020,Charging
09:36:39,80,80,0,2,95,1020,Charging
09:36:40,80,80,0,2,95,1020,Charging
09:36:40,80,80,0,2,95,1020,Charging
09:36:41,80,80,0,2,95,1020,Charging
09:36:41,80,80,0,2,95,1020,Charging
09:36:42,80,80,0,2,95,1020,Charging
09:36:42,80,80,0,2,95,1020,Charging
09:36:43,80,80,0,2,95,1020,Charging
09:36:43,80,80,0,2,95,1020,Charging
09:36:44,80,80,0,2,95,1020,Charging
09:36:44,80,80,0,2,95,1020,Charging
09:36:45,80,80,0,2,95,1020,Charging
09:36:45,80,80,0,2,95,1020,Charging
09:36:46,80,80,0,2,95,1020,Charging
09:36:46,80,80,0,2,95,1020,Charging
09:36:47,80,80,0,2,95,1020,Charging
09:36:47,80,80,0,2,95,1020,Charging
09:36:48,80,80,0,2,95,1020,Charging
09:36:48,80,80,0,2,95,1020,Charging
09:36:49,80,80,0,2,95,1020,Charging
09:36:49,80,80,0,2,95,1020,Charging
09:36:50,80,80,0,2,95,1020,Charging
09:36:50,80,80,0,2,95,1020,Charging
09:36:51,80,80,0,2,95,1020,Charging
09:36:51,80,80,0,2,95,1020,Charging
09:36:52,80,80,0,2,95,1020,Charging
09:36:52,80,80,0,2,95,1020,Charging
09:36:53,80,80,0,2,95,1020,Charging
09:36:53,80,80,0,2,95,1020,Charging
09:36:54,80,80,0,2,95,1020,Charging
09:36:54,80,80,0,2,95,1020,Charging
09:36:55,80,80,0,2,95,1020,Charging
09:36:55,80,80,0,2,95,1020,Charging
09:36:56,80,80,0,2,95,1020,Charging
09:36:56,80,80,0,2,95,1020,Charging
09:36:57,80,80,0,2,95,1020,Charging
09:36:57,80,80,0,2,95,1020,Charging
09:36:58,80,80,0,2,95,1020,Charging
09:36:58,80,80,0,2,95,1020,Charging
09:36:59,80,80,0,2,95,1020,Charging
09:36:59,80,80,0,2,95,1020,Charging
09:37:00,80,80,0,2,95,1020,Charging
09:37:00,80,80,0,2,95,1020,Charging
09:37:01,80,80,0,2,95,1020,Charging
09:37:01,80,80,0,2,95,1020,Charging
09:37:02,80,80,0,2,95,1020,Charging
09:37:02,80,80,0,2,95,1020,Charging
09:37:03,80,80,0,2,95,1020,Charging
09:37:03,80,80,0,2,95,1020,Charging
09:37:04,80,80,0,2,95,1020,Charging
09:37:04,80,80,0,2,95,1020,Charging
09:37:05,80,80,0,2,95,1020,Charging
09:37:05,80,80,0,2,95,1020,Charging
09:37:06,80,80,0,2,95,1020,Charging
09:37:06,80,80,0,2,95,1020,Charging
09:37:07,80,80,0,2,95,1020,Charging
09:37:07,80,80,0,2,95,1020,Charging
09:37:08,80,80,0,2,95,1020,Charging
09:37:08,80,80,0,2,95,1020,Charging
09:37:09,80,80,0,2,95,1020,Charging
09:37:09,80,80,0,2,95,1020,Charging
09:37:10,80,80,0,2,95,1020,Charging
09:37:10,80,80,0,2,95,1020,Charging
09:37:11,80,80,0,2,95,986,Charging
09:37:11,80,80,0,2,95,986,Charging
09:37:12,80,80,0,2,95,986,Charging
09:37:12,80,80,0,2,95,986,Charging
09:37:13,80,80,0,2,95,986,Charging
09:37:13,80,80,0,2,95,986,Charging
09:37:14,80,80,0,2,95,986,Charging
09:37:14,80,80,0,2,95,986,Charging
09:37:15,80,80,0,2,95,986,Charging
09:37:15,80,80,0,2,95,986,Charging
09:37:16,80,80,0,2,95,986,Charging
09:37:16,80,80,0,2,95,986,Charging
09:37:17,80,80,0,2,95,986,Charging
09:37:17,80,80,0,2,95,986,Charging
09:37:18,80,80,0,2,95,986,Charging
09:37:18,80,80,0,2,95,986,Charging
09:37:19,80,80,0,2,95,986,Charging
09:37:19,80,80,0,2,95,986,Charging
09:37:20,80,80,0,2,95,986,Charging
09:37:20,80,80,0,2,95,986,Charging
09:37:21,80,80,0,2,95,986,Charging
09:37:21,80,80,0,2,95,986,Charging
09:37:22,80,80,0,2,95,986,Charging
09:37:22,80,80,0,2,95,986,Charging
09:37:23,80,80,0,2,95,986,Charging
09:37:23,80,80,0,2,95,986,Charging
09:37:24,80,80,0,2,95,986,Charging
09:37:24,80,80,0,2,95,986,Charging
09:37:25,80,80,0,2,95,986,Charging
09:37:25,80,80,0,2,95,986,Charging
09:37:26,80,80,0,2,95,986,Charging
09:37:26,80,80,0,2,95,986,Charging
09:37:27,80,80,0,2,95,986,Charging
09:37:27,80,80,0,2,95,986,Charging
09:37:28,80,80,0,2,95,986,Charging
09:37:28,80,80,0,2,95,986,Charging
09:37:29,80,80,0,2,95,986,Charging
09:37:29,80,80,0,2,95,986,Charging
09:37:30,80,80,0,2,95,986,Charging
09:37:30,80,80,0,2,95,986,Charging
09:37:31,80,80,0,2,95,986,Charging
09:37:31,80,80,0,2,95,986,Charging
09:37:32,80,80,0,2,95,986,Charging
09:37:32,80,80,0,2,95,986,Charging
09:37:33,80,80,0,2,95,986,Charging
09:37:33,80,80,0,2,95,986,Charging
09:37:34,80,80,0,2,95,986,Charging
09:37:34,80,80,0,2,95,986,Charging
09:37:35,80,80,0,2,95,986,Charging
09:37:35,80,80,0,2,95,986,Charging
09:37:36,80,80,0,2,95,986,Charging
09:37:36,80,80,0,2,95,986,Charging
09:37:37,80,80,0,2,95,986,Charging
09:37:37,80,80,0,2,95,986,Charging
09:37:38,80,80,0,2,95,986,Charging
09:37:38,80,80,0,2,95,986,Charging
09:37:39,80,80,0,2,95,986,Charging
09:37:39,80,80,0,2,95,986,Charging
09:37:40,80,80,0,2,95,986,Charging
09:37:40,80,80,0,2,95,986,Charging
09:37:41,80,80,0,2,95,986,Charging
09:37:41,80,80,0,2,95,986,Charging
09:37:42,80,80,0,2,95,986,Charging
09:37:42,80,80,0,2,95,986,Charging
09:37:43,80,80,0,2,95,986,Charging
09:37:43,80,80,0,2,95,986,Charging
09:37:44,80,80,0,2,95,986,Charging
09:37:44,80,80,0,2,95,986,Charging
09:37:45,80,80,0,2,95,986,Charging
09:37:45,80,80,0,2,95,986,Charging
09:37:46,80,80,0,2,95,986,Charging
09:37:46,80,80,0,2,95,986,Charging
09:37:47,80,80,0,2,95,986,Charging
09:37:47,80,80,0,2,95,986,Charging
09:37:48,80,80,0,2,95,986,Charging
09:37:48,80,80,0,2,95,986,Charging
09:37:49,80,80,0,2,95,986,Charging
09:37:49,80,80,0,2,95,986,Charging
09:37:50,80,80,0,2,95,986,Charging
09:37:50,80,80,0,2,95,986,Charging
09:37:51,80,80,0,2,95,986,Charging
09:37:51,80,80,0,2,95,986,Charging
09:37:52,80,80,0,2,95,986,Charging
09:37:52,80,80,0,2,95,986,Charging
09:37:53,80,80,0,2,95,986,Charging
09:37:53,80,80,0,2,95,986,Charging
09:37:54,80,80,0,2,95,986,Charging
09:37:54,80,80,0,2,95,986,Charging
09:37:55,80,80,0,2,95,986,Charging
09:37:55,80,80,0,2,95,986,Charging
09:37:56,80,80,0,2,95,986,Charging
09:37:56,80,80,0,2,95,986,Charging
09:37:57,80,80,0,2,95,986,Charging
09:37:57,80,80,0,2,95,986,Charging
09:37:58,80,80,0,2,95,986,Charging
09:37:58,80,80,0,2,95,986,Charging
09:37:59,80,80,0,2,95,986,Charging
09:37:59,80,80,0,2,95,986,Charging
09:38:00,80,80,0,2,95,986,Charging
09:38:00,80,80,0,2,95,986,Charging
09:38:01,80,80,0,2,95,952,Charging
09:38:01,80,80,0,2,95,952,Charging
09:38:02,80,80,0,2,95,952,Charging
09:38:02,80,80,0,2,95,952,Charging
09:38:03,80,80,0,2,95,952,Charging
09:38:03,80,80,0,2,95,952,Charging
09:38:04,80,80,0,2,95,952,Charging
09:38:04,80,80,0,2,95,952,Charging
09:38:05,80,80,0,2,95,952,Charging
09:38:05,80,80,0,2,95,952,Charging
09:38:06,80,80,0,2,95,952,Charging
09:38:06,80,80,0,2,95,952,Charging
09:38:07,80,80,0,2,95,952,Charging
09:38:07,80,80,0,2,95,952,Charging
09:38:08,80,80,0,2,95,952,Charging
09:38:08,80,80,0,2,95,952,Charging
09:38:09,80,80,0,2,95,952,Charging
09:38:09,80,80,0,2,95,952,Charging
09:38:10,80,80,0,2,95,952,Charging
09:38:10,80,80,0,2,95,952,Charging
09:38:11,80,80,0,2,95,952,Charging
09:38:11,80,80,0,2,95,952,Charging
09:38:12,80,80,0,2,95,952,Charging
09:38:12,80,80,0,2,95,952,Charging
09:38:13,80,80,0,2,95,952,Charging
09:38:13,80,80,0,2,95,952,Charging
09:38:14,80,80,0,2,95,952,Charging
09:38:14,80,80,0,2,95,952,Charging
09:38:15,80,80,0,2,95,952,Charging
09:38:15,80,80,0,2,95,952,Charging
09:38:16,80,80,0,2,95,952,Charging
09:38:16,80,80,0,2,95,952,Charging
09:38:17,80,80,0,2,95,952,Charging
09:38:17,80,80,0,2,95,952,Charging
09:38:18,80,80,0,2,95,952,Charging
09:38:18,80,80,0,2,95,952,Charging
09:38:19,80,80,0,2,95,952,Charging
09:38:19,80,80,0,2,95,952,Charging
09:38:20,80,80,0,2,95,952,Charging
09:38:20,80,80,0,2,95,952,Charging
09:38:21,80,80,0,2,96,952,Charging
09:38:21,80,80,0,2,96,952,Charging
09:38:22,80,80,0,2,96,952,Charging
09:38:22,80,80,0,2,96,952,Charging
09:38:23,80,80,0,2,96,952,Charging
09:38:23,80,80,0,2,96,952,Charging
09:38:24,80,80,0,2,96,952,Charging
09:38:24,80,80,0,2,96,952,Charging
09:38:25,80,80,0,2,96,952,Charging
09:38:25,80,80,0,2,96,952,Charging
09:38:26,80,80,0,2,96,952,Charging
09:38:26,80,80,0,2,96,952,Charging
09:38:27,80,80,0,2,96,952,Charging
09:38:27,80,80,0,2,96,952,Charging
09:38:28,80,80,0,2,96,952,Charging
09:38:28,80,80,0,2,96,952,Charging
09:38:29,80,80,0,2,96,952,Charging
09:38:29,80,80,0,2,96,952,Charging
09:38:30,80,80,0,2,96,952,Charging
09:38:30,80,80,0,2,96,952,Charging
09:38:31,80,80,0,2,96,918,Charging
09:38:31,80,80,0,2,96,918,Charging
09:38:32,80,80,0,2,96,918,Charging
09:38:32,80,80,0,2,96,918,Charging
09:38:33,80,80,0,2,96,918,Charging
09:38:33,80,80,0,2,96,918,Charging
09:38:34,80,80,0,2,96,918,Charging
09:38:34,80,80,0,2,96,918,Charging
09:38:35,80,80,0,2,96,918,Charging
09:38:35,80,80,0,2,96,918,Charging
09:38:36,80,80,0,2,96,918,Charging
09:38:36,80,80,0,2,96,918,Charging
09:38:37,80,80,0,2,96,918,Charging
09:38:37,80,80,0,2,96,918,Charging
09:38:38,80,80,0,2,96,918,Charging
09:38:38,80,80,0,2,96,918,Charging
09:38:39,80,80,0,2,96,918,Charging
09:38:39,80,80,0,2,96,918,Charging
09:38:40,80,80,0,2,96,918,Charging
09:38:40,80,80,0,2,96,918,Charging
09:38:41,80,80,0,2,96,918,Charging
09:38:41,80,80,0,2,96,918,Charging
09:38:42,80,80,0,2,96,918,Charging
09:38:42,80,80,0,2,96,918,Charging
09:38:43,80,80,0,2,96,918,Charging
09:38:43,80,80,0,2,96,918,Charging
09:38:44,80,80,0,2,96,918,Charging
09:38:44,80,80,0,2,96,918,Charging
09:38:45,80,80,0,2,96,918,Charging
09:38:45,80,80,0,2,96,918,Charging
09:38:46,80,80,0,2,96,918,Charging
09:38:46,80,80,0,2,96,918,Charging
09:38:47,80,80,0,2,96,918,Charging
09:38:47,80,80,0,2,96,918,Charging
09:38:48,80,80,0,2,96,918,Charging
09:38:48,80,80,0,2,96,918,Charging
09:38:49,80,80,0,2,96,918,Charging
09:38:49,80,80,0,2,96,918,Charging
09:38:50,80,80,0,2,96,918,Charging
09:38:50,80,80,0,2,96,918,Charging
09:38:51,80,80,0,2,96,918,Charging
09:38:51,80,80,0,2,96,918,Charging
09:38:52,80,80,0,2,96,918,Charging
09:38:52,80,80,0,2,96,918,Charging
09:38:53,80,80,0,2,96,918,Charging
09:38:53,80,80,0,2,96,918,Charging
09:38:54,80,80,0,2,96,918,Charging
09:38:54,80,80,0,2,96,918,Charging
09:38:55,80,80,0,2,96,918,Charging
09:38:55,80,80,0,2,96,918,Charging
09:38:56,80,80,0,2,96,918,Charging
09:38:56,80,80,0,2,96,918,Charging
09:38:57,80,80,0,2,96,918,Charging
09:38:57,80,80,0,2,96,918,Charging
09:38:58,80,80,0,2,96,918,Charging
09:38:58,80,80,0,2,96,918,Charging
09:38:59,80,80,0,2,96,918,Charging
09:38:59,80,80,0,2,96,918,Charging
09:39:00,80,80,0,2,96,918,Charging
09:39:00,80,80,0,2,96,918,Charging
09:39:01,80,80,0,2,96,918,Charging
09:39:01,80,80,0,2,96,918,Charging
09:39:02,80,80,0,2,96,918,Charging
09:39:02,80,80,0,2,96,918,Charging
09:39:03,80,80,0,2,96,918,Charging
09:39:03,80,80,0,2,96,918,Charging
09:39:04,80,80,0,2,96,918,Charging
09:39:04,80,80,0,2,96,918,Charging
09:39:05,80,80,0,2,96,918,Charging
09:39:05,80,80,0,2,96,918,Charging
09:39:06,80,80,0,2,96,918,Charging
09:39:06,80,80,0,2,96,918,Charging
09:39:07,80,80,0,2,96,918,Charging
09:39:07,80,80,0,2,96,918,Charging
09:39:08,80,80,0,2,96,918,Charging
09:39:08,80,80,0,2,96,918,Charging
09:39:09,80,80,0,2,96,918,Charging
09:39:09,80,80,0,2,96,918,Charging
09:39:10,80,80,0,2,96,918,Charging
09:39:10,80,80,0,2,96,918,Charging
09:39:11,80,80,0,2,96,918,Charging
09:39:11,80,80,0,2,96,918,Charging
09:39:12,80,80,0,2,96,918,Charging
09:39:12,80,80,0,2,96,918,Charging
09:39:13,80,80,0,2,96,918,Charging
09:39:13,80,80,0,2,96,918,Charging
09:39:14,80,80,0,2,96,918,Charging
09:39:14,80,80,0,2,96,918,Charging
09:39:15,80,80,0,2,96,918,Charging
09:39:15,80,80,0,2,96,918,Charging
09:39:16,80,80,0,2,96,918,Charging
09:39:16,80,80,0,2,96,918,Charging
09:39:17,80,80,0,2,96,918,Charging
09:39:17,80,80,0,2,96,918,Charging
09:39:18,80,80,0,2,96,918,Charging
09:39:18,80,80,0,2,96,918,Charging
09:39:19,80,80,0,2,96,918,Charging
09:39:19,80,80,0,2,96,918,Charging
09:39:20,80,80,0,2,96,918,Charging
09:39:20,80,80,0,2,96,918,Charging
09:39:21,80,80,0,2,96,918,Charging
09:39:21,80,80,0,2,96,918,Charging
09:39:22,80,80,0,2,96,918,Charging
09:39:22,80,80,0,2,96,918,Charging
09:39:23,80,80,0,2,96,884,Charging
09:39:23,80,80,0,2,96,884,Charging
09:39:24,80,80,0,2,96,884,Charging
09:39:24,80,80,0,2,96,884,Charging
09:39:25,80,80,0,2,96,884,Charging
09:39:25,80,80,0,2,96,884,Charging
09:39:26,80,80,0,2,96,884,Charging
09:39:26,80,80,0,2,96,884,Charging
09:39:27,80,80,0,2,96,884,Charging
09:39:27,80,80,0,2,96,884,Charging
09:39:28,80,80,0,2,96,884,Charging
09:39:28,80,80,0,2,96,884,Charging
09:39:29,80,80,0,2,96,884,Charging
09:39:29,80,80,0,2,96,884,Charging
09:39:30,80,80,0,2,96,884,Charging
09:39:30,80,80,0,2,96,884,Charging
09:39:31,80,80,0,2,96,884,Charging
09:39:31,80,80,0,2,96,884,Charging
09:39:32,80,80,0,2,96,884,Charging
09:39:32,80,80,0,2,96,884,Charging
09:39:33,80,80,0,2,96,884,Charging
09:39:33,80,80,0,2,96,884,Charging
09:39:34,80,80,0,2,96,884,Charging
09:39:34,80,80,0,2,96,884,Charging
09:39:35,80,80,0,2,96,884,Charging
09:39:35,80,80,0,2,96,884,Charging
09:39:36,80,80,0,2,96,884,Charging
09:39:36,80,80,0,2,96,884,Charging
09:39:37,80,80,0,2,96,884,Charging
09:39:37,80,80,0,2,96,884,Charging
09:39:38,80,80,0,2,96,884,Charging
09:39:38,80,80,0,2,96,884,Charging
09:39:39,80,80,0,2,96,884,Charging
09:39:39,80,80,0,2,96,884,Charging
09:39:40,80,80,0,2,96,884,Charging
09:39:40,80,80,0,2,96,884,Charging
09:39:41,80,80,0,2,96,884,Charging
09:39:41,80,80,0,2,96,884,Charging
09:39:42,80,80,0,2,96,884,Charging
09:39:42,80,80,0,2,96,884,Charging
09:39:43,80,80,0,2,96,884,Charging
09:39:43,80,80,0,2,96,884,Charging
09:39:44,80,80,0,2,96,884,Charging
09:39:44,80,80,0,2,96,884,Charging
09:39:45,80,80,0,2,96,884,Charging
09:39:45,80,80,0,2,96,884,Charging
09:39:46,80,80,0,2,96,884,Charging
09:39:46,80,80,0,2,96,884,Charging
09:39:47,80,80,0,2,96,884,Charging
09:39:47,80,80,0,2,96,884,Charging
09:39:48,80,80,0,2,96,884,Charging
09:39:48,80,80,0,2,96,884,Charging
09:39:49,80,80,0,2,96,884,Charging
09:39:49,80,80,0,2,96,884,Charging
09:39:50,80,80,0,2,96,884,Charging
09:39:50,80,80,0,2,96,884,Charging
09:39:51,80,80,0,2,96,884,Charging
09:39:51,80,80,0,2,96,884,Charging
09:39:52,80,80,0,2,96,884,Charging
09:39:52,80,80,0,2,96,884,Charging
09:39:53,80,80,0,2,96,884,Charging
09:39:53,80,80,0,2,96,884,Charging
09:39:54,80,80,0,2,96,884,Charging
09:39:54,80,80,0,2,96,884,Charging
09:39:55,80,80,0,2,96,884,Charging
09:39:55,80,80,0,2,96,884,Charging
09:39:56,80,80,0,2,96,884,Charging
09:39:56,80,80,0,2,96,884,Charging
09:39:57,80,80,0,2,96,884,Charging
09:39:57,80,80,0,2,96,884,Charging
09:39:58,80,80,0,2,96,884,Charging
09:39:58,80,80,0,2,96,884,Charging
09:39:59,80,80,0,2,96,884,Charging
09:39:59,80,80,0,2,96,884,Charging
09:40:00,80,80,0,2,96,884,Charging
09:40:00,80,80,0,2,96,884,Charging
09:40:01,80,80,0,2,96,884,Charging
09:40:01,80,80,0,2,96,884,Charging
09:40:02,80,80,0,2,96,884,Charging
09:40:02,80,80,0,2,96,884,Charging
09:40:03,80,80,0,2,96,884,Charging
09:40:03,80,80,0,2,96,884,Charging
09:40:04,80,80,0,2,96,884,Charging
09:40:04,80,80,0,2,96,884,Charging
09:40:05,80,80,0,2,96,884,Charging
09:40:05,80,80,0,2,96,884,Charging
09:40:06,80,80,0,2,96,884,Charging
09:40:06,80,80,0,2,96,884,Charging
09:40:07,80,80,0,2,96,884,Charging
09:40:07,80,80,0,2,96,884,Charging
09:40:08,80,80,0,2,96,884,Charging
09:40:08,80,80,0,2,96,884,Charging
09:40:09,80,80,0,2,96,884,Charging
09:40:09,80,80,0,2,96,884,Charging
09:40:10,80,80,0,2,96,884,Charging
09:40:10,80,80,0,2,96,884,Charging
09:40:11,80,80,0,2,96,884,Charging
09:40:11,80,80,0,2,96,884,Charging
09:40:12,80,80,0,2,96,884,Charging
09:40:12,80,80,0,2,96,884,Charging
09:40:13,80,80,0,2,96,884,Charging
09:40:13,80,80,0,2,96,884,Charging
09:40:14,80,80,0,2,96,884,Charging
09:40:14,80,80,0,2,96,884,Charging
09:40:15,80,80,0,2,96,884,Charging
09:40:15,80,80,0,2,96,884,Charging
09:40:16,80,80,0,2,96,884,Charging
09:40:16,80,80,0,2,96,884,Charging
09:40:17,80,80,0,2,96,884,Charging
09:40:17,80,80,0,2,96,884,Charging
09:40:18,80,80,0,2,96,884,Charging
09:40:18,80,80,0,2,96,884,Charging
09:40:19,80,80,0,2,96,884,Charging
09:40:19,80,80,0,2,96,884,Charging
09:40:20,80,80,0,2,96,884,Charging
09:40:20,80,80,0,2,96,884,Charging
09:40:21,80,80,0,2,96,884,Charging
09:40:21,80,80,0,2,96,884,Charging
09:40:22,80,80,0,2,96,884,Charging
09:40:22,80,80,0,2,96,884,Charging
09:40:23,80,80,0,2,96,884,Charging
09:40:23,80,80,0,2,96,884,Charging
09:40:24,80,80,0,2,96,884,Charging
09:40:24,80,80,0,2,96,884,Charging
09:40:25,80,80,0,2,96,884,Charging
09:40:25,80,80,0,2,96,884,Charging
09:40:26,80,80,0,2,96,884,Charging
09:40:26,80,80,0,2,96,884,Charging
09:40:27,80,80,0,2,96,884,Charging
09:40:27,80,80,0,2,96,884,Charging
09:40:28,80,80,0,2,96,884,Charging
09:40:28,80,80,0,2,96,884,Charging
09:40:29,80,80,0,2,97,884,Charging
09:40:29,80,80,0,2,97,884,Charging
09:40:30,80,80,0,2,97,884,Charging
09:40:30,80,80,0,2,97,884,Charging
09:40:31,80,80,0,2,97,884,Charging
09:40:31,80,80,0,2,97,884,Charging
09:40:32,80,80,0,2,97,884,Charging
09:40:32,80,80,0,2,97,884,Charging
09:40:33,80,80,0,2,97,884,Charging
09:40:33,80,80,0,2,97,884,Charging
09:40:34,80,80,0,2,97,884,Charging
09:40:34,80,80,0,2,97,884,Charging
09:40:35,80,80,0,2,97,884,Charging
09:40:35,80,80,0,2,97,884,Charging
09:40:36,80,80,0,2,97,884,Charging
09:40:36,80,80,0,2,97,884,Charging
09:40:37,80,80,0,2,97,884,Charging
09:40:37,80,80,0,2,97,884,Charging
09:40:38,80,80,0,2,97,884,Charging
09:40:38,80,80,0,2,97,884,Charging
09:40:39,80,80,0,2,97,850,Charging
09:40:39,80,80,0,2,97,850,Charging
09:40:40,80,80,0,2,97,850,Charging
09:40:40,80,80,0,2,97,850,Charging
09:40:41,80,80,0,2,97,850,Charging
09:40:41,80,80,0,2,97,850,Charging
09:40:42,80,80,0,2,97,850,Charging
09:40:42,80,80,0,2,97,850,Charging
09:40:43,80,80,0,2,97,850,Charging
09:40:43,80,80,0,2,97,850,Charging
09:40:44,80,80,0,2,97,850,Charging
09:40:44,80,80,0,2,97,850,Charging
09:40:45,80,80,0,2,97,850,Charging
09:40:45,80,80,0,2,97,850,Charging
09:40:46,80,80,0,2,97,850,Charging
09:40:46,80,80,0,2,97,850,Charging
09:40:47,80,80,0,2,97,850,Charging
09:40:47,80,80,0,2,97,850,Charging
09:40:48,80,80,0,2,97,850,Charging
09:40:48,80,80,0,2,97,850,Charging
09:40:49,80,80,0,2,97,850,Charging
09:40:49,80,80,0,2,97,850,Charging
09:40:50,80,80,0,2,97,850,Charging
09:40:50,80,80,0,2,97,850,Charging
09:40:51,80,80,0,2,97,850,Charging
09:40:51,80,80,0,2,97,850,Charging
09:40:52,80,80,0,2,97,850,Charging
09:40:52,80,80,0,2,97,850,Charging
09:40:53,80,80,0,2,97,850,Charging
09:40:53,80,80,0,2,97,850,Charging
09:40:54,80,80,0,2,97,850,Charging
09:40:54,80,80,0,2,97,850,Charging
09:40:55,80,80,0,2,97,850,Charging
09:40:55,80,80,0,2,97,850,Charging
09:40:56,80,80,0,2,97,850,Charging
09:40:56,80,80,0,2,97,850,Charging
09:40:57,80,80,0,2,97,850,Charging
09:40:57,80,80,0,2,97,850,Charging
09:40:58,80,80,0,2,97,850,Charging
09:40:58,80,80,0,2,97,850,Charging
09:40:59,80,80,0,2,97,850,Charging
09:40:59,80,80,0,2,97,850,Charging
09:41:00,80,80,0,2,97,850,Charging
09:41:00,80,80,0,2,97,850,Charging
09:41:01,80,80,0,2,97,850,Charging
09:41:01,80,80,0,2,97,850,Charging
09:41:02,80,80,0,2,97,850,Charging
09:41:02,80,80,0,2,97,850,Charging
09:41:03,80,80,0,2,97,850,Charging
09:41:03,80,80,0,2,97,850,Charging
09:41:04,80,80,0,2,97,850,Charging
09:41:04,80,80,0,2,97,850,Charging
09:41:05,80,80,0,2,97,850,Charging
09:41:05,80,80,0,2,97,850,Charging
09:41:06,80,80,0,2,97,816,Charging
09:41:06,80,80,0,2,97,816,Charging
09:41:07,80,80,0,2,97,816,Charging
09:41:07,80,80,0,2,97,816,Charging
09:41:08,80,80,0,2,97,816,Charging
09:41:08,80,80,0,2,97,816,Charging
09:41:09,80,80,0,2,97,816,Charging
09:41:09,80,80,0,2,97,816,Charging
09:41:10,80,80,0,2,97,816,Charging
09:41:10,80,80,0,2,97,816,Charging
09:41:11,80,80,0,2,97,816,Charging
09:41:11,80,80,0,2,97,816,Charging
09:41:12,80,80,0,2,97,816,Charging
09:41:12,80,80,0,2,97,816,Charging
09:41:13,80,80,0,2,97,816,Charging
09:41:13,80,80,0,2,97,816,Charging
09:41:14,80,80,0,2,97,816,Charging
09:41:14,80,80,0,2,97,816,Charging
09:41:15,80,80,0,2,97,816,Charging
09:41:15,80,80,0,2,97,816,Charging
09:41:16,80,80,0,2,97,816,Charging
09:41:16,80,80,0,2,97,816,Charging
09:41:17,80,80,0,2,97,816,Charging
09:41:17,80,80,0,2,97,816,Charging
09:41:18,80,80,0,2,97,816,Charging
09:41:18,80,80,0,2,97,816,Charging
09:41:19,80,80,0,2,97,816,Charging
09:41:19,80,80,0,2,97,816,Charging
09:41:20,80,80,0,2,97,816,Charging
09:41:20,80,80,0,2,97,816,Charging
09:41:21,80,80,0,2,97,816,Charging
09:41:21,80,80,0,2,97,816,Charging
09:41:22,80,80,0,2,97,816,Charging
09:41:22,80,80,0,2,97,816,Charging
09:41:23,80,80,0,2,97,816,Charging
09:41:23,80,80,0,2,97,816,Charging
09:41:24,80,80,0,2,97,816,Charging
09:41:24,80,80,0,2,97,816,Charging
09:41:25,80,80,0,2,97,816,Charging
09:41:25,80,80,0,2,97,816,Charging
09:41:26,80,80,0,2,97,816,Charging
09:41:26,80,80,0,2,97,816,Charging
09:41:27,80,80,0,2,97,816,Charging
09:41:27,80,80,0,2,97,816,Charging
09:41:28,80,80,0,2,97,816,Charging
09:41:28,80,80,0,2,97,816,Charging
09:41:29,80,80,0,2,97,816,Charging
09:41:29,80,80,0,2,97,816,Charging
09:41:30,80,80,0,2,97,816,Charging
09:41:30,80,80,0,2,97,816,Charging
09:41:31,80,80,0,2,97,816,Charging
09:41:31,80,80,0,2,97,816,Charging
09:41:32,80,80,0,2,97,816,Charging
09:41:32,80,80,0,2,97,816,Charging
09:41:33,80,80,0,2,97,816,Charging
09:41:33,80,80,0,2,97,816,Charging
09:41:34,80,80,0,2,97,816,Charging
09:41:34,80,80,0,2,97,816,Charging
09:41:35,80,80,0,2,97,816,Charging
09:41:35,80,80,0,2,97,816,Charging
09:41:36,80,80,0,2,97,816,Charging
09:41:36,80,80,0,2,97,816,Charging
09:41:37,80,80,0,2,97,816,Charging
09:41:37,80,80,0,2,97,816,Charging
09:41:38,80,80,0,2,97,816,Charging
09:41:38,80,80,0,2,97,816,Charging
09:41:39,80,80,0,2,97,816,Charging
09:41:39,80,80,0,2,97,816,Charging
09:41:40,80,80,0,2,97,816,Charging
09:41:40,80,80,0,2,97,816,Charging
09:41:41,80,80,0,2,97,816,Charging
09:41:41,80,80,0,2,97,816,Charging
09:41:42,80,80,0,2,97,816,Charging
09:41:42,80,80,0,2,97,816,Charging
09:41:43,80,80,0,2,97,816,Charging
09:41:43,80,80,0,2,97,816,Charging
09:41:44,80,80,0,2,97,816,Charging
09:41:44,80,80,0,2,97,816,Charging
09:41:45,80,80,0,2,97,816,Charging
09:41:45,80,80,0,2,97,816,Charging
09:41:46,80,80,0,2,97,816,Charging
09:41:46,80,80,0,2,97,816,Charging
09:41:47,80,80,0,2,97,816,Charging
09:41:47,80,80,0,2,97,816,Charging
09:41:48,80,80,0,2,97,816,Charging
09:41:48,80,80,0,2,97,816,Charging
09:41:49,80,80,0,2,97,816,Charging
09:41:49,80,80,0,2,97,816,Charging
09:41:50,80,80,0,2,97,816,Charging
09:41:50,80,80,0,2,97,816,Charging
09:41:51,80,80,0,2,97,816,Charging
09:41:51,80,80,0,2,97,816,Charging
09:41:52,80,80,0,2,97,816,Charging
09:41:52,80,80,0,2,97,816,Charging
09:41:53,80,80,0,2,97,816,Charging
09:41:53,80,80,0,2,97,816,Charging
09:41:54,80,80,0,2,97,816,Charging
09:41:54,80,80,0,2,97,816,Charging
09:41:55,80,80,0,2,97,816,Charging
09:41:55,80,80,0,2,97,816,Charging
09:41:56,80,80,0,2,97,816,Charging
09:41:56,80,80,0,2,97,816,Charging
09:41:57,80,80,0,2,97,816,Charging
09:41:57,80,80,0,2,97,816,Charging
09:41:58,80,80,0,2,97,816,Charging
09:41:58,80,80,0,2,97,816,Charging
09:41:59,80,80,0,2,97,816,Charging
09:41:59,80,80,0,2,97,816,Charging
09:42:00,80,80,0,2,97,816,Charging
09:42:00,80,80,0,2,97,816,Charging
09:42:01,80,80,0,2,97,816,Charging
09:42:01,80,80,0,2,97,816,Charging
09:42:02,80,80,0,2,97,816,Charging
09:42:02,80,80,0,2,97,816,Charging
09:42:03,80,80,0,2,97,816,Charging
09:42:03,80,80,0,2,97,816,Charging
09:42:04,80,80,0,2,97,816,Charging
09:42:04,80,80,0,2,97,816,Charging
09:42:05,80,80,0,2,97,816,Charging
09:42:05,80,80,0,2,97,816,Charging
09:42:06,80,80,0,2,97,816,Charging
09:42:06,80,80,0,2,97,816,Charging
09:42:07,80,80,0,2,97,816,Charging
09:42:07,80,80,0,2,97,816,Charging
09:42:08,80,80,0,2,97,816,Charging
09:42:08,80,80,0,2,97,816,Charging
09:42:09,80,80,0,2,97,816,Charging
09:42:09,80,80,0,2,97,816,Charging
09:42:10,80,80,0,2,97,816,Charging
09:42:10,80,80,0,2,97,816,Charging
09:42:11,80,80,0,2,97,816,Charging
09:42:11,80,80,0,2,97,816,Charging
09:42:12,80,80,0,2,97,816,Charging
09:42:12,80,80,0,2,97,816,Charging
09:42:13,80,80,0,2,97,816,Charging
09:42:13,80,80,0,2,97,816,Charging
09:42:14,80,80,0,2,97,816,Charging
09:42:14,80,80,0,2,97,816,Charging
09:42:15,80,80,0,2,97,816,Charging
09:42:15,80,80,0,2,97,816,Charging
09:42:16,80,80,0,2,97,816,Charging
09:42:16,80,80,0,2,97,816,Charging
09:42:17,80,80,0,2,97,782,Charging
09:42:17,80,80,0,2,97,782,Charging
09:42:18,80,80,0,2,97,782,Charging
09:42:18,80,80,0,2,97,782,Charging
09:42:19,80,80,0,2,97,782,Charging
09:42:19,80,80,0,2,97,782,Charging
09:42:20,80,80,0,2,97,782,Charging
09:42:20,80,80,0,2,97,782,Charging
09:42:21,80,80,0,2,97,782,Charging
09:42:21,80,80,0,2,97,782,Charging
09:42:22,80,80,0,2,97,782,Charging
09:42:22,80,80,0,2,97,782,Charging
09:42:23,80,80,0,2,97,782,Charging
09:42:23,80,80,0,2,97,782,Charging
09:42:24,80,80,0,2,97,782,Charging
09:42:24,80,80,0,2,97,782,Charging
09:42:25,80,80,0,2,97,782,Charging
09:42:25,80,80,0,2,97,782,Charging
09:42:26,80,80,0,2,97,782,Charging
09:42:26,80,80,0,2,97,782,Charging
09:42:27,80,80,0,2,97,782,Charging
09:42:27,80,80,0,2,97,782,Charging
09:42:28,80,80,0,2,97,782,Charging
09:42:28,80,80,0,2,97,782,Charging
09:42:29,80,80,0,2,97,782,Charging
09:42:29,80,80,0,2,97,782,Charging
09:42:30,80,80,0,2,97,782,Charging
09:42:30,80,80,0,2,97,782,Charging
09:42:31,80,80,0,2,97,782,Charging
09:42:31,80,80,0,2,97,782,Charging
09:42:32,80,80,0,2,97,782,Charging
09:42:32,80,80,0,2,97,782,Charging
09:42:33,80,80,0,2,97,782,Charging
09:42:33,80,80,0,2,97,782,Charging
09:42:34,80,80,0,2,97,782,Charging
09:42:34,80,80,0,2,97,782,Charging
09:42:35,80,80,0,2,97,782,Charging
09:42:35,80,80,0,2,97,782,Charging
09:42:36,80,80,0,2,97,782,Charging
09:42:36,80,80,0,2,97,782,Charging
09:42:37,80,80,0,2,97,782,Charging
09:42:37,80,80,0,2,97,782,Charging
09:42:38,80,80,0,2,97,782,Charging
09:42:38,80,80,0,2,97,782,Charging
09:42:39,80,80,0,2,97,782,Charging
09:42:39,80,80,0,2,97,782,Charging
09:42:40,80,80,0,2,97,782,Charging
09:42:40,80,80,0,2,97,782,Charging
09:42:41,80,80,0,2,97,782,Charging
09:42:41,80,80,0,2,97,782,Charging
09:42:42,80,80,0,2,97,782,Charging
09:42:42,80,80,0,2,97,782,Charging
09:42:43,80,80,0,2,97,782,Charging
09:42:43,80,80,0,2,97,782,Charging
09:42:44,80,80,0,2,97,782,Charging
09:42:44,80,80,0,2,97,782,Charging
09:42:45,80,80,0,2,97,782,Charging
09:42:45,80,80,0,2,97,782,Charging
09:42:46,80,80,0,2,97,782,Charging
09:42:46,80,80,0,2,97,782,Charging
09:42:47,80,80,0,2,97,782,Charging
09:42:47,80,80,0,2,97,782,Charging
09:42:48,80,80,0,2,97,782,Charging
09:42:48,80,80,0,2,97,782,Charging
09:42:49,80,80,0,2,98,782,Charging
09:42:49,80,80,0,2,98,782,Charging
09:42:50,80,80,0,2,98,782,Charging
09:42:50,80,80,0,2,98,782,Charging
09:42:51,80,80,0,2,98,782,Charging
09:42:51,80,80,0,2,98,782,Charging
09:42:52,80,80,0,2,98,782,Charging
09:42:52,80,80,0,2,98,782,Charging
09:42:53,80,80,0,2,98,748,Charging
09:42:53,80,80,0,2,98,748,Charging
09:42:54,80,80,0,2,98,748,Charging
09:42:54,80,80,0,2,98,748,Charging
09:42:55,80,80,0,2,98,748,Charging
09:42:55,80,80,0,2,98,748,Charging
09:42:56,80,80,0,2,98,748,Charging
09:42:56,80,80,0,2,98,748,Charging
09:42:57,80,80,0,2,98,748,Charging
09:42:57,80,80,0,2,98,748,Charging
09:42:58,80,80,0,2,98,748,Charging
09:42:58,80,80,0,2,98,748,Charging
09:42:59,80,80,0,2,98,748,Charging
09:42:59,80,80,0,2,98,748,Charging
09:43:00,80,80,0,2,98,748,Charging
09:43:00,80,80,0,2,98,748,Charging
09:43:01,80,80,0,2,98,748,Charging
09:43:01,80,80,0,2,98,748,Charging
09:43:02,80,80,0,2,98,748,Charging
09:43:02,80,80,0,2,98,748,Charging
09:43:03,80,80,0,2,98,748,Charging
09:43:03,80,80,0,2,98,748,Charging
09:43:04,80,80,0,2,98,748,Charging
09:43:04,80,80,0,2,98,748,Charging
09:43:05,80,80,0,2,98,748,Charging
09:43:05,80,80,0,2,98,748,Charging
09:43:06,80,80,0,2,98,748,Charging
09:43:06,80,80,0,2,98,748,Charging
09:43:07,80,80,0,2,98,748,Charging
09:43:07,80,80,0,2,98,748,Charging
09:43:08,80,80,0,2,98,748,Charging
09:43:08,80,80,0,2,98,748,Charging
09:43:09,80,80,0,2,98,748,Charging
09:43:09,80,80,0,2,98,748,Charging
09:43:10,80,80,0,2,98,748,Charging
09:43:10,80,80,0,2,98,748,Charging
09:43:11,80,80,0,2,98,748,Charging
09:43:11,80,80,0,2,98,748,Charging
09:43:12,80,80,0,2,98,748,Charging
09:43:12,80,80,0,2,98,748,Charging
09:43:13,80,80,0,2,98,748,Charging
09:43:13,80,80,0,2,98,748,Charging
09:43:14,80,80,0,2,98,748,Charging
09:43:14,80,80,0,2,98,748,Charging
09:43:15,80,80,0,2,98,748,Charging
09:43:15,80,80,0,2,98,748,Charging
09:43:16,80,80,0,2,98,748,Charging
09:43:16,80,80,0,2,98,748,Charging
09:43:17,80,80,0,2,98,748,Charging
09:43:17,80,80,0,2,98,748,Charging
09:43:18,80,80,0,2,98,748,Charging
09:43:18,80,80,0,2,98,748,Charging
09:43:19,80,80,0,2,98,748,Charging
09:43:19,80,80,0,2,98,748,Charging
09:43:20,80,80,0,2,98,748,Charging
09:43:20,80,80,0,2,98,748,Charging
09:43:21,80,80,0,2,98,748,Charging
09:43:22,80,80,0,2,98,748,Charging
09:43:22,80,80,0,2,98,0,Not charging
09:43:23,80,80,0,2,98,0,Not charging
09:43:23,80,80,0,2,98,680,Charging
09:43:24,80,80,0,2,98,680,Charging
09:43:24,80,80,0,2,98,748,Charging
09:43:25,80,80,0,2,98,748,Charging
09:43:25,80,80,0,2,98,748,Charging
09:43:26,80,80,0,2,98,748,Charging
09:43:26,80,80,0,2,98,748,Charging
09:43:27,80,80,0,2,98,748,Charging
09:43:27,80,80,0,2,98,748,Charging
09:43:28,80,80,0,2,98,748,Charging
09:43:28,80,80,0,2,98,748,Charging
09:43:29,80,80,0,2,98,748,Charging
09:43:29,80,80,0,2,98,748,Charging
09:43:30,80,80,0,2,98,748,Charging
09:43:30,80,80,0,2,98,748,Charging
09:43:31,80,80,0,2,98,748,Charging
09:43:31,80,80,0,2,98,748,Charging
09:43:32,80,80,0,2,98,748,Charging
09:43:32,80,80,0,2,98,748,Charging
09:43:33,80,80,0,2,98,748,Charging
09:43:33,80,80,0,2,98,748,Charging
09:43:34,80,80,0,2,98,748,Charging
09:43:34,80,80,0,2,98,748,Charging
09:43:35,80,80,0,2,98,748,Charging
09:43:35,80,80,0,2,98,748,Charging
09:43:36,80,80,0,2,98,748,Charging
09:43:36,80,80,0,2,98,748,Charging
09:43:37,80,80,0,2,98,748,Charging
09:43:37,80,80,0,2,98,748,Charging
09:43:38,80,80,0,2,98,748,Charging
09:43:38,80,80,0,2,98,748,Charging
09:43:39,80,80,0,2,98,748,Charging
09:43:39,80,80,0,2,98,748,Charging
09:43:40,80,80,0,2,98,748,Charging
09:43:40,80,80,0,2,98,748,Charging
09:43:41,80,80,0,2,98,748,Charging
09:43:41,80,80,0,2,98,748,Charging
09:43:42,80,80,0,2,98,748,Charging
09:43:42,80,80,0,2,98,748,Charging
09:43:43,80,80,0,2,98,748,Charging
09:43:43,80,80,0,2,98,748,Charging
09:43:44,80,80,0,2,98,748,Charging
09:43:44,80,80,0,2,98,748,Charging
09:43:45,80,80,0,2,98,748,Charging
09:43:45,80,80,0,2,98,0,Not charging
09:43:46,80,80,0,2,98,0,Not charging
09:43:46,80,80,0,2,98,680,Charging
09:43:47,80,80,0,2,98,680,Charging
09:43:47,80,80,0,2,98,714,Charging
09:43:48,80,80,0,2,98,714,Charging
09:43:48,80,80,0,2,98,714,Charging
09:43:49,80,80,0,2,98,714,Charging
09:43:49,80,80,0,2,98,714,Charging
09:43:50,80,80,0,2,98,714,Charging
09:43:50,80,80,0,2,98,714,Charging
09:43:51,80,80,0,2,98,714,Charging
09:43:51,80,80,0,2,98,714,Charging
09:43:52,80,80,0,2,98,714,Charging
09:43:52,80,80,0,2,98,714,Charging
09:43:53,80,80,0,2,98,714,Charging
09:43:53,80,80,0,2,98,714,Charging
09:43:54,80,80,0,2,98,714,Charging
09:43:54,80,80,0,2,98,714,Charging
09:43:55,80,80,0,2,98,714,Charging
09:43:55,80,80,0,2,98,714,Charging
09:43:56,80,80,0,2,98,714,Charging
09:43:56,80,80,0,2,98,714,Charging
09:43:57,80,80,0,2,98,714,Charging
09:43:57,80,80,0,2,98,714,Charging
09:43:58,80,80,0,2,98,714,Charging
09:43:58,80,80,0,2,98,714,Charging
09:43:59,80,80,0,2,98,714,Charging
09:43:59,80,80,0,2,98,714,Charging
09:44:00,80,80,0,2,98,714,Charging
09:44:00,80,80,0,2,98,714,Charging
09:44:01,80,80,0,2,98,714,Charging
09:44:01,80,80,0,2,98,714,Charging
09:44:02,80,80,0,2,98,714,Charging
09:44:02,80,80,0,2,98,714,Charging
09:44:03,80,80,0,2,98,714,Charging
09:44:03,80,80,0,2,98,714,Charging
09:44:04,80,80,0,2,98,714,Charging
09:44:04,80,80,0,2,98,714,Charging
09:44:05,80,80,0,2,98,714,Charging
09:44:05,80,80,0,2,98,714,Charging
09:44:06,80,80,0,2,98,714,Charging
09:44:06,80,80,0,2,98,714,Charging
09:44:07,80,80,0,2,98,714,Charging
09:44:07,80,80,0,2,98,714,Charging
09:44:08,80,80,0,2,98,714,Charging
09:44:08,80,80,0,2,98,714,Charging
09:44:09,80,80,0,2,98,714,Charging
09:44:09,80,80,0,2,98,714,Charging
09:44:10,80,80,0,2,98,714,Charging
09:44:10,80,80,0,2,98,714,Charging
09:44:11,80,80,0,2,98,714,Charging
09:44:11,80,80,0,2,98,714,Charging
09:44:12,80,80,0,2,98,714,Charging
09:44:12,80,80,0,2,98,714,Charging
09:44:13,80,80,0,2,98,714,Charging
09:44:13,80,80,0,2,98,714,Charging
09:44:14,80,80,0,2,98,714,Charging
09:44:14,80,80,0,2,98,714,Charging
09:44:15,80,80,0,2,98,714,Charging
09:44:15,80,80,0,2,98,714,Charging
09:44:16,80,80,0,2,98,714,Charging
09:44:16,80,80,0,2,98,714,Charging
09:44:17,80,80,0,2,98,714,Charging
09:44:17,80,80,0,2,98,714,Charging
09:44:18,80,80,0,2,98,714,Charging
09:44:18,80,80,0,2,98,714,Charging
09:44:19,80,80,0,2,98,714,Charging
09:44:19,80,80,0,2,98,714,Charging
09:44:20,80,80,0,2,98,714,Charging
09:44:20,80,80,0,2,98,714,Charging
09:44:21,80,80,0,2,98,714,Charging
09:44:21,80,80,0,2,98,714,Charging
09:44:22,80,80,0,2,98,714,Charging
09:44:22,80,80,0,2,98,714,Charging
09:44:23,80,80,0,2,98,714,Charging
09:44:23,80,80,0,2,98,714,Charging
09:44:24,80,80,0,2,98,714,Charging
09:44:24,80,80,0,2,98,714,Charging
09:44:25,80,80,0,2,98,714,Charging
09:44:25,80,80,0,2,98,714,Charging
09:44:26,80,80,0,2,98,714,Charging
09:44:26,80,80,0,2,98,714,Charging
09:44:27,80,80,0,2,98,714,Charging
09:44:27,80,80,0,2,98,714,Charging
09:44:28,80,80,0,2,98,714,Charging
09:44:28,80,80,0,2,98,714,Charging
09:44:29,80,80,0,2,98,714,Charging
09:44:29,80,80,0,2,98,714,Charging
09:44:30,80,80,0,2,98,714,Charging
09:44:30,80,80,0,2,98,714,Charging
09:44:31,80,80,0,2,98,714,Charging
09:44:31,80,80,0,2,98,714,Charging
09:44:32,80,80,0,2,98,714,Charging
09:44:32,80,80,0,2,98,714,Charging
09:44:33,80,80,0,2,98,714,Charging
09:44:33,80,80,0,2,98,714,Charging
09:44:34,80,80,0,2,98,714,Charging
09:44:34,80,80,0,2,98,714,Charging
09:44:35,80,80,0,2,98,714,Charging
09:44:35,80,80,0,2,98,714,Charging
09:44:36,80,80,0,2,98,714,Charging
09:44:36,80,80,0,2,98,714,Charging
09:44:37,80,80,0,2,98,714,Charging
09:44:37,80,80,0,2,98,714,Charging
09:44:38,80,80,0,2,98,714,Charging
09:44:38,80,80,0,2,98,714,Charging
09:44:39,80,80,0,2,98,714,Charging
09:44:39,80,80,0,2,98,714,Charging
09:44:40,80,80,0,2,98,714,Charging
09:44:40,80,80,0,2,98,714,Charging
09:44:41,80,80,0,2,98,714,Charging
09:44:41,80,80,0,2,98,714,Charging
09:44:42,80,80,0,2,98,714,Charging
09:44:42,80,80,0,2,98,714,Charging
09:44:43,80,80,0,2,98,714,Charging
09:44:43,80,80,0,2,98,714,Charging
09:44:44,80,80,0,2,98,714,Charging
09:44:44,80,80,0,2,98,714,Charging
09:44:45,80,80,0,2,98,714,Charging
09:44:45,80,80,0,2,98,714,Charging
09:44:46,80,80,0,2,98,714,Charging
09:44:46,80,80,0,2,98,714,Charging
09:44:47,80,80,0,2,98,714,Charging
09:44:47,80,80,0,2,98,714,Charging
09:44:48,80,80,0,2,98,714,Charging
09:44:48,80,80,0,2,98,714,Charging
09:44:49,80,80,0,2,98,714,Charging
09:44:49,80,80,0,2,98,714,Charging
09:44:50,80,80,0,2,98,714,Charging
09:44:50,80,80,0,2,98,714,Charging
09:44:51,80,80,0,2,98,714,Charging
09:44:51,80,80,0,2,98,714,Charging
09:44:52,80,80,0,2,98,714,Charging
09:44:52,80,80,0,2,98,714,Charging
09:44:53,80,80,0,2,98,714,Charging
09:44:53,80,80,0,2,98,714,Charging
09:44:54,80,80,0,2,98,714,Charging
09:44:54,80,80,0,2,98,714,Charging
09:44:55,80,80,0,2,98,714,Charging
09:44:55,80,80,0,2,98,714,Charging
09:44:56,80,80,0,2,98,714,Charging
09:44:56,80,80,0,2,98,714,Charging
09:44:57,80,80,0,2,98,714,Charging
09:44:57,80,80,0,2,98,714,Charging
09:44:58,80,80,0,2,98,714,Charging
09:44:58,80,80,0,2,98,714,Charging
09:44:59,80,80,0,2,98,714,Charging
09:44:59,80,80,0,2,98,714,Charging
09:45:00,80,80,0,2,98,714,Charging
09:45:00,80,80,0,2,98,714,Charging
09:45:01,80,80,0,2,98,714,Charging
09:45:01,80,80,0,2,98,714,Charging
09:45:02,80,80,0,2,98,714,Charging
09:45:02,80,80,0,2,98,714,Charging
09:45:03,80,80,0,2,98,714,Charging
09:45:03,80,80,0,2,98,714,Charging
09:45:04,80,80,0,2,98,714,Charging
09:45:04,80,80,0,2,98,714,Charging
09:45:05,80,80,0,2,98,714,Charging
09:45:05,80,80,0,2,98,714,Charging
09:45:06,80,80,0,2,98,714,Charging
09:45:06,80,80,0,2,98,714,Charging
09:45:07,80,80,0,2,98,714,Charging
09:45:07,80,80,0,2,98,714,Charging
09:45:08,80,80,0,2,98,714,Charging
09:45:08,80,80,0,2,98,714,Charging
09:45:09,80,80,0,2,98,714,Charging
09:45:09,80,80,0,2,98,714,Charging
09:45:10,80,80,0,2,98,714,Charging
09:45:10,80,80,0,2,98,714,Charging
09:45:11,80,80,0,2,98,714,Charging
09:45:11,80,80,0,2,98,714,Charging
09:45:12,80,80,0,2,98,714,Charging
09:45:12,80,80,0,2,98,714,Charging
09:45:13,80,80,0,2,98,714,Charging
09:45:13,80,80,0,2,98,714,Charging
09:45:14,80,80,0,2,98,714,Charging
09:45:14,80,80,0,2,98,714,Charging
09:45:15,80,80,0,2,98,714,Charging
09:45:15,80,80,0,2,98,714,Charging
09:45:16,80,80,0,2,98,714,Charging
09:45:16,80,80,0,2,98,714,Charging
09:45:17,80,80,0,2,98,714,Charging
09:45:17,80,80,0,2,98,714,Charging
09:45:18,80,80,0,2,98,714,Charging
09:45:18,80,80,0,2,98,714,Charging
09:45:19,80,80,0,2,98,714,Charging
09:45:19,80,80,0,2,98,714,Charging
09:45:20,80,80,0,2,98,714,Charging
09:45:20,80,80,0,2,98,714,Charging
09:45:21,80,80,0,2,98,714,Charging
09:45:21,80,80,0,2,98,680,Charging
09:45:22,80,80,0,2,98,680,Charging
09:45:22,80,80,0,2,98,680,Charging
09:45:23,80,80,0,2,98,680,Charging
09:45:23,80,80,0,2,98,680,Charging
09:45:24,80,80,0,2,98,680,Charging
09:45:24,80,80,0,2,98,680,Charging
09:45:25,80,80,0,2,98,680,Charging
09:45:25,80,80,0,2,98,680,Charging
09:45:26,80,80,0,2,98,680,Charging
09:45:26,80,80,0,2,98,680,Charging
09:45:27,80,80,0,2,98,680,Charging
09:45:27,80,80,0,2,98,680,Charging
09:45:28,80,80,0,2,98,680,Charging
09:45:28,80,80,0,2,98,680,Charging
09:45:29,80,80,0,2,98,680,Charging
09:45:29,80,80,0,2,99,680,Charging
09:45:30,80,80,0,2,99,680,Charging
09:45:30,80,80,0,2,99,680,Charging
09:45:31,80,80,0,2,99,680,Charging
09:45:31,80,80,0,2,99,680,Charging
09:45:32,80,80,0,2,99,680,Charging
09:45:32,80,80,0,2,99,680,Charging
09:45:33,80,80,0,2,99,680,Charging
09:45:33,80,80,0,2,99,680,Charging
09:45:34,80,80,0,2,99,680,Charging
09:45:34,80,80,0,2,99,680,Charging
09:45:35,80,80,0,2,99,680,Charging
09:45:35,80,80,0,2,99,680,Charging
09:45:36,80,80,0,2,99,680,Charging
09:45:36,80,80,0,2,99,680,Charging
09:45:37,80,80,0,2,99,680,Charging
09:45:37,80,80,0,2,99,680,Charging
09:45:38,80,80,0,2,99,680,Charging
09:45:38,80,80,0,2,99,680,Charging
09:45:39,80,80,0,2,99,680,Charging
09:45:39,80,80,0,2,99,680,Charging
09:45:40,80,80,0,2,99,680,Charging
09:45:40,80,80,0,2,99,680,Charging
09:45:41,80,80,0,2,99,680,Charging
09:45:41,80,80,0,2,99,680,Charging
09:45:42,80,80,0,2,99,680,Charging
09:45:42,80,80,0,2,99,680,Charging
09:45:43,80,80,0,2,99,680,Charging
09:45:43,80,80,0,2,99,680,Charging
09:45:44,80,80,0,2,99,680,Charging
09:45:44,80,80,0,2,99,680,Charging
09:45:45,80,80,0,2,99,680,Charging
09:45:45,80,80,0,2,99,680,Charging
09:45:46,80,80,0,2,99,680,Charging
09:45:46,80,80,0,2,99,680,Charging
09:45:47,80,80,0,2,99,680,Charging
09:45:47,80,80,0,2,99,680,Charging
09:45:48,80,80,0,2,99,680,Charging
09:45:48,80,80,0,2,99,680,Charging
09:45:49,80,80,0,2,99,680,Charging
09:45:49,80,80,0,2,99,680,Charging
09:45:50,80,80,0,2,99,680,Charging
09:45:50,80,80,0,2,99,680,Charging
09:45:51,80,80,0,2,99,680,Charging
09:45:51,80,80,0,2,99,680,Charging
09:45:52,80,80,0,2,99,680,Charging
09:45:52,80,80,0,2,99,680,Charging
09:45:53,80,80,0,2,99,680,Charging
09:45:53,80,80,0,2,99,680,Charging
09:45:54,80,80,0,2,99,680,Charging
09:45:54,80,80,0,2,99,680,Charging
09:45:55,80,80,0,2,99,680,Charging
09:45:55,80,80,0,2,99,680,Charging
09:45:56,80,80,0,2,99,680,Charging
09:45:56,80,80,0,2,99,680,Charging
09:45:57,80,80,0,2,99,680,Charging
09:45:57,80,80,0,2,99,680,Charging
09:45:58,80,80,0,2,99,680,Charging
09:45:58,80,80,0,2,99,680,Charging
09:45:59,80,80,0,2,99,680,Charging
09:45:59,80,80,0,2,99,680,Charging
09:46:00,80,80,0,2,99,680,Charging
09:46:00,80,80,0,2,99,680,Charging
09:46:01,80,80,0,2,99,680,Charging
09:46:01,80,80,0,2,99,680,Charging
09:46:02,80,80,0,2,99,680,Charging
09:46:02,80,80,0,2,99,680,Charging
09:46:03,80,80,0,2,99,680,Charging
09:46:03,80,80,0,2,99,680,Charging
09:46:04,80,80,0,2,99,680,Charging
09:46:04,80,80,0,2,99,680,Charging
09:46:05,80,80,0,2,99,680,Charging
09:46:05,80,80,0,2,99,680,Charging
09:46:06,80,80,0,2,99,680,Charging
09:46:06,80,80,0,2,99,680,Charging
09:46:07,80,80,0,2,99,680,Charging
09:46:07,80,80,0,2,99,680,Charging
09:46:08,80,80,0,2,99,680,Charging
09:46:08,80,80,0,2,99,680,Charging
09:46:09,80,80,0,2,99,680,Charging
09:46:09,80,80,0,2,99,680,Charging
09:46:10,80,80,0,2,99,680,Charging
09:46:10,80,80,0,2,99,680,Charging
09:46:11,80,80,0,2,99,680,Charging
09:46:11,80,80,0,2,99,680,Charging
09:46:12,80,80,0,2,99,680,Charging
09:46:12,80,80,0,2,99,680,Charging
09:46:13,80,80,0,2,99,680,Charging
09:46:14,80,80,0,2,99,680,Charging
09:46:14,80,80,0,2,99,680,Charging
09:46:15,80,80,0,2,99,680,Charging
09:46:15,80,80,0,2,99,680,Charging
09:46:16,80,80,0,2,99,680,Charging
09:46:16,80,80,0,2,99,680,Charging
09:46:17,80,80,0,2,99,680,Charging
09:46:17,80,80,0,2,99,680,Charging
09:46:18,80,80,0,2,99,646,Charging
09:46:18,80,80,0,2,99,646,Charging
09:46:19,80,80,0,2,99,646,Charging
09:46:19,80,80,0,2,99,646,Charging
09:46:20,80,80,0,2,99,646,Charging
09:46:20,80,80,0,2,99,646,Charging
09:46:21,80,80,0,2,99,646,Charging
09:46:21,80,80,0,2,99,646,Charging
09:46:22,80,80,0,2,99,646,Charging
09:46:22,80,80,0,2,99,646,Charging
09:46:23,80,80,0,2,99,646,Charging
09:46:23,80,80,0,2,99,646,Charging
09:46:24,80,80,0,2,99,646,Charging
09:46:24,80,80,0,2,99,646,Charging
09:46:25,80,80,0,2,99,646,Charging
09:46:25,80,80,0,2,99,646,Charging
09:46:26,80,80,0,2,99,646,Charging
09:46:26,80,80,0,2,99,646,Charging
09:46:27,80,80,0,2,99,646,Charging
09:46:27,80,80,0,2,99,646,Charging
09:46:28,80,80,0,2,99,646,Charging
09:46:28,80,80,0,2,99,646,Charging
09:46:29,80,80,0,2,99,646,Charging
09:46:29,80,80,0,2,99,646,Charging
09:46:30,80,80,0,2,99,646,Charging
09:46:30,80,80,0,2,99,646,Charging
09:46:31,80,80,0,2,99,646,Charging
09:46:31,80,80,0,2,99,646,Charging
09:46:32,80,80,0,2,99,646,Charging
09:46:32,80,80,0,2,99,646,Charging
09:46:33,80,80,0,2,99,646,Charging
09:46:33,80,80,0,2,99,646,Charging
09:46:34,80,80,0,2,99,646,Charging
09:46:34,80,80,0,2,99,646,Charging
09:46:35,80,80,0,2,99,646,Charging
09:46:35,80,80,0,2,99,646,Charging
09:46:36,80,80,0,2,99,646,Charging
09:46:36,80,80,0,2,99,646,Charging
09:46:37,80,80,0,2,99,646,Charging
09:46:37,80,80,0,2,99,646,Charging
09:46:38,80,80,0,2,99,646,Charging
09:46:38,80,80,0,2,99,646,Charging
09:46:39,80,80,0,2,99,646,Charging
09:46:39,80,80,0,2,99,646,Charging
09:46:40,80,80,0,2,99,646,Charging
09:46:40,80,80,0,2,99,646,Charging
09:46:41,80,80,0,2,99,646,Charging
09:46:41,80,80,0,2,99,646,Charging
09:46:42,80,80,0,2,99,646,Charging
09:46:42,80,80,0,2,99,646,Charging
09:46:43,80,80,0,2,99,646,Charging
09:46:43,80,80,0,2,99,646,Charging
09:46:44,80,80,0,2,99,646,Charging
09:46:44,80,80,0,2,99,646,Charging
09:46:45,80,80,0,2,99,646,Charging
09:46:45,80,80,0,2,99,646,Charging
09:46:46,80,80,0,2,99,646,Charging
09:46:46,80,80,0,2,99,646,Charging
09:46:47,80,80,0,2,99,646,Charging
09:46:47,80,80,0,2,99,646,Charging
09:46:48,80,80,0,2,99,646,Charging
09:46:48,80,80,0,2,99,646,Charging
09:46:49,80,80,0,2,99,646,Charging
09:46:49,80,80,0,2,99,646,Charging
09:46:50,80,80,0,2,99,646,Charging
09:46:50,80,80,0,2,99,646,Charging
09:46:51,80,80,0,2,99,646,Charging
09:46:51,80,80,0,2,99,646,Charging
09:46:52,80,80,0,2,99,646,Charging
09:46:52,80,80,0,2,99,646,Charging
09:46:53,80,80,0,2,99,646,Charging
09:46:53,80,80,0,2,99,646,Charging
09:46:54,80,80,0,2,99,646,Charging
09:46:54,80,80,0,2,99,646,Charging
09:46:55,80,80,0,2,99,646,Charging
09:46:55,80,80,0,2,99,646,Charging
09:46:56,80,80,0,2,99,646,Charging
09:46:56,80,80,0,2,99,646,Charging
09:46:57,80,80,0,2,99,646,Charging
09:46:57,80,80,0,2,99,646,Charging
09:46:58,80,80,0,2,99,646,Charging
09:46:58,80,80,0,2,99,646,Charging
09:46:59,80,80,0,2,99,646,Charging
09:46:59,80,80,0,2,99,646,Charging
09:47:00,80,80,0,2,99,646,Charging
09:47:00,80,80,0,2,99,646,Charging
09:47:01,80,80,0,2,99,646,Charging
09:47:01,80,80,0,2,99,646,Charging
09:47:02,80,80,0,2,99,646,Charging
09:47:02,80,80,0,2,99,646,Charging
09:47:03,80,80,0,2,99,646,Charging
09:47:03,80,80,0,2,99,646,Charging
09:47:04,80,80,0,2,99,646,Charging
09:47:04,80,80,0,2,99,646,Charging
09:47:05,80,80,0,2,99,646,Charging
09:47:05,80,80,0,2,99,646,Charging
09:47:06,80,80,0,2,99,646,Charging
09:47:06,80,80,0,2,99,646,Charging
09:47:07,80,80,0,2,99,646,Charging
09:47:07,80,80,0,2,99,646,Charging
09:47:08,80,80,0,2,99,646,Charging
09:47:08,80,80,0,2,99,646,Charging
09:47:09,80,80,0,2,99,646,Charging
09:47:09,80,80,0,2,99,646,Charging
09:47:10,80,80,0,2,99,646,Charging
09:47:10,80,80,0,2,99,646,Charging
09:47:11,80,80,0,2,99,646,Charging
09:47:11,80,80,0,2,99,646,Charging
09:47:12,80,80,0,2,99,646,Charging
09:47:12,80,80,0,2,99,646,Charging
09:47:13,80,80,0,2,99,646,Charging
09:47:13,80,80,0,2,99,646,Charging
09:47:14,80,80,0,2,99,646,Charging
09:47:14,80,80,0,2,99,646,Charging
09:47:15,80,80,0,2,99,646,Charging
09:47:15,80,80,0,2,99,646,Charging
09:47:16,80,80,0,2,99,646,Charging
09:47:16,80,80,0,2,99,646,Charging
09:47:17,80,80,0,2,99,646,Charging
09:47:17,80,80,0,2,99,646,Charging
09:47:18,80,80,0,2,99,646,Charging
09:47:18,80,80,0,2,99,646,Charging
09:47:19,80,80,0,2,99,646,Charging
09:47:19,80,80,0,2,99,646,Charging
09:47:20,80,80,0,2,99,646,Charging
09:47:20,80,80,0,2,99,646,Charging
09:47:21,80,80,0,2,99,646,Charging
09:47:21,80,80,0,2,99,646,Charging
09:47:22,80,80,0,2,99,646,Charging
09:47:22,80,80,0,2,99,646,Charging
09:47:23,80,80,0,2,99,646,Charging
09:47:23,80,80,0,2,99,646,Charging
09:47:24,80,80,0,2,99,646,Charging
09:47:24,80,80,0,2,99,646,Charging
09:47:25,80,80,0,2,99,646,Charging
09:47:25,80,80,0,2,99,646,Charging
09:47:26,80,80,0,2,99,646,Charging
09:47:26,80,80,0,2,99,646,Charging
09:47:27,80,80,0,2,99,646,Charging
09:47:27,80,80,0,2,99,646,Charging
09:47:28,80,80,0,2,99,646,Charging
09:47:28,80,80,0,2,99,646,Charging
09:47:29,80,80,0,2,99,646,Charging
09:47:29,80,80,0,2,99,646,Charging
09:47:30,80,80,0,2,99,646,Charging
09:47:30,80,80,0,2,99,646,Charging
09:47:31,80,80,0,2,99,646,Charging
09:47:31,80,80,0,2,99,646,Charging
09:47:32,80,80,0,2,99,646,Charging
09:47:32,80,80,0,2,99,646,Charging
09:47:33,80,80,0,2,99,646,Charging
09:47:33,80,80,0,2,99,646,Charging
09:47:34,80,80,0,2,99,646,Charging
09:47:34,80,80,0,2,99,646,Charging
09:47:35,80,80,0,2,99,646,Charging
09:47:35,80,80,0,2,99,646,Charging
09:47:36,80,80,0,2,99,646,Charging
09:47:36,80,80,0,2,99,646,Charging
09:47:37,80,80,0,2,99,646,Charging
09:47:37,80,80,0,2,99,646,Charging
09:47:38,80,80,0,2,99,646,Charging
09:47:38,80,80,0,2,99,646,Charging
09:47:39,80,80,0,2,99,646,Charging
09:47:39,80,80,0,2,99,646,Charging
09:47:40,80,80,0,2,99,646,Charging
09:47:40,80,80,0,2,99,646,Charging
09:47:41,80,80,0,2,99,646,Charging
09:47:41,80,80,0,2,99,646,Charging
09:47:42,80,80,0,2,99,646,Charging
09:47:42,80,80,0,2,99,646,Charging
09:47:43,80,80,0,2,99,646,Charging
09:47:43,80,80,0,2,99,646,Charging
09:47:44,80,80,0,2,99,646,Charging
09:47:44,80,80,0,2,99,646,Charging
09:47:45,80,80,0,2,99,646,Charging
09:47:45,80,80,0,2,99,646,Charging
09:47:46,80,80,0,2,99,612,Charging
09:47:46,80,80,0,2,99,612,Charging
09:47:47,80,80,0,2,99,612,Charging
09:47:47,80,80,0,2,99,612,Charging
09:47:48,80,80,0,2,99,612,Charging
09:47:48,80,80,0,2,99,612,Charging
09:47:49,80,80,0,2,99,612,Charging
09:47:49,80,80,0,2,99,612,Charging
09:47:50,80,80,0,2,99,612,Charging
09:47:50,80,80,0,2,99,612,Charging
09:47:51,80,80,0,2,99,612,Charging
09:47:51,80,80,0,2,99,612,Charging
09:47:52,80,80,0,2,99,612,Charging
09:47:52,80,80,0,2,99,612,Charging
09:47:53,80,80,0,2,99,612,Charging
09:47:53,80,80,0,2,99,612,Charging
09:47:54,80,80,0,2,99,612,Charging
09:47:54,80,80,0,2,99,612,Charging
09:47:55,80,80,0,2,99,612,Charging
09:47:55,80,80,0,2,99,612,Charging
09:47:56,80,80,0,2,99,612,Charging
09:47:56,80,80,0,2,99,612,Charging
09:47:57,80,80,0,2,99,612,Charging
09:47:57,80,80,0,2,99,612,Charging
09:47:58,80,80,0,2,99,612,Charging
09:47:58,80,80,0,2,99,612,Charging
09:47:59,80,80,0,2,99,612,Charging
09:47:59,80,80,0,2,99,612,Charging
09:48:00,80,80,0,2,99,612,Charging
09:48:00,80,80,0,2,99,612,Charging
09:48:01,80,80,0,2,99,612,Charging
09:48:01,80,80,0,2,99,612,Charging
09:48:02,80,80,0,2,99,612,Charging
09:48:02,80,80,0,2,99,612,Charging
09:48:03,80,80,0,2,99,612,Charging
09:48:03,80,80,0,2,99,612,Charging
09:48:04,80,80,0,2,99,612,Charging
09:48:04,80,80,0,2,99,612,Charging
09:48:05,80,80,0,2,99,612,Charging
09:48:05,80,80,0,2,99,612,Charging
09:48:06,80,80,0,2,99,612,Charging
09:48:06,80,80,0,2,99,612,Charging
09:48:07,80,80,0,2,99,612,Charging
09:48:07,80,80,0,2,99,612,Charging
09:48:08,80,80,0,2,99,612,Charging
09:48:08,80,80,0,2,99,612,Charging
09:48:09,80,80,0,2,99,612,Charging
09:48:09,80,80,0,2,99,612,Charging
09:48:10,80,80,0,2,99,612,Charging
09:48:10,80,80,0,2,99,612,Charging
09:48:11,80,80,0,2,99,612,Charging
09:48:11,80,80,0,2,99,612,Charging
09:48:12,80,80,0,2,99,612,Charging
09:48:12,80,80,0,2,99,612,Charging
09:48:13,80,80,0,2,99,612,Charging
09:48:13,80,80,0,2,99,612,Charging
09:48:14,80,80,0,2,99,612,Charging
09:48:14,80,80,0,2,99,612,Charging
09:48:15,80,80,0,2,99,612,Charging
09:48:15,80,80,0,2,99,612,Charging
09:48:16,80,80,0,2,99,612,Charging
09:48:16,80,80,0,2,99,612,Charging
09:48:17,80,80,0,2,99,612,Charging
09:48:17,80,80,0,2,99,612,Charging
09:48:18,80,80,0,2,99,612,Charging
09:48:18,80,80,0,2,99,612,Charging
09:48:19,80,80,0,2,99,612,Charging
09:48:19,80,80,0,2,99,612,Charging
09:48:20,80,80,0,2,99,612,Charging
09:48:20,80,80,0,2,99,612,Charging
09:48:21,80,80,0,2,99,612,Charging
09:48:21,80,80,0,2,99,612,Charging
09:48:22,80,80,0,2,99,612,Charging
09:48:22,80,80,0,2,99,612,Charging
09:48:23,80,80,0,2,99,612,Charging
09:48:23,80,80,0,2,99,612,Charging
09:48:24,80,80,0,2,99,612,Charging
09:48:24,80,80,0,2,99,612,Charging
09:48:25,80,80,0,2,99,612,Charging
09:48:25,80,80,0,2,99,612,Charging
09:48:26,80,80,0,2,99,612,Charging
09:48:26,80,80,0,2,99,612,Charging
09:48:27,80,80,0,2,99,612,Charging
09:48:27,80,80,0,2,99,612,Charging
09:48:28,80,80,0,2,100,612,Not charging
09:48:28,80,80,0,2,100,612,Not charging
09:48:29,80,80,0,2,100,612,Not charging
09:48:29,80,80,0,2,100,612,Not charging
09:48:30,80,80,0,2,100,612,Not charging
09:48:30,80,80,0,2,100,612,Not charging
09:48:31,80,80,0,2,100,612,Not charging
09:48:31,80,80,0,2,100,612,Not charging
09:48:32,80,80,0,2,100,612,Not charging
09:48:32,80,80,0,2,100,612,Not charging
09:48:33,80,80,0,2,100,612,Not charging
09:48:33,80,80,0,2,100,612,Not charging
09:48:34,80,80,0,2,100,612,Not charging
09:48:34,80,80,0,2,100,612,Not charging
09:48:35,80,80,0,2,100,612,Not charging
09:48:35,80,80,0,2,100,612,Not charging
09:48:36,80,80,0,2,100,612,Not charging
09:48:36,80,80,0,2,100,612,Not charging
09:48:37,80,80,0,2,100,612,Not charging
09:48:37,80,80,0,2,100,612,Not charging
09:48:38,80,80,0,2,100,612,Not charging
09:48:38,80,80,0,2,100,612,Not charging
09:48:39,80,80,0,2,100,612,Not charging
09:48:39,80,80,0,2,100,612,Not charging
09:48:40,80,80,0,2,100,612,Not charging
09:48:40,80,80,0,2,100,612,Not charging
09:48:41,80,80,0,2,100,612,Not charging
09:48:41,80,80,0,2,100,612,Not charging
09:48:42,80,80,0,2,100,612,Not charging
09:48:42,80,80,0,2,100,612,Not charging
09:48:43,80,80,0,2,100,612,Not charging
09:48:43,80,80,0,2,100,612,Not charging
09:48:44,80,80,0,2,100,612,Not charging
09:48:44,80,80,0,2,100,612,Not charging
09:48:45,80,80,0,2,100,612,Not charging
09:48:45,80,80,0,2,100,612,Not charging
09:48:46,80,80,0,2,100,612,Not charging
09:48:46,80,80,0,2,100,612,Not charging
09:48:47,80,80,0,2,100,612,Not charging
09:48:47,80,80,0,2,100,612,Not charging
09:48:48,80,80,0,2,100,612,Not charging
09:48:48,80,80,0,2,100,612,Not charging
09:48:49,80,80,0,2,100,612,Not charging
09:48:49,80,80,0,2,100,612,Not charging
09:48:50,80,80,0,2,100,612,Not charging
09:48:50,80,80,0,2,100,612,Not charging
09:48:51,80,80,0,2,100,612,Not charging
09:48:51,80,80,0,2,100,612,Not charging
09:48:52,80,80,0,2,100,612,Not charging
09:48:52,80,80,0,2,100,612,Not charging
09:48:53,80,80,0,2,100,612,Not charging
09:48:53,80,80,0,2,100,612,Not charging
09:48:54,80,80,0,2,100,612,Not charging
09:48:54,80,80,0,2,100,612,Not charging
09:48:55,80,80,0,2,100,612,Not charging
09:48:55,80,80,0,2,100,612,Not charging
09:48:56,80,80,0,2,100,612,Not charging
09:48:56,80,80,0,2,100,612,Not charging
09:48:57,80,80,0,2,100,612,Not charging
09:48:57,80,80,0,2,100,612,Not charging
09:48:58,80,80,0,2,100,612,Not charging
09:48:58,80,80,0,2,100,612,Not charging
09:48:59,80,80,0,2,100,612,Not charging
09:48:59,80,80,0,2,100,612,Not charging
09:49:00,80,80,0,2,100,612,Not charging
09:49:00,80,80,0,2,100,612,Not charging
09:49:01,80,80,0,2,100,612,Not charging
09:49:01,80,80,0,2,100,612,Not charging
09:49:02,80,80,0,2,100,612,Not charging
09:49:02,80,80,0,2,100,612,Not charging
09:49:03,80,80,0,2,100,612,Not charging
09:49:03,80,80,0,2,100,612,Not charging
09:49:04,80,80,0,2,100,612,Not charging
09:49:04,80,80,0,2,100,612,Not charging
09:49:05,80,80,0,2,100,612,Not charging
09:49:05,80,80,0,2,100,612,Not charging
09:49:06,80,80,0,2,100,612,Not charging
09:49:06,80,80,0,2,100,612,Not charging
09:49:07,80,80,0,2,100,612,Not charging
09:49:07,80,80,0,2,100,612,Not charging
09:49:08,80,80,0,2,100,612,Not charging
09:49:08,80,80,0,2,100,612,Not charging
09:49:09,80,80,0,2,100,612,Not charging
09:49:09,80,80,0,2,100,612,Not charging
09:49:10,80,80,0,2,100,612,Not charging
09:49:10,80,80,0,2,100,612,Not charging
09:49:11,80,80,0,2,100,612,Not charging
09:49:11,80,80,0,2,100,612,Not charging
09:49:12,80,80,0,2,100,612,Not charging
09:49:12,80,80,0,2,100,612,Not charging
09:49:13,80,80,0,2,100,612,Not charging
09:49:13,80,80,0,2,100,612,Not charging
09:49:14,80,80,0,2,100,612,Not charging
09:49:14,80,80,0,2,100,612,Not charging
09:49:15,80,80,0,2,100,612,Not charging
09:49:15,80,80,0,2,100,612,Not charging
09:49:16,80,80,0,2,100,612,Not charging
09:49:16,80,80,0,2,100,612,Not charging
09:49:17,80,80,0,2,100,612,Not charging
09:49:17,80,80,0,2,100,612,Not charging
09:49:18,80,80,0,2,100,578,Not charging
09:49:18,80,80,0,2,100,578,Not charging
09:49:19,80,80,0,2,100,578,Not charging
09:49:19,80,80,0,2,100,578,Not charging
09:49:20,80,80,0,2,100,578,Not charging
09:49:20,80,80,0,2,100,578,Not charging
09:49:21,80,80,0,2,100,578,Not charging
09:49:21,80,80,0,2,100,578,Not charging
09:49:22,80,80,0,2,100,578,Not charging
09:49:22,80,80,0,2,100,578,Not charging
09:49:23,80,80,0,2,100,578,Not charging
09:49:23,80,80,0,2,100,578,Not charging
09:49:24,80,80,0,2,100,578,Not charging
09:49:24,80,80,0,2,100,578,Not charging
09:49:25,80,80,0,2,100,578,Not charging
09:49:25,80,80,0,2,100,578,Not charging
09:49:26,80,80,0,2,100,578,Not charging
09:49:26,80,80,0,2,100,578,Not charging
09:49:27,80,80,0,2,100,578,Not charging
09:49:27,80,80,0,2,100,578,Not charging
09:49:28,80,80,0,2,100,578,Not charging
09:49:28,80,80,0,2,100,578,Not charging
09:49:29,80,80,0,2,100,578,Not charging
09:49:29,80,80,0,2,100,578,Not charging
09:49:30,80,80,0,2,100,578,Not charging
09:49:30,80,80,0,2,100,578,Not charging
09:49:31,80,80,0,2,100,578,Not charging
09:49:31,80,80,0,2,100,578,Not charging
09:49:32,80,80,0,2,100,578,Not charging
09:49:32,80,80,0,2,100,578,Not charging
09:49:33,80,80,0,2,100,578,Not charging
09:49:33,80,80,0,2,100,578,Not charging
09:49:34,80,80,0,2,100,578,Not charging
09:49:34,80,80,0,2,100,578,Not charging
09:49:35,80,80,0,2,100,578,Not charging
09:49:35,80,80,0,2,100,578,Not charging
09:49:36,80,80,0,2,100,578,Not charging
09:49:36,80,80,0,2,100,578,Not charging
09:49:37,80,80,0,2,100,578,Not charging
09:49:37,80,80,0,2,100,578,Not charging
09:49:38,80,80,0,2,100,578,Not charging
09:49:38,80,80,0,2,100,578,Not charging
09:49:39,80,80,0,2,100,578,Not charging
09:49:39,80,80,0,2,100,578,Not charging
09:49:40,80,80,0,2,100,578,Not charging
09:49:40,80,80,0,2,100,578,Not charging
09:49:41,80,80,0,2,100,578,Not charging
09:49:41,80,80,0,2,100,578,Not charging
09:49:42,80,80,0,2,100,578,Not charging
09:49:42,80,80,0,2,100,578,Not charging
09:49:43,80,80,0,2,100,578,Not charging
09:49:43,80,80,0,2,100,578,Not charging
09:49:44,80,80,0,2,100,578,Not charging
09:49:44,80,80,0,2,100,578,Not charging
09:49:45,80,80,0,2,100,578,Not charging
09:49:45,80,80,0,2,100,578,Not charging
09:49:46,80,80,0,2,100,578,Not charging
09:49:46,80,80,0,2,100,578,Not charging
09:49:47,80,80,0,2,100,578,Not charging
09:49:47,80,80,0,2,100,578,Not charging
09:49:48,80,80,0,2,100,578,Not charging
09:49:48,80,80,0,2,100,578,Not charging
09:49:49,80,80,0,2,100,578,Not charging
09:49:49,80,80,0,2,100,578,Not charging
09:49:50,80,80,0,2,100,578,Not charging
09:49:50,80,80,0,2,100,578,Not charging
09:49:51,80,80,0,2,100,578,Not charging
09:49:51,80,80,0,2,100,578,Not charging
09:49:52,80,80,0,2,100,578,Not charging
09:49:52,80,80,0,2,100,578,Not charging
09:49:53,80,80,0,2,100,578,Not charging
09:49:53,80,80,0,2,100,578,Not charging
09:49:54,80,80,0,2,100,578,Not charging
09:49:54,80,80,0,2,100,578,Not charging
09:49:55,80,80,0,2,100,578,Not charging
09:49:55,80,80,0,2,100,578,Not charging
09:49:56,80,80,0,2,100,578,Not charging
09:49:56,80,80,0,2,100,578,Not charging
09:49:57,80,80,0,2,100,578,Not charging
09:49:57,80,80,0,2,100,578,Not charging
09:49:58,80,80,0,2,100,578,Not charging
09:49:58,80,80,0,2,100,578,Not charging
09:49:59,80,80,0,2,100,578,Not charging
09:49:59,80,80,0,2,100,578,Not charging
09:50:00,80,80,0,2,100,578,Not charging
09:50:00,80,80,0,2,100,578,Not charging
09:50:01,80,80,0,2,100,578,Not charging
09:50:01,80,80,0,2,100,578,Not charging
09:50:02,80,80,0,2,100,578,Not charging
09:50:02,80,80,0,2,100,578,Not charging
09:50:03,80,80,0,2,100,578,Not charging
09:50:03,80,80,0,2,100,578,Not charging
09:50:04,80,80,0,2,100,578,Not charging
09:50:04,80,80,0,2,100,578,Not charging
09:50:05,80,80,0,2,100,578,Not charging
09:50:05,80,80,0,2,100,578,Not charging
09:50:06,80,80,0,2,100,578,Not charging
09:50:06,80,80,0,2,100,578,Not charging
09:50:07,80,80,0,2,100,578,Not charging
09:50:07,80,80,0,2,100,578,Not charging
09:50:08,80,80,0,2,100,578,Not charging
09:50:08,80,80,0,2,100,578,Not charging
09:50:09,80,80,0,2,100,578,Not charging
09:50:09,80,80,0,2,100,578,Not charging
09:50:10,80,80,0,2,100,578,Not charging
09:50:10,80,80,0,2,100,578,Not charging
09:50:11,80,80,0,2,100,578,Not charging
09:50:11,80,80,0,2,100,578,Not charging
09:50:12,80,80,0,2,100,578,Not charging
09:50:12,80,80,0,2,100,578,Not charging
09:50:13,80,80,0,2,100,578,Not charging
09:50:13,80,80,0,2,100,578,Not charging
09:50:14,80,80,0,2,100,578,Not charging
09:50:14,80,80,0,2,100,578,Not charging
09:50:15,80,80,0,2,100,578,Not charging
09:50:15,80,80,0,2,100,578,Not charging
09:50:16,80,80,0,2,100,578,Not charging
09:50:16,80,80,0,2,100,578,Not charging
09:50:17,80,80,0,2,100,578,Not charging
09:50:17,80,80,0,2,100,578,Not charging
09:50:18,80,80,0,2,100,578,Not charging
09:50:18,80,80,0,2,100,578,Not charging
09:50:19,80,80,0,2,100,578,Not charging
09:50:19,80,80,0,2,100,578,Not charging
09:50:20,80,80,0,2,100,578,Not charging
09:50:20,80,80,0,2,100,578,Not charging
09:50:21,80,80,0,2,100,578,Not charging
09:50:21,80,80,0,2,100,578,Not charging
09:50:22,80,80,0,2,100,578,Not charging
09:50:22,80,80,0,2,100,578,Not charging
09:50:23,80,80,0,2,100,544,Not charging
09:50:23,80,80,0,2,100,544,Not charging
09:50:24,80,80,0,2,100,544,Not charging
09:50:24,80,80,0,2,100,544,Not charging
09:50:25,80,80,0,2,100,544,Not charging
09:50:25,80,80,0,2,100,544,Not charging
09:50:26,80,80,0,2,100,544,Not charging
09:50:26,80,80,0,2,100,544,Not charging
09:50:27,80,80,0,2,100,544,Not charging
09:50:27,80,80,0,2,100,544,Not charging
09:50:28,80,80,0,2,100,544,Not charging
09:50:28,80,80,0,2,100,544,Not charging
09:50:29,80,80,0,2,100,544,Not charging
09:50:29,80,80,0,2,100,544,Not charging
09:50:30,80,80,0,2,100,544,Not charging
09:50:30,80,80,0,2,100,544,Not charging
09:50:31,80,80,0,2,100,544,Not charging
09:50:31,80,80,0,2,100,544,Not charging
09:50:32,80,80,0,2,100,544,Not charging
09:50:32,80,80,0,2,100,544,Not charging
09:50:33,80,80,0,2,100,544,Not charging
09:50:33,80,80,0,2,100,544,Not charging
09:50:34,80,80,0,2,100,544,Not charging
09:50:34,80,80,0,2,100,544,Not charging
09:50:35,80,80,0,2,100,544,Not charging
09:50:35,80,80,0,2,100,544,Not charging
09:50:36,80,80,0,2,100,544,Not charging
09:50:36,80,80,0,2,100,544,Not charging
09:50:37,80,80,0,2,100,544,Not charging
09:50:37,80,80,0,2,100,544,Not charging
09:50:38,80,80,0,2,100,544,Not charging
09:50:38,80,80,0,2,100,544,Not charging
09:50:39,80,80,0,2,100,544,Not charging
09:50:39,80,80,0,2,100,544,Not charging
09:50:40,80,80,0,2,100,544,Not charging
09:50:40,80,80,0,2,100,544,Not charging
09:50:41,80,80,0,2,100,544,Not charging
09:50:41,80,80,0,2,100,544,Not charging
09:50:42,80,80,0,2,100,544,Not charging
09:50:42,80,80,0,2,100,544,Not charging
09:50:43,80,80,0,2,100,544,Not charging
09:50:43,80,80,0,2,100,544,Not charging
09:50:44,80,80,0,2,100,544,Not charging
09:50:44,80,80,0,2,100,544,Not charging
09:50:45,80,80,0,2,100,544,Not charging
09:50:45,80,80,0,2,100,544,Not charging
09:50:46,80,80,0,2,100,544,Not charging
09:50:46,80,80,0,2,100,544,Not charging
09:50:47,80,80,0,2,100,544,Not charging
09:50:47,80,80,0,2,100,544,Not charging
09:50:48,80,80,0,2,100,544,Not charging
09:50:48,80,80,0,2,100,544,Not charging
09:50:49,80,80,0,2,100,544,Not charging
09:50:49,80,80,0,2,100,544,Not charging
09:50:50,80,80,0,2,100,544,Not charging
09:50:50,80,80,0,2,100,544,Not charging
09:50:51,80,80,0,2,100,544,Not charging
09:50:51,80,80,0,2,100,544,Not charging
09:50:52,80,80,0,2,100,544,Not charging
09:50:52,80,80,0,2,100,544,Not charging
09:50:53,80,80,0,2,100,544,Not charging
09:50:53,80,80,0,2,100,544,Not charging
09:50:54,80,80,0,2,100,544,Not charging
09:50:54,80,80,0,2,100,544,Not charging
09:50:55,80,80,0,2,100,544,Not charging
09:50:55,80,80,0,2,100,544,Not charging
09:50:56,80,80,0,2,100,544,Not charging
09:50:56,80,80,0,2,100,544,Not charging
09:50:57,80,80,0,2,100,544,Not charging
09:50:57,80,80,0,2,100,544,Not charging
09:50:58,80,80,0,2,100,544,Not charging
09:50:58,80,80,0,2,100,544,Not charging
09:50:59,80,80,0,2,100,544,Not charging
09:50:59,80,80,0,2,100,544,Not charging
09:51:00,80,80,0,2,100,544,Not charging
09:51:00,80,80,0,2,100,544,Not charging
09:51:01,80,80,0,2,100,544,Not charging
09:51:01,80,80,0,2,100,544,Not charging
09:51:02,80,80,0,2,100,544,Not charging
09:51:02,80,80,0,2,100,544,Not charging
09:51:03,80,80,0,2,100,544,Not charging
09:51:03,80,80,0,2,100,544,Not charging
09:51:04,80,80,0,2,100,544,Not charging
09:51:04,80,80,0,2,100,544,Not charging
09:51:05,80,80,0,2,100,544,Not charging
09:51:05,80,80,0,2,100,544,Not charging
09:51:06,80,80,0,2,100,544,Not charging
09:51:06,80,80,0,2,100,544,Not charging
09:51:07,80,80,0,2,100,544,Not charging
09:51:07,80,80,0,2,100,544,Not charging
09:51:08,80,80,0,2,100,544,Not charging
09:51:08,80,80,0,2,100,544,Not charging
09:51:09,80,80,0,2,100,544,Not charging
09:51:09,80,80,0,2,100,544,Not charging
09:51:10,80,80,0,2,100,544,Not charging
09:51:10,80,80,0,2,100,544,Not charging
09:51:11,80,80,0,2,100,544,Not charging
09:51:11,80,80,0,2,100,544,Not charging
09:51:12,80,80,0,2,100,544,Not charging
09:51:12,80,80,0,2,100,544,Not charging
09:51:13,80,80,0,2,100,544,Not charging
09:51:13,80,80,0,2,100,544,Not charging
09:51:14,80,80,0,2,100,544,Not charging
09:51:14,80,80,0,2,100,544,Not charging
09:51:15,80,80,0,2,100,544,Not charging
09:51:15,80,80,0,2,100,544,Not charging
09:51:16,80,80,0,2,100,544,Not charging
09:51:16,80,80,0,2,100,544,Not charging
09:51:17,80,80,0,2,100,544,Not charging
09:51:17,80,80,0,2,100,544,Not charging
09:51:18,80,80,0,2,100,544,Not charging
09:51:18,80,80,0,2,100,544,Not charging
09:51:19,80,80,0,2,100,544,Not charging
09:51:19,80,80,0,2,100,544,Not charging
09:51:20,80,80,0,2,100,544,Not charging
09:51:20,80,80,0,2,100,544,Not charging
09:51:21,80,80,0,2,100,544,Not charging
09:51:21,80,80,0,2,100,544,Not charging
09:51:22,80,80,0,2,100,544,Not charging
09:51:22,80,80,0,2,100,544,Not charging
09:51:23,80,80,0,2,100,544,Not charging
09:51:23,80,80,0,2,100,544,Not charging
09:51:24,80,80,0,2,100,544,Not charging
09:51:24,80,80,0,2,100,544,Not charging
09:51:25,80,80,0,2,100,544,Not charging
09:51:25,80,80,0,2,100,544,Not charging
09:51:26,80,80,0,2,100,544,Not charging
09:51:26,80,80,0,2,100,544,Not charging
09:51:27,80,80,0,2,100,544,Not charging
09:51:27,80,80,0,2,100,544,Not charging
09:51:28,80,80,0,2,100,544,Not charging
09:51:28,80,80,0,2,100,544,Not charging
09:51:29,80,80,0,2,100,544,Not charging
09:51:29,80,80,0,2,100,544,Not charging
09:51:30,80,80,0,2,100,544,Not charging
09:51:30,80,80,0,2,100,544,Not charging
09:51:31,80,80,0,2,100,544,Not charging
09:51:31,80,80,0,2,100,544,Not charging
09:51:32,80,80,0,2,100,544,Not charging
09:51:32,80,80,0,2,100,544,Not charging
09:51:33,80,80,0,2,100,544,Not charging
09:51:33,80,80,0,2,100,544,Not charging
09:51:34,80,80,0,2,100,544,Not charging
09:51:34,80,80,0,2,100,544,Not charging
09:51:35,80,80,0,2,100,544,Not charging
09:51:35,80,80,0,2,100,544,Not charging
09:51:36,80,80,0,2,100,544,Not charging
09:51:36,80,80,0,2,100,544,Not charging
09:51:37,80,80,0,2,100,544,Not charging
09:51:37,80,80,0,2,100,544,Not charging
09:51:38,80,80,0,2,100,544,Not charging
09:51:38,80,80,0,2,100,544,Not charging
09:51:39,80,80,0,2,100,544,Not charging
09:51:39,80,80,0,2,100,544,Not charging
09:51:40,80,80,0,2,100,544,Not charging
09:51:40,80,80,0,2,100,544,Not charging
09:51:41,80,80,0,2,100,544,Not charging
09:51:41,80,80,0,2,100,544,Not charging
09:51:42,80,80,0,2,100,544,Not charging
09:51:42,80,80,0,2,100,544,Not charging
09:51:43,80,80,0,2,100,544,Not charging
09:51:43,80,80,0,2,100,544,Not charging
09:51:44,80,80,0,2,100,544,Not charging
09:51:44,80,80,0,2,100,544,Not charging
09:51:45,80,80,0,2,100,544,Not charging
09:51:45,80,80,0,2,100,544,Not charging
09:51:46,80,80,0,2,100,544,Not charging
09:51:46,80,80,0,2,100,544,Not charging
09:51:47,80,80,0,2,100,544,Not charging
09:51:47,80,80,0,2,100,544,Not charging
09:51:48,80,80,0,2,100,544,Not charging
09:51:48,80,80,0,2,100,544,Not charging
09:51:49,80,80,0,2,100,544,Not charging
09:51:49,80,80,0,2,100,544,Not charging
09:51:50,80,80,0,2,100,544,Not charging
09:51:50,80,80,0,2,100,544,Not charging
09:51:51,80,80,0,2,100,544,Not charging
09:51:51,80,80,0,2,100,544,Not charging
09:51:52,80,80,0,2,100,544,Not charging
09:51:52,80,80,0,2,100,544,Not charging
09:51:53,80,80,0,2,100,544,Not charging
09:51:53,80,80,0,2,100,544,Not charging
09:51:54,80,80,0,2,100,544,Not charging
09:51:54,80,80,0,2,100,544,Not charging
09:51:55,80,80,0,2,100,544,Not charging
09:51:55,80,80,0,2,100,544,Not charging
09:51:56,80,80,0,2,100,544,Not charging
09:51:56,80,80,0,2,100,544,Not charging
09:51:57,80,80,0,2,100,544,Not charging
09:51:57,80,80,0,2,100,544,Not charging
09:51:58,80,80,0,2,100,544,Not charging
09:51:58,80,80,0,2,100,544,Not charging
09:51:59,80,80,0,2,100,544,Not charging
09:51:59,80,80,0,2,100,544,Not charging
09:52:00,80,80,0,2,100,544,Not charging
09:52:00,80,80,0,2,100,544,Not charging
09:52:01,80,80,0,2,100,544,Not charging
09:52:01,80,80,0,2,100,544,Not charging
09:52:02,80,80,0,2,100,544,Not charging
09:52:02,80,80,0,2,100,544,Not charging
09:52:03,80,80,0,2,100,544,Not charging
09:52:03,80,80,0,2,100,544,Not charging
09:52:04,80,80,0,2,100,544,Not charging
09:52:04,80,80,0,2,100,544,Not charging
09:52:05,80,80,0,2,100,544,Not charging
09:52:05,80,80,0,2,100,544,Not charging
09:52:06,80,80,0,2,100,544,Not charging
09:52:06,80,80,0,2,100,544,Not charging
09:52:07,80,80,0,2,100,544,Not charging
09:52:07,80,80,0,2,100,544,Not charging
09:52:08,80,80,0,2,100,544,Not charging
09:52:08,80,80,0,2,100,544,Not charging
09:52:09,80,80,0,2,100,544,Not charging
09:52:09,80,80,0,2,100,544,Not charging
09:52:10,80,80,0,2,100,544,Not charging
09:52:10,80,80,0,2,100,544,Not charging
09:52:11,80,80,0,2,100,544,Not charging
09:52:11,80,80,0,2,100,544,Not charging
09:52:12,80,80,0,2,100,544,Not charging
09:52:12,80,80,0,2,100,544,Not charging
09:52:13,80,80,0,2,100,544,Not charging
09:52:13,80,80,0,2,100,544,Not charging
09:52:14,80,80,0,2,100,544,Not charging
09:52:14,80,80,0,2,100,544,Not charging
09:52:15,80,80,0,2,100,544,Not charging
09:52:15,80,80,0,2,100,544,Not charging
09:52:16,80,80,0,2,100,544,Not charging
09:52:16,80,80,0,2,100,544,Not charging
09:52:17,80,80,0,2,100,544,Not charging
09:52:17,80,80,0,2,100,544,Not charging
09:52:18,80,80,0,2,100,544,Not charging
09:52:18,80,80,0,2,100,544,Not charging
09:52:19,80,80,0,2,100,544,Not charging
09:52:19,80,80,0,2,100,544,Not charging
09:52:20,80,80,0,2,100,544,Not charging
09:52:20,80,80,0,2,100,544,Not charging
09:52:21,80,80,0,2,100,544,Not charging
09:52:21,80,80,0,2,100,544,Not charging
09:52:22,80,80,0,2,100,544,Not charging
09:52:22,80,80,0,2,100,544,Not charging
09:52:23,80,80,0,2,100,544,Not charging
09:52:23,80,80,0,2,100,544,Not charging
09:52:24,80,80,0,2,100,510,Not charging
09:52:24,80,80,0,2,100,510,Not charging
09:52:25,80,80,0,2,100,510,Not charging
09:52:25,80,80,0,2,100,510,Not charging
09:52:26,80,80,0,2,100,510,Not charging
09:52:26,80,80,0,2,100,510,Not charging
09:52:27,80,80,0,2,100,510,Not charging
09:52:27,80,80,0,2,100,510,Not charging
09:52:28,80,80,0,2,100,510,Not charging
09:52:28,80,80,0,2,100,510,Not charging
09:52:29,80,80,0,2,100,510,Not charging
09:52:29,80,80,0,2,100,510,Not charging
09:52:30,80,80,0,2,100,510,Not charging
09:52:30,80,80,0,2,100,510,Not charging
09:52:31,80,80,0,2,100,510,Not charging
09:52:31,80,80,0,2,100,510,Not charging
09:52:32,80,80,0,2,100,510,Not charging
09:52:32,80,80,0,2,100,510,Not charging
09:52:33,80,80,0,2,100,510,Not charging
09:52:33,80,80,0,2,100,510,Not charging
09:52:34,80,80,0,2,100,510,Not charging
09:52:34,80,80,0,2,100,510,Not charging
09:52:35,80,80,0,2,100,510,Not charging
09:52:35,80,80,0,2,100,510,Not charging
09:52:36,80,80,0,2,100,510,Not charging
09:52:36,80,80,0,2,100,510,Not charging
09:52:37,80,80,0,2,100,510,Not charging
09:52:37,80,80,0,2,100,510,Not charging
09:52:38,80,80,0,2,100,510,Not charging
09:52:38,80,80,0,2,100,510,Not charging
09:52:39,80,80,0,2,100,510,Not charging
09:52:39,80,80,0,2,100,510,Not charging
09:52:40,80,80,0,2,100,510,Not charging
09:52:40,80,80,0,2,100,510,Not charging
09:52:41,80,80,0,2,100,510,Not charging
09:52:41,80,80,0,2,100,510,Not charging
09:52:42,80,80,0,2,100,510,Not charging
09:52:42,80,80,0,2,100,510,Not charging
09:52:43,80,80,0,2,100,510,Not charging
09:52:43,80,80,0,2,100,510,Not charging
09:52:44,80,80,0,2,100,510,Not charging
09:52:44,80,80,0,2,100,510,Not charging
09:52:45,80,80,0,2,100,510,Not charging
09:52:45,80,80,0,2,100,510,Not charging
09:52:46,80,80,0,2,100,510,Not charging
09:52:46,80,80,0,2,100,510,Not charging
09:52:47,80,80,0,2,100,510,Not charging
09:52:47,80,80,0,2,100,510,Not charging
09:52:48,80,80,0,2,100,510,Not charging
09:52:48,80,80,0,2,100,510,Not charging
09:52:49,80,80,0,2,100,510,Not charging
09:52:49,80,80,0,2,100,510,Not charging
09:52:50,80,80,0,2,100,510,Not charging
09:52:50,80,80,0,2,100,510,Not charging
09:52:51,80,80,0,2,100,510,Not charging
09:52:51,80,80,0,2,100,510,Not charging
09:52:52,80,80,0,2,100,510,Not charging
09:52:52,80,80,0,2,100,510,Not charging
09:52:53,80,80,0,2,100,510,Not charging
09:52:53,80,80,0,2,100,510,Not charging
09:52:54,80,80,0,2,100,510,Not charging
09:52:54,80,80,0,2,100,510,Not charging
09:52:55,80,80,0,2,100,510,Not charging
09:52:55,80,80,0,2,100,510,Not charging
09:52:56,80,80,0,2,100,510,Not charging
09:52:56,80,80,0,2,100,510,Not charging
09:52:57,80,80,0,2,100,510,Not charging
09:52:57,80,80,0,2,100,510,Not charging
09:52:58,80,80,0,2,100,510,Not charging
09:52:58,80,80,0,2,100,510,Not charging
09:52:59,80,80,0,2,100,510,Not charging
09:52:59,80,80,0,2,100,510,Not charging
09:53:00,80,80,0,2,100,510,Not charging
09:53:00,80,80,0,2,100,510,Not charging
09:53:01,80,80,0,2,100,510,Not charging
09:53:01,80,80,0,2,100,510,Not charging
09:53:02,80,80,0,2,100,510,Not charging
09:53:02,80,80,0,2,100,510,Not charging
09:53:03,80,80,0,2,100,510,Not charging
09:53:03,80,80,0,2,100,510,Not charging
09:53:04,80,80,0,2,100,510,Not charging
09:53:04,80,80,0,2,100,510,Not charging
09:53:05,80,80,0,2,100,510,Not charging
09:53:05,80,80,0,2,100,510,Not charging
09:53:06,80,80,0,2,100,510,Not charging
09:53:06,80,80,0,2,100,510,Not charging
09:53:07,80,80,0,2,100,510,Not charging
09:53:07,80,80,0,2,100,510,Not charging
09:53:08,80,80,0,2,100,510,Not charging
09:53:08,80,80,0,2,100,510,Not charging
09:53:09,80,80,0,2,100,510,Not charging
09:53:09,80,80,0,2,100,510,Not charging
09:53:10,80,80,0,2,100,510,Not charging
09:53:10,80,80,0,2,100,510,Not charging
09:53:11,80,80,0,2,100,510,Not charging
09:53:11,80,80,0,2,100,510,Not charging
09:53:12,80,80,0,2,100,510,Not charging
09:53:12,80,80,0,2,100,510,Not charging
09:53:13,80,80,0,2,100,510,Not charging
09:53:13,80,80,0,2,100,510,Not charging
09:53:14,80,80,0,2,100,510,Not charging
09:53:14,80,80,0,2,100,510,Not charging
09:53:15,80,80,0,2,100,510,Not charging
09:53:15,80,80,0,2,100,510,Not charging
09:53:16,80,80,0,2,100,510,Not charging
09:53:16,80,80,0,2,100,510,Not charging
09:53:17,80,80,0,2,100,510,Not charging
09:53:17,80,80,0,2,100,510,Not charging
09:53:18,80,80,0,2,100,510,Not charging
09:53:18,80,80,0,2,100,510,Not charging
09:53:19,80,80,0,2,100,510,Not charging
09:53:19,80,80,0,2,100,510,Not charging
09:53:20,80,80,0,2,100,510,Not charging
09:53:20,80,80,0,2,100,510,Not charging
09:53:21,80,80,0,2,100,510,Not charging
09:53:21,80,80,0,2,100,510,Not charging
09:53:22,80,80,0,2,100,510,Not charging
09:53:22,80,80,0,2,100,510,Not charging
09:53:23,80,80,0,2,100,510,Not charging
09:53:23,80,80,0,2,100,510,Not charging
09:53:24,80,80,0,2,100,510,Not charging
09:53:24,80,80,0,2,100,510,Not charging
09:53:25,80,80,0,2,100,510,Not charging
09:53:25,80,80,0,2,100,510,Not charging
09:53:26,80,80,0,2,100,510,Not charging
09:53:26,80,80,0,2,100,510,Not charging
09:53:27,80,80,0,2,100,510,Not charging
09:53:27,80,80,0,2,100,510,Not charging
09:53:28,80,80,0,2,100,510,Not charging
09:53:28,80,80,0,2,100,510,Not charging
09:53:29,80,80,0,2,100,510,Not charging
09:53:29,80,80,0,2,100,510,Not charging
09:53:30,80,80,0,2,100,510,Not charging
09:53:30,80,80,0,2,100,510,Not charging
09:53:31,80,80,0,2,100,510,Not charging
09:53:31,80,80,0,2,100,510,Not charging
09:53:32,80,80,0,2,100,510,Not charging
09:53:32,80,80,0,2,100,510,Not charging
09:53:33,80,80,0,2,100,510,Not charging
09:53:33,80,80,0,2,100,510,Not charging
09:53:34,80,80,0,2,100,510,Not charging
09:53:34,80,80,0,2,100,510,Not charging
09:53:35,80,80,0,2,100,510,Not charging
09:53:35,80,80,0,2,100,510,Not charging
09:53:36,80,80,0,2,100,510,Not charging
09:53:36,80,80,0,2,100,510,Not charging
09:53:37,80,80,0,2,100,510,Not charging
09:53:37,80,80,0,2,100,510,Not charging
09:53:38,80,80,0,2,100,510,Not charging
09:53:38,80,80,0,2,100,510,Not charging
09:53:39,80,80,0,2,100,510,Not charging
09:53:39,80,80,0,2,100,510,Not charging
09:53:40,80,80,0,2,100,510,Not charging
09:53:40,80,80,0,2,100,510,Not charging
09:53:41,80,80,0,2,100,510,Not charging
09:53:41,80,80,0,2,100,510,Not charging
09:53:42,80,80,0,2,100,510,Not charging
09:53:42,80,80,0,2,100,510,Not charging
09:53:43,80,80,0,2,100,510,Not charging
09:53:43,80,80,0,2,100,510,Not charging
09:53:44,80,80,0,2,100,510,Not charging
09:53:44,80,80,0,2,100,510,Not charging
09:53:45,80,80,0,2,100,510,Not charging
09:53:45,80,80,0,2,100,510,Not charging
09:53:46,80,80,0,2,100,510,Not charging
09:53:46,80,80,0,2,100,510,Not charging
09:53:47,80,80,0,2,100,510,Not charging
09:53:47,80,80,0,2,100,510,Not charging
09:53:48,80,80,0,2,100,510,Not charging
09:53:48,80,80,0,2,100,510,Not charging
09:53:49,80,80,0,2,100,510,Not charging
09:53:49,80,80,0,2,100,510,Not charging
09:53:50,80,80,0,2,100,510,Not charging
09:53:50,80,80,0,2,100,510,Not charging
09:53:51,80,80,0,2,100,510,Not charging
09:53:51,80,80,0,2,100,510,Not charging
09:53:52,80,80,0,2,100,510,Not charging
09:53:52,80,80,0,2,100,510,Not charging
09:53:53,80,80,0,2,100,510,Not charging
09:53:53,80,80,0,2,100,510,Not charging
09:53:54,80,80,0,2,100,510,Not charging
09:53:54,80,80,0,2,100,510,Not charging
09:53:55,80,80,0,2,100,510,Not charging
09:53:55,80,80,0,2,100,510,Not charging
09:53:56,80,80,0,2,100,510,Not charging
09:53:56,80,80,0,2,100,510,Not charging
09:53:57,80,80,0,2,100,510,Not charging
09:53:57,80,80,0,2,100,510,Not charging
09:53:58,80,80,0,2,100,510,Not charging
09:53:58,80,80,0,2,100,510,Not charging
09:53:59,80,80,0,2,100,510,Not charging
09:53:59,80,80,0,2,100,510,Not charging
09:54:00,80,80,0,2,100,510,Not charging
09:54:00,80,80,0,2,100,510,Not charging
09:54:01,80,80,0,2,100,510,Not charging
09:54:01,80,80,0,2,100,510,Not charging
09:54:02,80,80,0,2,100,510,Not charging
09:54:02,80,80,0,2,100,510,Not charging
09:54:03,80,80,0,2,100,510,Not charging
09:54:03,80,80,0,2,100,510,Not charging
09:54:04,80,80,0,2,100,510,Not charging
09:54:04,80,80,0,2,100,510,Not charging
09:54:05,80,80,0,2,100,510,Not charging
09:54:06,80,80,0,2,100,510,Not charging
09:54:06,80,80,0,2,100,510,Not charging
09:54:07,80,80,0,2,100,510,Not charging
09:54:07,80,80,0,2,100,510,Not charging
09:54:08,80,80,0,2,100,510,Not charging
09:54:08,80,80,0,2,100,510,Not charging
09:54:09,80,80,0,2,100,510,Not charging
09:54:09,80,80,0,2,100,510,Not charging
09:54:10,80,80,0,2,100,510,Not charging
09:54:10,80,80,0,2,100,476,Not charging
09:54:11,80,80,0,2,100,476,Not charging
09:54:11,80,80,0,2,100,476,Not charging
09:54:12,80,80,0,2,100,476,Not charging
09:54:12,80,80,0,2,100,476,Not charging
09:54:13,80,80,0,2,100,476,Not charging
09:54:13,80,80,0,2,100,476,Not charging
09:54:14,80,80,0,2,100,476,Not charging
09:54:14,80,80,0,2,100,476,Not charging
09:54:15,80,80,0,2,100,476,Not charging
09:54:15,80,80,0,2,100,476,Not charging
09:54:16,80,80,0,2,100,476,Not charging
09:54:16,80,80,0,2,100,476,Not charging
09:54:17,80,80,0,2,100,476,Not charging
09:54:17,80,80,0,2,100,476,Not charging
09:54:18,80,80,0,2,100,476,Not charging
09:54:18,80,80,0,2,100,476,Not charging
09:54:19,80,80,0,2,100,476,Not charging
09:54:19,80,80,0,2,100,476,Not charging
09:54:20,80,80,0,2,100,476,Not charging
09:54:20,80,80,0,2,100,476,Not charging
09:54:21,80,80,0,2,100,476,Not charging
09:54:21,80,80,0,2,100,476,Not charging
09:54:22,80,80,0,2,100,476,Not charging
09:54:22,80,80,0,2,100,476,Not charging
09:54:23,80,80,0,2,100,476,Not charging
09:54:23,80,80,0,2,100,476,Not charging
09:54:24,80,80,0,2,100,476,Not charging
09:54:24,80,80,0,2,100,476,Not charging
09:54:25,80,80,0,2,100,476,Not charging
09:54:25,80,80,0,2,100,476,Not charging
09:54:26,80,80,0,2,100,476,Not charging
09:54:26,80,80,0,2,100,476,Not charging
09:54:27,80,80,0,2,100,476,Not charging
09:54:27,80,80,0,2,100,476,Not charging
09:54:28,80,80,0,2,100,476,Not charging
09:54:28,80,80,0,2,100,476,Not charging
09:54:29,80,80,0,2,100,476,Not charging
09:54:29,80,80,0,2,100,476,Not charging
09:54:30,80,80,0,2,100,476,Not charging
09:54:30,80,80,0,2,100,476,Not charging
09:54:31,80,80,0,2,100,476,Not charging
09:54:31,80,80,0,2,100,476,Not charging
09:54:32,80,80,0,2,100,476,Not charging
09:54:32,80,80,0,2,100,476,Not charging
09:54:33,80,80,0,2,100,476,Not charging
09:54:33,80,80,0,2,100,476,Not charging
09:54:34,80,80,0,2,100,476,Not charging
09:54:34,80,80,0,2,100,476,Not charging
09:54:35,80,80,0,2,100,476,Not charging
09:54:35,80,80,0,2,100,476,Not charging
09:54:36,80,80,0,2,100,476,Not charging
09:54:36,80,80,0,2,100,476,Not charging
09:54:37,80,80,0,2,100,476,Not charging
09:54:37,80,80,0,2,100,476,Not charging
09:54:38,80,80,0,2,100,476,Not charging
09:54:38,80,80,0,2,100,476,Not charging
09:54:39,80,80,0,2,100,476,Not charging
09:54:39,80,80,0,2,100,476,Not charging
09:54:40,80,80,0,2,100,476,Not charging
09:54:40,80,80,0,2,100,476,Not charging
09:54:41,80,80,0,2,100,476,Not charging
09:54:41,80,80,0,2,100,476,Not charging
09:54:42,80,80,0,2,100,476,Not charging
09:54:42,80,80,0,2,100,476,Not charging
09:54:43,80,80,0,2,100,476,Not charging
09:54:43,80,80,0,2,100,476,Not charging
09:54:44,80,80,0,2,100,476,Not charging
09:54:44,80,80,0,2,100,476,Not charging
09:54:45,80,80,0,2,100,476,Not charging
09:54:45,80,80,0,2,100,476,Not charging
09:54:46,80,80,0,2,100,476,Not charging
09:54:46,80,80,0,2,100,476,Not charging
09:54:47,80,80,0,2,100,476,Not charging
09:54:47,80,80,0,2,100,476,Not charging
09:54:48,80,80,0,2,100,476,Not charging
09:54:48,80,80,0,2,100,476,Not charging
09:54:49,80,80,0,2,100,476,Not charging
09:54:49,80,80,0,2,100,476,Not charging
09:54:50,80,80,0,2,100,476,Not charging
09:54:50,80,80,0,2,100,476,Not charging
09:54:51,80,80,0,2,100,476,Not charging
09:54:51,80,80,0,2,100,476,Not charging
09:54:52,80,80,0,2,100,476,Not charging
09:54:52,80,80,0,2,100,476,Not charging
09:54:53,80,80,0,2,100,476,Not charging
09:54:53,80,80,0,2,100,476,Not charging
09:54:54,80,80,0,2,100,476,Not charging
09:54:54,80,80,0,2,100,476,Not charging
09:54:55,80,80,0,2,100,476,Not charging
09:54:55,80,80,0,2,100,476,Not charging
09:54:56,80,80,0,2,100,476,Not charging
09:54:56,80,80,0,2,100,476,Not charging
09:54:57,80,80,0,2,100,476,Not charging
09:54:57,80,80,0,2,100,476,Not charging
09:54:58,80,80,0,2,100,476,Not charging
09:54:58,80,80,0,2,100,476,Not charging
09:54:59,80,80,0,2,100,476,Not charging
09:54:59,80,80,0,2,100,476,Not charging
09:55:00,80,80,0,2,100,476,Not charging
09:55:00,80,80,0,2,100,476,Not charging
09:55:01,80,80,0,2,100,476,Not charging
09:55:01,80,80,0,2,100,476,Not charging
09:55:02,80,80,0,2,100,476,Not charging
09:55:02,80,80,0,2,100,476,Not charging
09:55:03,80,80,0,2,100,476,Not charging
09:55:03,80,80,0,2,100,476,Not charging
09:55:04,80,80,0,2,100,476,Not charging
09:55:04,80,80,0,2,100,476,Not charging
09:55:05,80,80,0,2,100,476,Not charging
09:55:05,80,80,0,2,100,476,Not charging
09:55:06,80,80,0,2,100,476,Not charging
09:55:06,80,80,0,2,100,476,Not charging
09:55:07,80,80,0,2,100,476,Not charging
09:55:07,80,80,0,2,100,476,Not charging
09:55:08,80,80,0,2,100,476,Not charging
09:55:08,80,80,0,2,100,476,Not charging
09:55:09,80,80,0,2,100,476,Not charging
09:55:09,80,80,0,2,100,476,Not charging
09:55:10,80,80,0,2,100,476,Not charging
09:55:10,80,80,0,2,100,476,Not charging
09:55:11,80,80,0,2,100,476,Not charging
09:55:11,80,80,0,2,100,476,Not charging
09:55:12,80,80,0,2,100,476,Not charging
09:55:12,80,80,0,2,100,476,Not charging
09:55:13,80,80,0,2,100,476,Not charging
09:55:13,80,80,0,2,100,476,Not charging
09:55:14,80,80,0,2,100,476,Not charging
09:55:14,80,80,0,2,100,476,Not charging
09:55:15,80,80,0,2,100,476,Not charging
09:55:15,80,80,0,2,100,476,Not charging
09:55:16,80,80,0,2,100,476,Not charging
09:55:16,80,80,0,2,100,476,Not charging
09:55:17,80,80,0,2,100,476,Not charging
09:55:17,80,80,0,2,100,476,Not charging
09:55:18,80,80,0,2,100,476,Not charging
09:55:18,80,80,0,2,100,476,Not charging
09:55:19,80,80,0,2,100,476,Not charging
09:55:19,80,80,0,2,100,476,Not charging
09:55:20,80,80,0,2,100,476,Not charging
09:55:20,80,80,0,2,100,476,Not charging
09:55:21,80,80,0,2,100,476,Not charging
09:55:21,80,80,0,2,100,476,Not charging
09:55:22,80,80,0,2,100,476,Not charging
09:55:22,80,80,0,2,100,476,Not charging
09:55:23,80,80,0,2,100,476,Not charging
09:55:23,80,80,0,2,100,476,Not charging
09:55:24,80,80,0,2,100,476,Not charging
09:55:24,80,80,0,2,100,476,Not charging
09:55:25,80,80,0,2,100,476,Not charging
09:55:25,80,80,0,2,100,476,Not charging
09:55:26,80,80,0,2,100,476,Not charging
09:55:26,80,80,0,2,100,476,Not charging
09:55:27,80,80,0,2,100,476,Not charging
09:55:27,80,80,0,2,100,476,Not charging
09:55:28,80,80,0,2,100,476,Not charging
09:55:28,80,80,0,2,100,476,Not charging
09:55:29,80,80,0,2,100,476,Not charging
09:55:29,80,80,0,2,100,476,Not charging
09:55:30,80,80,0,2,100,476,Not charging
09:55:30,80,80,0,2,100,476,Not charging
09:55:31,80,80,0,2,100,476,Not charging
09:55:31,80,80,0,2,100,476,Not charging
09:55:32,80,80,0,2,100,476,Not charging
09:55:32,80,80,0,2,100,476,Not charging
09:55:33,80,80,0,2,100,476,Not charging
09:55:33,80,80,0,2,100,476,Not charging
09:55:34,80,80,0,2,100,476,Not charging
09:55:34,80,80,0,2,100,476,Not charging
09:55:35,80,80,0,2,100,476,Not charging
09:55:35,80,80,0,2,100,476,Not charging
09:55:36,80,80,0,2,100,476,Not charging
09:55:36,80,80,0,2,100,476,Not charging
09:55:37,80,80,0,2,100,476,Not charging
09:55:37,80,80,0,2,100,476,Not charging
09:55:38,80,80,0,2,100,476,Not charging
09:55:38,80,80,0,2,100,476,Not charging
09:55:39,80,80,0,2,100,476,Not charging
09:55:39,80,80,0,2,100,476,Not charging
09:55:40,80,80,0,2,100,476,Not charging
09:55:40,80,80,0,2,100,476,Not charging
09:55:41,80,80,0,2,100,476,Not charging
09:55:41,80,80,0,2,100,476,Not charging
09:55:42,80,80,0,2,100,476,Not charging
09:55:42,80,80,0,2,100,476,Not charging
09:55:43,80,80,0,2,100,476,Not charging
09:55:43,80,80,0,2,100,476,Not charging
09:55:44,80,80,0,2,100,476,Not charging
09:55:44,80,80,0,2,100,476,Not charging
09:55:45,80,80,0,2,100,476,Not charging
09:55:45,80,80,0,2,100,476,Not charging
09:55:46,80,80,0,2,100,476,Not charging
09:55:46,80,80,0,2,100,476,Not charging
09:55:47,80,80,0,2,100,476,Not charging
09:55:47,80,80,0,2,100,476,Not charging
09:55:48,80,80,0,2,100,476,Not charging
09:55:48,80,80,0,2,100,476,Not charging
09:55:49,80,80,0,2,100,476,Not charging
09:55:49,80,80,0,2,100,476,Not charging
09:55:50,80,80,0,2,100,476,Not charging
09:55:50,80,80,0,2,100,476,Not charging
09:55:51,80,80,0,2,100,476,Not charging
09:55:51,80,80,0,2,100,476,Not charging
09:55:52,80,80,0,2,100,476,Not charging
09:55:52,80,80,0,2,100,476,Not charging
09:55:53,80,80,0,2,100,476,Not charging
09:55:53,80,80,0,2,100,476,Not charging
09:55:54,80,80,0,2,100,476,Not charging
09:55:54,80,80,0,2,100,476,Not charging
09:55:55,80,80,0,2,100,476,Not charging
09:55:55,80,80,0,2,100,442,Not charging
09:55:56,80,80,0,2,100,442,Not charging
09:55:56,80,80,0,2,100,442,Not charging
09:55:57,80,80,0,2,100,442,Not charging
09:55:57,80,80,0,2,100,442,Not charging
09:55:58,80,80,0,2,100,442,Not charging
09:55:58,80,80,0,2,100,442,Not charging
09:55:59,80,80,0,2,100,442,Not charging
09:55:59,80,80,0,2,100,442,Not charging
09:56:00,80,80,0,2,100,442,Not charging
09:56:00,80,80,0,2,100,442,Not charging
09:56:01,80,80,0,2,100,442,Not charging
09:56:01,80,80,0,2,100,442,Not charging
09:56:02,80,80,0,2,100,442,Not charging
09:56:02,80,80,0,2,100,442,Not charging
09:56:03,80,80,0,2,100,442,Not charging
09:56:03,80,80,0,2,100,442,Not charging
09:56:04,80,80,0,2,100,442,Not charging
09:56:04,80,80,0,2,100,442,Not charging
09:56:05,80,80,0,2,100,442,Not charging
09:56:05,80,80,0,2,100,442,Not charging
09:56:06,80,80,0,2,100,442,Not charging
09:56:06,80,80,0,2,100,442,Not charging
09:56:07,80,80,0,2,100,442,Not charging
09:56:07,80,80,0,2,100,442,Not charging
09:56:08,80,80,0,2,100,442,Not charging
09:56:08,80,80,0,2,100,442,Not charging
09:56:09,80,80,0,2,100,442,Not charging
09:56:09,80,80,0,2,100,442,Not charging
09:56:10,80,80,0,2,100,442,Not charging
09:56:10,80,80,0,2,100,442,Not charging
09:56:11,80,80,0,2,100,442,Not charging
09:56:11,80,80,0,2,100,442,Not charging
09:56:12,80,80,0,2,100,442,Not charging
09:56:12,80,80,0,2,100,442,Not charging
09:56:13,80,80,0,2,100,442,Not charging
09:56:13,80,80,0,2,100,442,Not charging
09:56:14,80,80,0,2,100,442,Not charging
09:56:14,80,80,0,2,100,442,Not charging
09:56:15,80,80,0,2,100,442,Not charging
09:56:15,80,80,0,2,100,442,Not charging
09:56:16,80,80,0,2,100,442,Not charging
09:56:16,80,80,0,2,100,442,Not charging
09:56:17,80,80,0,2,100,442,Not charging
09:56:17,80,80,0,2,100,442,Not charging
09:56:18,80,80,0,2,100,442,Not charging
09:56:18,80,80,0,2,100,442,Not charging
09:56:19,80,80,0,2,100,442,Not charging
09:56:19,80,80,0,2,100,442,Not charging
09:56:20,80,80,0,2,100,442,Not charging
09:56:20,80,80,0,2,100,442,Not charging
09:56:21,80,80,0,2,100,442,Not charging
09:56:21,80,80,0,2,100,442,Not charging
09:56:22,80,80,0,2,100,442,Not charging
09:56:22,80,80,0,2,100,442,Not charging
09:56:23,80,80,0,2,100,442,Not charging
09:56:23,80,80,0,2,100,442,Not charging
09:56:24,80,80,0,2,100,442,Not charging
09:56:24,80,80,0,2,100,442,Not charging
09:56:25,80,80,0,2,100,442,Not charging
09:56:25,80,80,0,2,100,442,Not charging
09:56:26,80,80,0,2,100,442,Not charging
09:56:26,80,80,0,2,100,442,Not charging
09:56:27,80,80,0,2,100,442,Not charging
09:56:27,80,80,0,2,100,442,Not charging
09:56:28,80,80,0,2,100,442,Not charging
09:56:28,80,80,0,2,100,442,Not charging
09:56:29,80,80,0,2,100,442,Not charging
09:56:29,80,80,0,2,100,442,Not charging
09:56:30,80,80,0,2,100,442,Not charging
09:56:30,80,80,0,2,100,442,Not charging
09:56:31,80,80,0,2,100,442,Not charging
09:56:31,80,80,0,2,100,442,Not charging
09:56:32,80,80,0,2,100,442,Not charging
09:56:32,80,80,0,2,100,442,Not charging
09:56:33,80,80,0,2,100,442,Not charging
09:56:33,80,80,0,2,100,442,Not charging
09:56:34,80,80,0,2,100,442,Not charging
09:56:34,80,80,0,2,100,442,Not charging
09:56:35,80,80,0,2,100,442,Not charging
09:56:35,80,80,0,2,100,442,Not charging
09:56:36,80,80,0,2,100,442,Not charging
09:56:36,80,80,0,2,100,442,Not charging
09:56:37,80,80,0,2,100,442,Not charging
09:56:37,80,80,0,2,100,442,Not charging
09:56:38,80,80,0,2,100,442,Not charging
09:56:38,80,80,0,2,100,442,Not charging
09:56:39,80,80,0,2,100,442,Not charging
09:56:39,80,80,0,2,100,442,Not charging
09:56:40,80,80,0,2,100,442,Not charging
09:56:40,80,80,0,2,100,442,Not charging
09:56:41,80,80,0,2,100,442,Not charging
09:56:41,80,80,0,2,100,442,Not charging
09:56:42,80,80,0,2,100,442,Not charging
09:56:42,80,80,0,2,100,442,Not charging
09:56:43,80,80,0,2,100,442,Not charging
09:56:43,80,80,0,2,100,442,Not charging
09:56:44,80,80,0,2,100,442,Not charging
09:56:44,80,80,0,2,100,442,Not charging
09:56:45,80,80,0,2,100,442,Not charging
09:56:45,80,80,0,2,100,442,Not charging
09:56:46,80,80,0,2,100,442,Not charging
09:56:46,80,80,0,2,100,442,Not charging
09:56:47,80,80,0,2,100,442,Not charging
09:56:47,80,80,0,2,100,442,Not charging
09:56:48,80,80,0,2,100,442,Not charging
09:56:48,80,80,0,2,100,442,Not charging
09:56:49,80,80,0,2,100,442,Not charging
09:56:49,80,80,0,2,100,442,Not charging
09:56:50,80,80,0,2,100,442,Not charging
09:56:50,80,80,0,2,100,442,Not charging
09:56:51,80,80,0,2,100,442,Not charging
09:56:51,80,80,0,2,100,442,Not charging
09:56:52,80,80,0,2,100,442,Not charging
09:56:52,80,80,0,2,100,442,Not charging
09:56:53,80,80,0,2,100,442,Not charging
09:56:53,80,80,0,2,100,442,Not charging
09:56:54,80,80,0,2,100,442,Not charging
09:56:54,80,80,0,2,100,442,Not charging
09:56:55,80,80,0,2,100,442,Not charging
09:56:55,80,80,0,2,100,442,Not charging
09:56:56,80,80,0,2,100,442,Not charging
09:56:56,80,80,0,2,100,442,Not charging
09:56:57,80,80,0,2,100,442,Not charging
09:56:57,80,80,0,2,100,442,Not charging
09:56:58,80,80,0,2,100,442,Not charging
09:56:58,80,80,0,2,100,442,Not charging
09:56:59,80,80,0,2,100,442,Not charging
09:56:59,80,80,0,2,100,442,Not charging
09:57:00,80,80,0,2,100,442,Not charging
09:57:00,80,80,0,2,100,442,Not charging
09:57:01,80,80,0,2,100,442,Not charging
09:57:01,80,80,0,2,100,442,Not charging
09:57:02,80,80,0,2,100,442,Not charging
09:57:02,80,80,0,2,100,442,Not charging
09:57:03,80,80,0,2,100,442,Not charging
09:57:03,80,80,0,2,100,442,Not charging
09:57:04,80,80,0,2,100,442,Not charging
09:57:04,80,80,0,2,100,442,Not charging
09:57:05,80,80,0,2,100,442,Not charging
09:57:05,80,80,0,2,100,442,Not charging
09:57:06,80,80,0,2,100,442,Not charging
09:57:06,80,80,0,2,100,442,Not charging
09:57:07,80,80,0,2,100,442,Not charging
09:57:07,80,80,0,2,100,442,Not charging
09:57:08,80,80,0,2,100,442,Not charging
09:57:08,80,80,0,2,100,442,Not charging
09:57:09,80,80,0,2,100,442,Not charging
09:57:09,80,80,0,2,100,442,Not charging
09:57:10,80,80,0,2,100,442,Not charging
09:57:10,80,80,0,2,100,442,Not charging
09:57:11,80,80,0,2,100,442,Not charging
09:57:11,80,80,0,2,100,442,Not charging
09:57:12,80,80,0,2,100,442,Not charging
09:57:12,80,80,0,2,100,442,Not charging
09:57:13,80,80,0,2,100,442,Not charging
09:57:13,80,80,0,2,100,442,Not charging
09:57:14,80,80,0,2,100,442,Not charging
09:57:14,80,80,0,2,100,442,Not charging
09:57:15,80,80,0,2,100,442,Not charging
09:57:15,80,80,0,2,100,442,Not charging
09:57:16,80,80,0,2,100,442,Not charging
09:57:16,80,80,0,2,100,442,Not charging
09:57:17,80,80,0,2,100,442,Not charging
09:57:17,80,80,0,2,100,442,Not charging
09:57:18,80,80,0,2,100,442,Not charging
09:57:18,80,80,0,2,100,442,Not charging
09:57:19,80,80,0,2,100,442,Not charging
09:57:19,80,80,0,2,100,442,Not charging
09:57:20,80,80,0,2,100,442,Not charging
09:57:20,80,80,0,2,100,442,Not charging
09:57:21,80,80,0,2,100,442,Not charging
09:57:21,80,80,0,2,100,442,Not charging
09:57:22,80,80,0,2,100,442,Not charging
09:57:22,80,80,0,2,100,442,Not charging
09:57:23,80,80,0,2,100,442,Not charging
09:57:23,80,80,0,2,100,442,Not charging
09:57:24,80,80,0,2,100,442,Not charging
09:57:24,80,80,0,2,100,442,Not charging
09:57:25,80,80,0,2,100,442,Not charging
09:57:25,80,80,0,2,100,442,Not charging
09:57:26,80,80,0,2,100,442,Not charging
09:57:26,80,80,0,2,100,442,Not charging
09:57:27,80,80,0,2,100,442,Not charging
09:57:27,80,80,0,2,100,442,Not charging
09:57:28,80,80,0,2,100,442,Not charging
09:57:28,80,80,0,2,100,442,Not charging
09:57:29,80,80,0,2,100,442,Not charging
09:57:29,80,80,0,2,100,442,Not charging
09:57:30,80,80,0,2,100,442,Not charging
09:57:30,80,80,0,2,100,442,Not charging
09:57:31,80,80,0,2,100,442,Not charging
09:57:31,80,80,0,2,100,442,Not charging
09:57:32,80,80,0,2,100,442,Not charging
09:57:32,80,80,0,2,100,442,Not charging
09:57:33,80,80,0,2,100,442,Not charging
09:57:33,80,80,0,2,100,442,Not charging
09:57:34,80,80,0,2,100,442,Not charging
09:57:34,80,80,0,2,100,442,Not charging
09:57:35,80,80,0,2,100,442,Not charging
09:57:35,80,80,0,2,100,442,Not charging
09:57:36,80,80,0,2,100,442,Not charging
09:57:36,80,80,0,2,100,442,Not charging
09:57:37,80,80,0,2,100,442,Not charging
09:57:37,80,80,0,2,100,442,Not charging
09:57:38,80,80,0,2,100,442,Not charging
09:57:38,80,80,0,2,100,442,Not charging
09:57:39,80,80,0,2,100,442,Not charging
09:57:39,80,80,0,2,100,442,Not charging
09:57:40,80,80,0,2,100,442,Not charging
09:57:40,80,80,0,2,100,442,Not charging
09:57:41,80,80,0,2,100,442,Not charging
09:57:41,80,80,0,2,100,442,Not charging
09:57:42,80,80,0,2,100,442,Not charging
09:57:42,80,80,0,2,100,442,Not charging
09:57:43,80,80,0,2,100,442,Not charging
09:57:43,80,80,0,2,100,442,Not charging
09:57:44,80,80,0,2,100,442,Not charging
09:57:44,80,80,0,2,100,442,Not charging
09:57:45,80,80,0,2,100,442,Not charging
09:57:45,80,80,0,2,100,442,Not charging
09:57:46,80,80,0,2,100,442,Not charging
09:57:46,80,80,0,2,100,442,Not charging
09:57:47,80,80,0,2,100,442,Not charging
09:57:47,80,80,0,2,100,442,Not charging
09:57:48,80,80,0,2,100,442,Not charging
09:57:48,80,80,0,2,100,442,Not charging
09:57:49,80,80,0,2,100,442,Not charging
09:57:49,80,80,0,2,100,442,Not charging
09:57:50,80,80,0,2,100,442,Not charging
09:57:50,80,80,0,2,100,442,Not charging
09:57:51,80,80,0,2,100,442,Not charging
09:57:51,80,80,0,2,100,442,Not charging
09:57:52,80,80,0,2,100,442,Not charging
09:57:52,80,80,0,2,100,442,Not charging
09:57:53,80,80,0,2,100,442,Not charging
09:57:53,80,80,0,2,100,442,Not charging
09:57:54,80,80,0,2,100,442,Not charging
09:57:54,80,80,0,2,100,442,Not charging
09:57:55,80,80,0,2,100,442,Not charging
09:57:55,80,80,0,2,100,442,Not charging
09:57:56,80,80,0,2,100,442,Not charging
09:57:56,80,80,0,2,100,442,Not charging
09:57:57,80,80,0,2,100,442,Not charging
09:57:57,80,80,0,2,100,442,Not charging
09:57:58,80,80,0,2,100,442,Not charging
09:57:58,80,80,0,2,100,442,Not charging
09:57:59,80,80,0,2,100,442,Not charging
09:57:59,80,80,0,2,100,442,Not charging
09:58:00,80,80,0,2,100,442,Not charging
09:58:00,80,80,0,2,100,442,Not charging
09:58:01,80,80,0,2,100,442,Not charging
09:58:01,80,80,0,2,100,442,Not charging
09:58:02,80,80,0,2,100,442,Not charging
09:58:02,80,80,0,2,100,442,Not charging
09:58:03,80,80,0,2,100,442,Not charging
09:58:03,80,80,0,2,100,442,Not charging
09:58:04,80,80,0,2,100,442,Not charging
09:58:04,80,80,0,2,100,442,Not charging
09:58:05,80,80,0,2,100,442,Not charging
09:58:05,80,80,0,2,100,442,Not charging
09:58:06,80,80,0,2,100,442,Not charging
09:58:06,80,80,0,2,100,442,Not charging
09:58:07,80,80,0,2,100,442,Not charging
09:58:07,80,80,0,2,100,442,Not charging
09:58:08,80,80,0,2,100,442,Not charging
09:58:08,80,80,0,2,100,442,Not charging
09:58:09,80,80,0,2,100,442,Not charging
09:58:09,80,80,0,2,100,442,Not charging
09:58:10,80,80,0,2,100,442,Not charging
09:58:10,80,80,0,2,100,442,Not charging
09:58:11,80,80,0,2,100,442,Not charging
09:58:11,80,80,0,2,100,442,Not charging
09:58:12,80,80,0,2,100,442,Not charging
09:58:12,80,80,0,2,100,442,Not charging
09:58:13,80,80,0,2,100,442,Not charging
09:58:13,80,80,0,2,100,442,Not charging
09:58:14,80,80,0,2,100,442,Not charging
09:58:14,80,80,0,2,100,442,Not charging
09:58:15,80,80,0,2,100,442,Not charging
09:58:15,80,80,0,2,100,442,Not charging
09:58:16,80,80,0,2,100,442,Not charging
09:58:16,80,80,0,2,100,408,Not charging
09:58:17,80,80,0,2,100,408,Not charging
09:58:17,80,80,0,2,100,408,Not charging
09:58:18,80,80,0,2,100,408,Not charging
09:58:18,80,80,0,2,100,408,Not charging
09:58:19,80,80,0,2,100,408,Not charging
09:58:19,80,80,0,2,100,408,Not charging
09:58:20,80,80,0,2,100,408,Not charging
09:58:20,80,80,0,2,100,408,Not charging
09:58:21,80,80,0,2,100,408,Not charging
09:58:21,80,80,0,2,100,408,Not charging
09:58:22,80,80,0,2,100,408,Not charging
09:58:22,80,80,0,2,100,408,Not charging
09:58:23,80,80,0,2,100,408,Not charging
09:58:23,80,80,0,2,100,408,Not charging
09:58:24,80,80,0,2,100,408,Not charging
09:58:24,80,80,0,2,100,408,Not charging
09:58:25,80,80,0,2,100,408,Not charging
09:58:25,80,80,0,2,100,408,Not charging
09:58:26,80,80,0,2,100,408,Not charging
09:58:26,80,80,0,2,100,408,Not charging
09:58:27,80,80,0,2,100,408,Not charging
09:58:27,80,80,0,2,100,408,Not charging
09:58:28,80,80,0,2,100,408,Not charging
09:58:28,80,80,0,2,100,408,Not charging
09:58:29,80,80,0,2,100,408,Not charging
09:58:29,80,80,0,2,100,408,Not charging
09:58:30,80,80,0,2,100,408,Not charging
09:58:30,80,80,0,2,100,408,Not charging
09:58:31,80,80,0,2,100,408,Not charging
09:58:31,80,80,0,2,100,408,Not charging
09:58:32,80,80,0,2,100,408,Not charging
09:58:32,80,80,0,2,100,408,Not charging
09:58:33,80,80,0,2,100,408,Not charging
09:58:33,80,80,0,2,100,408,Not charging
09:58:34,80,80,0,2,100,408,Not charging
09:58:34,80,80,0,2,100,408,Not charging
09:58:35,80,80,0,2,100,408,Not charging
09:58:35,80,80,0,2,100,408,Not charging
09:58:36,80,80,0,2,100,408,Not charging
09:58:36,80,80,0,2,100,408,Not charging
09:58:37,80,80,0,2,100,408,Not charging
09:58:37,80,80,0,2,100,408,Not charging
09:58:38,80,80,0,2,100,408,Not charging
09:58:38,80,80,0,2,100,408,Not charging
09:58:39,80,80,0,2,100,408,Not charging
09:58:39,80,80,0,2,100,408,Not charging
09:58:40,80,80,0,2,100,408,Not charging
09:58:40,80,80,0,2,100,408,Not charging
09:58:41,80,80,0,2,100,408,Not charging
09:58:41,80,80,0,2,100,408,Not charging
09:58:42,80,80,0,2,100,408,Not charging
09:58:42,80,80,0,2,100,408,Not charging
09:58:43,80,80,0,2,100,408,Not charging
09:58:43,80,80,0,2,100,408,Not charging
09:58:44,80,80,0,2,100,408,Not charging
09:58:44,80,80,0,2,100,408,Not charging
09:58:45,80,80,0,2,100,408,Not charging
09:58:45,80,80,0,2,100,408,Not charging
09:58:46,80,80,0,2,100,408,Not charging
09:58:46,80,80,0,2,100,408,Not charging
09:58:47,80,80,0,2,100,408,Not charging
09:58:47,80,80,0,2,100,408,Not charging
09:58:48,80,80,0,2,100,408,Not charging
09:58:48,80,80,0,2,100,408,Not charging
09:58:49,80,80,0,2,100,408,Not charging
09:58:49,80,80,0,2,100,408,Not charging
09:58:50,80,80,0,2,100,408,Not charging
09:58:50,80,80,0,2,100,408,Not charging
09:58:51,80,80,0,2,100,408,Not charging
09:58:51,80,80,0,2,100,408,Not charging
09:58:52,80,80,0,2,100,408,Not charging
09:58:52,80,80,0,2,100,408,Not charging
09:58:53,80,80,0,2,100,408,Not charging
09:58:53,80,80,0,2,100,408,Not charging
09:58:54,80,80,0,2,100,408,Not charging
09:58:54,80,80,0,2,100,408,Not charging
09:58:55,80,80,0,2,100,408,Not charging
09:58:55,80,80,0,2,100,408,Not charging
09:58:56,80,80,0,2,100,408,Not charging
09:58:56,80,80,0,2,100,408,Not charging
09:58:57,80,80,0,2,100,408,Not charging
09:58:57,80,80,0,2,100,408,Not charging
09:58:58,80,80,0,2,100,408,Not charging
09:58:58,80,80,0,2,100,408,Not charging
09:58:59,80,80,0,2,100,408,Not charging
09:58:59,80,80,0,2,100,408,Not charging
09:59:00,80,80,0,2,100,408,Not charging
09:59:00,80,80,0,2,100,408,Not charging
09:59:01,80,80,0,2,100,408,Not charging
09:59:01,80,80,0,2,100,408,Not charging
09:59:02,80,80,0,2,100,408,Not charging
09:59:02,93,93,0,2,100,408,Not charging
09:59:03,93,93,0,2,100,408,Not charging
09:59:03,93,93,0,2,100,408,Not charging
09:59:04,93,93,0,2,100,408,Not charging
09:59:04,92,92,0,2,100,408,Not charging
09:59:05,92,92,0,2,100,408,Not charging
09:59:05,92,92,0,2,100,408,Not charging
09:59:06,92,92,0,2,100,408,Not charging
09:59:06,100,100,0,2,100,408,Full
09:59:07,100,100,0,2,100,408,Full
09:59:07,100,100,0,2,100,408,Full
09:59:08,100,100,0,2,100,408,Full
09:59:08,100,100,0,2,100,408,Full
09:59:09,100,100,0,2,100,408,Full
09:59:09,100,100,0,2,100,408,Full
09:59:10,100,100,0,2,100,408,Full
09:59:10,100,100,0,2,100,408,Full
09:59:11,100,100,0,2,100,408,Full
09:59:11,100,100,0,2,100,408,Full
09:59:12,100,100,0,2,100,408,Full
09:59:12,100,100,0,2,100,408,Full
09:59:13,100,100,0,2,100,408,Full
09:59:13,100,100,0,2,100,408,Full
09:59:14,100,100,0,2,100,408,Full
09:59:14,100,100,0,2,100,408,Full
09:59:15,100,100,0,2,100,408,Full
09:59:15,100,100,0,0,100,408,Full
09:59:16,100,100,0,0,100,408,Full
09:59:16,100,100,0,0,100,408,Full
09:59:17,100,100,0,0,100,408,Full
09:59:17,100,100,0,0,100,408,Full
09:59:18,100,100,0,0,100,408,Full
09:59:18,100,100,0,0,100,408,Full
09:59:19,100,100,0,0,100,408,Full
09:59:19,100,100,0,0,100,408,Full
09:59:20,100,100,0,0,100,408,Full
09:59:20,100,100,0,0,100,408,Full
09:59:21,100,100,0,0,100,408,Full
09:59:21,100,100,0,0,100,408,Full
09:59:22,100,100,0,0,100,408,Full
09:59:22,100,100,0,0,100,408,Full
09:59:23,100,100,0,0,100,408,Full
09:59:23,100,100,0,0,100,408,Full
09:59:24,100,100,0,0,100,408,Full
09:59:24,100,100,0,0,100,408,Full
09:59:25,100,100,0,0,100,408,Full
09:59:25,100,100,0,0,100,408,Full
09:59:26,100,100,0,0,100,408,Full
09:59:26,100,100,0,0,100,408,Full
09:59:27,100,100,0,0,100,408,Full
09:59:27,100,100,0,0,100,408,Full
09:59:28,100,100,0,0,100,408,Full
09:59:28,100,100,0,0,100,408,Full
09:59:29,100,100,0,2,100,408,Full
09:59:29,100,100,0,2,100,408,Full
09:59:30,100,100,0,2,100,408,Full
09:59:30,100,100,0,2,100,408,Full
09:59:31,100,100,0,2,100,408,Full
09:59:31,100,100,0,2,100,408,Full
09:59:32,100,100,0,2,100,408,Full
09:59:32,100,100,0,2,100,408,Full
09:59:33,100,100,0,2,100,408,Full
09:59:33,100,100,0,2,100,408,Full
09:59:34,100,100,0,2,100,408,Full
09:59:34,100,100,0,2,100,408,Full
09:59:35,100,100,0,2,100,408,Full
09:59:35,100,100,0,2,100,408,Full
09:59:36,100,100,0,2,100,408,Full
09:59:36,100,100,0,2,100,408,Full
09:59:37,100,100,0,2,100,408,Full
09:59:37,100,100,0,2,100,408,Full
09:59:38,97,97,0,2,100,408,Full
09:59:38,97,97,0,2,100,408,Not charging
09:59:39,97,97,0,2,100,408,Not charging
09:59:39,97,97,0,2,100,408,Not charging
09:59:40,97,97,0,2,100,408,Not charging
09:59:40,97,97,0,2,100,408,Not charging
09:59:41,97,97,0,2,100,408,Not charging
09:59:41,97,97,0,2,100,408,Not charging
09:59:42,97,97,0,2,100,408,Not charging
09:59:42,97,97,0,2,100,408,Not charging
09:59:43,97,97,0,2,100,408,Not charging
09:59:43,97,97,0,2,100,408,Not charging
09:59:44,97,97,0,2,100,408,Not charging
09:59:44,97,97,0,2,100,408,Not charging
09:59:45,97,97,0,2,100,408,Not charging
09:59:45,97,97,0,2,100,408,Not charging
09:59:46,97,97,0,2,100,408,Not charging
09:59:46,97,97,0,2,100,408,Not charging
09:59:47,97,97,0,2,100,408,Not charging
09:59:47,100,100,0,2,100,408,Full
09:59:48,100,100,0,2,100,408,Full
09:59:48,100,100,0,2,100,408,Full
09:59:49,100,100,0,2,100,408,Full
09:59:49,100,100,0,2,100,408,Full
09:59:50,100,100,0,2,100,408,Full
09:59:50,100,100,0,2,100,1021,Discharging
09:59:51,100,100,0,2,100,1021,Discharging
09:59:52,100,100,0,2,100,2789,Discharging
09:59:52,100,100,0,2,100,2789,Discharging
09:59:53,100,100,0,2,100,3605,Discharging
09:59:53,100,100,0,2,100,3605,Discharging
09:59:54,100,100,0,2,100,3673,Discharging
09:59:54,100,100,0,2,100,3673,Discharging
09:59:55,100,100,0,2,100,0,Discharging
09:59:55,100,100,0,2,100,0,Not charging
09:59:56,100,100,0,2,100,0,Full
09:59:56,100,100,0,2,100,0,Full
09:59:57,100,100,0,2,100,510,Full
09:59:57,100,100,0,2,100,510,Full
09:59:58,100,100,0,2,100,510,Full
09:59:58,100,100,0,2,100,510,Full
09:59:59,100,100,0,2,100,510,Full
09:59:59,100,100,0,2,100,510,Full
10:00:00,100,100,0,2,100,510,Full
10:00:00,100,100,0,2,100,510,Full
10:00:01,100,100,0,2,100,510,Full
10:00:01,100,100,0,2,100,510,Full
10:00:02,100,100,0,2,100,510,Full
10:00:02,100,100,0,2,100,510,Full
10:00:03,100,100,0,2,100,510,Full
10:00:03,100,100,0,2,100,510,Full
10:00:04,100,100,0,2,100,510,Full
10:00:04,100,100,0,2,100,510,Full
10:00:05,100,100,0,2,100,510,Full
10:00:05,100,100,0,2,100,510,Full
10:00:06,100,100,0,2,100,510,Full
10:00:06,100,100,0,2,100,510,Full
10:00:07,100,100,0,2,100,510,Full
10:00:07,100,100,0,2,100,510,Full
10:00:08,100,100,0,2,100,476,Full
10:00:08,100,100,0,2,100,476,Full
10:00:09,100,100,0,2,100,476,Full
10:00:09,100,100,0,2,100,476,Full
10:00:10,100,100,0,2,100,476,Full
10:00:10,100,100,0,2,100,476,Full
10:00:11,100,100,0,2,100,476,Full
10:00:11,100,100,0,2,100,476,Full
10:00:12,100,100,0,2,100,476,Full
10:00:12,100,100,0,2,100,476,Full
10:00:13,100,100,0,2,100,476,Full
10:00:13,100,100,0,2,100,476,Full
10:00:14,100,100,0,2,100,476,Full
10:00:14,100,100,0,2,100,476,Full
10:00:15,100,100,0,2,100,0,Full
10:00:15,100,100,0,2,100,0,Full
10:00:16,100,100,0,2,100,34,Full
10:00:16,100,100,0,2,100,34,Full
10:00:17,100,100,0,2,100,408,Full
10:00:17,100,100,0,2,100,408,Full
10:00:18,100,100,0,2,100,408,Full
10:00:18,100,100,0,2,100,408,Full
10:00:19,100,100,0,2,100,408,Full
10:00:19,100,100,0,2,100,408,Full
10:00:20,100,100,0,2,100,408,Full
10:00:20,100,100,0,2,100,408,Full
10:00:21,100,100,0,2,100,408,Full
10:00:21,100,100,0,2,100,408,Full
10:00:22,100,100,0,2,100,408,Full
10:00:22,100,100,0,2,100,408,Full
10:00:23,100,100,0,2,100,408,Full
10:00:23,100,100,0,2,100,408,Full
10:00:24,100,100,0,2,100,408,Full
10:00:24,100,100,0,2,100,408,Full
10:00:25,100,100,0,2,100,408,Full
10:00:25,100,100,0,2,100,408,Full
10:00:26,100,100,0,2,100,408,Full
10:00:26,100,100,0,2,100,408,Full
10:00:27,100,100,0,2,100,408,Full
10:00:27,100,100,0,2,100,408,Full
10:00:28,100,100,0,2,100,408,Full
10:00:28,100,100,0,2,100,408,Full
10:00:29,100,100,0,2,100,408,Full
10:00:29,100,100,0,2,100,408,Full
10:00:30,100,100,0,2,100,408,Full
10:00:30,100,100,0,2,100,408,Full
10:00:31,100,100,0,2,100,408,Full
10:00:31,100,100,0,2,100,408,Full
10:00:32,100,100,0,2,100,408,Full
10:00:32,100,100,0,2,100,408,Full
10:00:33,100,100,0,2,100,408,Full
10:00:33,100,100,0,2,100,408,Full
10:00:34,100,100,0,2,100,408,Full
10:00:34,100,100,0,2,100,408,Full
10:00:35,100,100,0,2,100,408,Full
10:00:35,100,100,0,2,100,408,Full
10:00:36,100,100,0,2,100,408,Full
10:00:36,100,100,0,2,100,408,Full
10:00:37,100,100,0,2,100,408,Full
10:00:37,100,100,0,2,100,408,Full
10:00:38,100,100,0,2,100,408,Full
10:00:38,100,100,0,2,100,408,Full
10:00:39,100,100,0,2,100,408,Full
10:00:39,100,100,0,2,100,408,Full
10:00:40,100,100,0,2,100,408,Full
10:00:40,100,100,0,2,100,408,Full
10:00:41,100,100,0,2,100,408,Full
10:00:41,100,100,0,2,100,408,Full
10:00:42,100,100,0,2,100,408,Full
10:00:42,100,100,0,2,100,408,Full
10:00:43,100,100,0,2,100,408,Full
10:00:43,100,100,0,2,100,408,Full
10:00:44,100,100,0,2,100,408,Full
10:00:44,100,100,0,2,100,408,Full
10:00:45,100,100,0,2,100,408,Full
10:00:45,100,100,0,2,100,408,Full
10:00:46,100,100,0,2,100,408,Full
10:00:46,100,100,0,2,100,408,Full
10:00:47,100,100,0,2,100,408,Full
10:00:47,100,100,0,2,100,408,Full
10:00:48,100,100,0,2,100,408,Full
10:00:48,100,100,0,2,100,408,Full
10:00:49,100,100,0,2,100,408,Full
10:00:49,100,100,0,2,100,408,Full
10:00:50,100,100,0,2,100,408,Full
10:00:50,100,100,0,2,100,408,Full
10:00:51,100,100,0,2,100,408,Full
10:00:51,100,100,0,2,100,408,Full
10:00:52,100,100,0,2,100,408,Full
10:00:52,100,100,0,2,100,408,Full
10:00:53,100,100,0,2,100,408,Full
10:00:53,100,100,0,2,100,408,Full
10:00:54,100,100,0,2,100,408,Full
10:00:54,100,100,0,2,100,408,Full
10:00:55,100,100,0,2,100,408,Full
10:00:55,100,100,0,2,100,408,Full
10:00:56,100,100,0,2,100,408,Full
10:00:56,100,100,0,2,100,408,Full
10:00:57,100,100,0,2,100,408,Full
10:00:57,100,100,0,2,100,408,Full
10:00:58,100,100,0,2,100,408,Full
10:00:58,100,100,0,2,100,408,Full
10:00:59,100,100,0,2,100,408,Full
10:00:59,100,100,0,2,100,408,Full
10:01:00,100,100,0,2,100,408,Full
10:01:00,100,100,0,2,100,408,Full
10:01:01,100,100,0,2,100,408,Full
10:01:01,100,100,0,2,100,408,Full
10:01:02,100,100,0,2,100,408,Full
10:01:02,100,100,0,2,100,408,Full
10:01:03,100,100,0,2,100,408,Full
10:01:03,100,100,0,2,100,408,Full
10:01:04,100,100,0,2,100,408,Full
10:01:04,100,100,0,2,100,408,Full
10:01:05,100,100,0,2,100,408,Full
10:01:05,100,100,0,2,100,408,Full
10:01:06,100,100,0,2,100,408,Full
10:01:06,100,100,0,2,100,408,Full
10:01:07,100,100,0,2,100,408,Full
10:01:07,100,100,0,2,100,408,Full
10:01:08,100,100,0,2,100,408,Full
10:01:08,100,100,0,2,100,408,Full
10:01:09,100,100,0,2,100,408,Full
10:01:09,100,100,0,2,100,408,Full
10:01:10,100,100,0,2,100,408,Full
10:01:10,100,100,0,2,100,408,Full
10:01:11,100,100,0,2,100,408,Full
10:01:11,100,100,0,2,100,408,Full
10:01:12,100,100,0,2,100,408,Full
10:01:12,100,100,0,2,100,408,Full
10:01:13,100,100,0,2,100,408,Full
10:01:13,100,100,0,2,100,408,Full
10:01:14,100,100,0,2,100,408,Full
10:01:14,100,100,0,2,100,408,Full
10:01:15,100,100,0,2,100,408,Full
10:01:15,100,100,0,2,100,408,Full
10:01:16,100,100,0,2,100,408,Full
10:01:16,100,100,0,2,100,408,Full
10:01:17,100,100,0,2,100,408,Full
10:01:17,100,100,0,2,100,408,Full
10:01:18,100,100,0,2,100,408,Full
10:01:18,100,100,0,2,100,408,Full
10:01:19,100,100,0,2,100,408,Full
10:01:19,100,100,0,2,100,408,Full
10:01:20,100,100,0,2,100,408,Full
10:01:20,100,100,0,2,100,408,Full
10:01:21,100,100,0,2,100,408,Full
10:01:21,100,100,0,2,100,408,Full
10:01:22,100,100,0,2,100,408,Full
10:01:22,100,100,0,2,100,408,Full
10:01:23,100,100,0,2,100,408,Full
10:01:23,100,100,0,2,100,408,Full
10:01:24,100,100,0,2,100,408,Full
10:01:24,100,100,0,2,100,408,Full
10:01:25,100,100,0,2,100,374,Full
10:01:25,100,100,0,2,100,374,Full
10:01:26,100,100,0,2,100,374,Full
10:01:26,100,100,0,2,100,374,Full
10:01:27,100,100,0,2,100,374,Full
10:01:27,100,100,0,2,100,374,Full
10:01:28,100,100,0,2,100,374,Full
10:01:28,100,100,0,2,100,374,Full
10:01:29,100,100,0,2,100,374,Full
10:01:29,100,100,0,2,100,374,Full
10:01:30,100,100,0,2,100,374,Full
10:01:30,100,100,0,2,100,374,Full
10:01:31,100,100,0,2,100,374,Full
10:01:31,100,100,0,2,100,374,Full
10:01:32,100,100,0,2,100,374,Full
10:01:32,100,100,0,2,100,374,Full
10:01:33,100,100,0,2,100,374,Full
10:01:33,100,100,0,2,100,374,Full
10:01:34,100,100,0,2,100,374,Full
10:01:34,100,100,0,2,100,374,Full
10:01:35,100,100,0,2,100,374,Full
10:01:35,100,100,0,2,100,374,Full
10:01:36,100,100,0,2,100,374,Full
10:01:36,100,100,0,2,100,374,Full
10:01:37,100,100,0,2,100,374,Full
10:01:37,100,100,0,2,100,374,Full
10:01:38,100,100,0,2,100,374,Full
10:01:38,100,100,0,2,100,374,Full
10:01:39,100,100,0,2,100,374,Full
10:01:39,100,100,0,2,100,374,Full
10:01:40,100,100,0,2,100,374,Full
10:01:40,100,100,0,2,100,374,Full
10:01:41,100,100,0,2,100,374,Full
10:01:41,100,100,0,2,100,374,Full
10:01:42,100,100,0,2,100,374,Full
10:01:42,100,100,0,2,100,374,Full
10:01:43,100,100,0,2,100,374,Full
10:01:43,100,100,0,2,100,374,Full
10:01:44,100,100,0,2,100,374,Full
10:01:44,100,100,0,2,100,374,Full
10:01:45,100,100,0,2,100,374,Full
10:01:45,100,100,0,2,100,374,Full
10:01:46,100,100,0,2,100,374,Full
10:01:46,100,100,0,2,100,374,Full
10:01:47,100,100,0,2,100,374,Full
10:01:47,100,100,0,2,100,374,Full
10:01:48,100,100,0,2,100,374,Full
10:01:48,100,100,0,2,100,374,Full
10:01:49,100,100,0,2,100,374,Full
10:01:49,100,100,0,2,100,374,Full
10:01:50,100,100,0,2,100,374,Full
10:01:50,100,100,0,2,100,374,Full
10:01:51,100,100,0,2,100,374,Full
10:01:51,100,100,0,2,100,374,Full
10:01:52,100,100,0,2,100,374,Full
10:01:52,100,100,0,2,100,374,Full
10:01:53,100,100,0,2,100,374,Full
10:01:53,100,100,0,2,100,374,Full
10:01:54,100,100,0,2,100,374,Full
10:01:55,100,100,0,2,100,374,Full
10:01:55,100,100,0,2,100,374,Full
10:01:56,100,100,0,2,100,374,Full
10:01:56,100,100,0,2,100,374,Full
10:01:57,100,100,0,2,100,374,Full
10:01:57,100,100,0,2,100,374,Full
10:01:58,100,100,0,2,100,374,Full
10:01:58,100,100,0,2,100,374,Full
10:01:59,100,100,0,2,100,374,Full
10:01:59,100,100,0,2,100,374,Full
10:02:00,100,100,0,2,100,374,Full
10:02:00,100,100,0,2,100,374,Full
10:02:01,100,100,0,2,100,374,Full
10:02:01,100,100,0,2,100,374,Full
10:02:02,100,100,0,2,100,374,Full
10:02:02,100,100,0,2,100,374,Full
10:02:03,100,100,0,2,100,374,Full
10:02:03,100,100,0,2,100,374,Full
10:02:04,100,100,0,2,100,374,Full
10:02:04,100,100,0,2,100,374,Full
10:02:05,100,100,0,2,100,374,Full
10:02:05,100,100,0,2,100,374,Full
10:02:06,100,100,0,2,100,374,Full
10:02:06,100,100,0,2,100,374,Full
10:02:07,100,100,0,2,100,374,Full
10:02:07,100,100,0,2,100,374,Full
10:02:08,100,100,0,2,100,374,Full
10:02:08,100,100,0,2,100,374,Full
10:02:09,100,100,0,2,100,374,Full
10:02:09,100,100,0,2,100,374,Full
10:02:10,100,100,0,2,100,374,Full
10:02:10,100,100,0,2,100,374,Full
10:02:11,100,100,0,2,100,374,Full
10:02:11,100,100,0,2,100,374,Full
10:02:12,100,100,0,2,100,374,Full
10:02:12,100,100,0,2,100,374,Full
10:02:13,100,100,0,2,100,374,Full
10:02:13,100,100,0,2,100,374,Full
10:02:14,100,100,0,2,100,374,Full
10:02:14,100,100,0,2,100,374,Full
10:02:15,100,100,0,2,100,374,Full
10:02:15,100,100,0,2,100,374,Full
10:02:16,100,100,0,2,100,374,Full
10:02:16,100,100,0,2,100,374,Full
10:02:17,100,100,0,2,100,374,Full
10:02:17,100,100,0,2,100,374,Full
10:02:18,100,100,0,2,100,374,Full
10:02:18,100,100,0,2,100,374,Full
10:02:19,100,100,0,2,100,374,Full
10:02:19,100,100,0,2,100,374,Full
10:02:20,100,100,0,2,100,374,Full
10:02:20,100,100,0,2,100,374,Full
10:02:21,100,100,0,2,100,374,Full
10:02:21,100,100,0,2,100,374,Full
10:02:22,100,100,0,2,100,374,Full
10:02:22,100,100,0,2,100,374,Full
10:02:23,100,100,0,2,100,374,Full
10:02:23,100,100,0,2,100,374,Full
10:02:24,100,100,0,2,100,374,Full
10:02:24,100,100,0,2,100,374,Full
10:02:25,100,100,0,2,100,374,Full
10:02:25,100,100,0,2,100,374,Full
10:02:26,100,100,0,2,100,374,Full
10:02:26,100,100,0,2,100,374,Full
10:02:27,100,100,0,2,100,374,Full
10:02:27,100,100,0,2,100,374,Full
10:02:28,100,100,0,2,100,374,Full
10:02:28,100,100,0,2,100,374,Full
10:02:29,100,100,0,2,100,374,Full
10:02:29,100,100,0,2,100,374,Full
10:02:30,100,100,0,2,100,374,Full
10:02:30,100,100,0,2,100,374,Full
10:02:31,100,100,0,2,100,374,Full
10:02:31,100,100,0,2,100,374,Full
10:02:32,100,100,0,2,100,374,Full
10:02:32,100,100,0,2,100,374,Full
10:02:33,100,100,0,2,100,374,Full
10:02:33,100,100,0,2,100,374,Full
10:02:34,100,100,0,2,100,374,Full
10:02:34,100,100,0,2,100,374,Full
10:02:35,100,100,0,2,100,374,Full
10:02:35,100,100,0,2,100,374,Full
10:02:36,100,100,0,2,100,374,Full
10:02:36,100,100,0,2,100,374,Full
10:02:37,100,100,0,2,100,374,Full
10:02:37,100,100,0,2,100,374,Full
10:02:38,100,100,0,2,100,374,Full
10:02:38,100,100,0,2,100,374,Full
10:02:39,100,100,0,2,100,374,Full
10:02:39,100,100,0,2,100,374,Full
10:02:40,100,100,0,2,100,374,Full
10:02:40,100,100,0,2,100,374,Full
10:02:41,100,100,0,2,100,374,Full
10:02:41,100,100,0,2,100,374,Full
10:02:42,100,100,0,2,100,374,Full
10:02:42,100,100,0,2,100,374,Full
10:02:43,100,100,0,2,100,374,Full
10:02:43,100,100,0,2,100,374,Full
10:02:44,100,100,0,2,100,374,Full
10:02:44,100,100,0,2,100,374,Full
10:02:45,100,100,0,2,100,374,Full
10:02:45,100,100,0,2,100,374,Full
10:02:46,100,100,0,2,100,374,Full
10:02:46,100,100,0,2,100,374,Full
10:02:47,100,100,0,2,100,374,Full
10:02:47,100,100,0,2,100,374,Full
10:02:48,100,100,0,2,100,374,Full
10:02:48,100,100,0,2,100,374,Full
10:02:49,100,100,0,2,100,374,Full
10:02:49,100,100,0,2,100,374,Full
10:02:50,100,100,0,2,100,374,Full
10:02:50,100,100,0,2,100,374,Full
10:02:51,100,100,0,2,100,374,Full
10:02:51,100,100,0,2,100,374,Full
10:02:52,100,100,0,2,100,374,Full
10:02:52,100,100,0,2,100,374,Full
10:02:53,100,100,0,2,100,374,Full
10:02:53,100,100,0,2,100,374,Full
10:02:54,100,100,0,2,100,374,Full
10:02:54,100,100,0,2,100,374,Full
10:02:55,100,100,0,2,100,374,Full
10:02:55,100,100,0,2,100,374,Full
10:02:56,100,100,0,2,100,374,Full
10:02:56,100,100,0,2,100,374,Full
10:02:57,100,100,0,2,100,374,Full
10:02:57,100,100,0,2,100,374,Full
10:02:58,100,100,0,2,100,374,Full
10:02:58,100,100,0,2,100,374,Full
10:02:59,100,100,0,2,100,374,Full
10:02:59,100,100,0,2,100,374,Full
10:03:00,100,100,0,2,100,374,Full
10:03:00,100,100,0,2,100,374,Full
10:03:01,100,100,0,2,100,374,Full
10:03:01,100,100,0,2,100,374,Full
10:03:02,100,100,0,2,100,374,Full
10:03:02,100,100,0,2,100,374,Full
10:03:03,100,100,0,2,100,374,Full
10:03:03,100,100,0,2,100,374,Full
10:03:04,100,100,0,2,100,374,Full
10:03:04,100,100,0,2,100,374,Full
10:03:05,100,100,0,2,100,374,Full
10:03:05,100,100,0,2,100,374,Full
10:03:06,100,100,0,2,100,374,Full
10:03:06,100,100,0,2,100,374,Full
10:03:07,100,100,0,2,100,374,Full
10:03:07,100,100,0,2,100,374,Full
10:03:08,100,100,0,2,100,374,Full
10:03:08,100,100,0,2,100,374,Full
10:03:09,100,100,0,2,100,374,Full
10:03:09,100,100,0,2,100,374,Full
10:03:10,100,100,0,2,100,374,Full
10:03:10,100,100,0,2,100,374,Full
10:03:11,100,100,0,2,100,374,Full
10:03:11,100,100,0,2,100,374,Full
10:03:12,100,100,0,2,100,374,Full
10:03:12,100,100,0,2,100,374,Full
10:03:13,100,100,0,2,100,374,Full
10:03:13,100,100,0,2,100,374,Full
10:03:14,100,100,0,2,100,374,Full
10:03:14,100,100,0,2,100,374,Full
10:03:15,100,100,0,2,100,374,Full
10:03:15,100,100,0,2,100,374,Full
10:03:16,100,100,0,2,100,374,Full
10:03:16,100,100,0,2,100,374,Full
10:03:17,100,100,0,2,100,374,Full
10:03:17,100,100,0,2,100,374,Full
10:03:18,100,100,0,2,100,374,Full
10:03:18,100,100,0,2,100,374,Full
10:03:19,100,100,0,2,100,374,Full
10:03:19,100,100,0,2,100,374,Full
10:03:20,100,100,0,2,100,374,Full
10:03:20,100,100,0,2,100,374,Full
10:03:21,100,100,0,2,100,374,Full
10:03:21,100,100,0,2,100,374,Full
10:03:22,100,100,0,2,100,374,Full
10:03:22,100,100,0,2,100,374,Full
10:03:23,100,100,0,2,100,374,Full
10:03:23,100,100,0,2,100,374,Full
10:03:24,100,100,0,2,100,374,Full
10:03:24,100,100,0,2,100,374,Full
10:03:25,100,100,0,2,100,374,Full
10:03:25,100,100,0,2,100,374,Full
10:03:26,100,100,0,2,100,374,Full
10:03:26,100,100,0,2,100,374,Full
10:03:27,100,100,0,2,100,374,Full
10:03:27,100,100,0,2,100,374,Full
10:03:28,100,100,0,2,100,374,Full
10:03:28,100,100,0,2,100,374,Full
10:03:29,100,100,0,2,100,374,Full
10:03:29,100,100,0,2,100,374,Full
10:03:30,100,100,0,2,100,374,Full
10:03:30,100,100,0,2,100,374,Full
10:03:31,100,100,0,2,100,374,Full
10:03:31,100,100,0,2,100,374,Full
10:03:32,100,100,0,2,100,374,Full
10:03:32,100,100,0,2,100,374,Full
10:03:33,100,100,0,2,100,374,Full
10:03:33,100,100,0,2,100,374,Full
10:03:34,100,100,0,2,100,374,Full
10:03:34,100,100,0,2,100,374,Full
10:03:35,100,100,0,2,100,374,Full
10:03:35,100,100,0,2,100,374,Full
10:03:36,100,100,0,2,100,374,Full
10:03:36,100,100,0,2,100,374,Full
10:03:37,100,100,0,2,100,374,Full
10:03:37,100,100,0,2,100,374,Full
10:03:38,100,100,0,2,100,374,Full
10:03:38,100,100,0,2,100,374,Full
10:03:39,100,100,0,2,100,374,Full
10:03:39,100,100,0,2,100,374,Full
10:03:40,100,100,0,2,100,374,Full
10:03:40,100,100,0,2,100,374,Full
10:03:41,100,100,0,2,100,374,Full
10:03:41,100,100,0,2,100,374,Full
10:03:42,100,100,0,2,100,374,Full
10:03:42,100,100,0,2,100,374,Full
10:03:43,100,100,0,2,100,374,Full
10:03:43,100,100,0,2,100,374,Full
10:03:44,100,100,0,2,100,374,Full
10:03:44,100,100,0,2,100,374,Full
10:03:45,100,100,0,2,100,374,Full
10:03:45,100,100,0,2,100,374,Full
10:03:46,100,100,0,2,100,374,Full
10:03:46,100,100,0,2,100,374,Full
10:03:47,100,100,0,2,100,374,Full
10:03:47,100,100,0,2,100,374,Full
10:03:48,100,100,0,2,100,374,Full
10:03:48,100,100,0,2,100,374,Full
10:03:49,100,100,0,2,100,374,Full
10:03:49,100,100,0,2,100,374,Full
10:03:50,100,100,0,2,100,374,Full
10:03:50,100,100,0,2,100,374,Full
10:03:51,100,100,0,2,100,374,Full
10:03:51,100,100,0,2,100,374,Full
10:03:52,100,100,0,2,100,374,Full
10:03:52,100,100,0,2,100,340,Full
10:03:53,100,100,0,2,100,340,Full
10:03:53,100,100,0,2,100,340,Full
10:03:54,100,100,0,2,100,340,Full
10:03:54,100,100,0,2,100,340,Full
10:03:55,100,100,0,2,100,340,Full
10:03:55,100,100,0,2,100,340,Full
10:03:56,100,100,0,2,100,340,Full
10:03:56,100,100,0,2,100,340,Full
10:03:57,100,100,0,2,100,340,Full
10:03:57,100,100,0,2,100,340,Full
10:03:58,100,100,0,2,100,340,Full
10:03:58,100,100,0,2,100,340,Full
10:03:59,100,100,0,2,100,340,Full
10:03:59,100,100,0,2,100,340,Full
10:04:00,100,100,0,2,100,340,Full
10:04:00,100,100,0,2,100,340,Full
10:04:01,100,100,0,2,100,340,Full
10:04:01,100,100,0,2,100,340,Full
10:04:02,100,100,0,2,100,340,Full
10:04:02,100,100,0,2,100,340,Full
10:04:03,100,100,0,2,100,340,Full
10:04:03,100,100,0,2,100,340,Full
10:04:04,100,100,0,2,100,340,Full
10:04:04,100,100,0,2,100,340,Full
10:04:05,100,100,0,2,100,340,Full
10:04:05,100,100,0,2,100,340,Full
10:04:06,100,100,0,2,100,340,Full
10:04:06,100,100,0,2,100,340,Full
10:04:07,100,100,0,2,100,340,Full
10:04:07,100,100,0,2,100,340,Full
10:04:08,100,100,0,2,100,340,Full
10:04:08,100,100,0,2,100,340,Full
10:04:09,100,100,0,2,100,340,Full
10:04:09,100,100,0,2,100,340,Full
10:04:10,100,100,0,2,100,340,Full
10:04:10,100,100,0,2,100,340,Full
10:04:11,100,100,0,2,100,340,Full
10:04:11,100,100,0,2,100,340,Full
10:04:12,100,100,0,2,100,340,Full
10:04:12,100,100,0,2,100,340,Full
10:04:13,100,100,0,2,100,340,Full
10:04:13,100,100,0,2,100,340,Full
10:04:14,100,100,0,2,100,340,Full
10:04:14,100,100,0,2,100,340,Full
10:04:15,100,100,0,2,100,340,Full
10:04:15,100,100,0,2,100,340,Full
10:04:16,100,100,0,2,100,340,Full
10:04:16,100,100,0,2,100,340,Full
10:04:17,100,100,0,2,100,340,Full
10:04:17,100,100,0,2,100,340,Full
10:04:18,100,100,0,2,100,340,Full
10:04:18,100,100,0,2,100,340,Full
10:04:19,100,100,0,2,100,340,Full
10:04:19,100,100,0,2,100,340,Full
10:04:20,100,100,0,2,100,340,Full
10:04:20,100,100,0,2,100,340,Full
10:04:21,100,100,0,2,100,340,Full
10:04:21,100,100,0,2,100,340,Full
10:04:22,100,100,0,2,100,340,Full
10:04:22,100,100,0,2,100,340,Full
10:04:23,100,100,0,2,100,340,Full
10:04:23,100,100,0,2,100,340,Full
10:04:24,100,100,0,2,100,340,Full
10:04:24,100,100,0,2,100,340,Full
10:04:25,100,100,0,2,100,340,Full
10:04:25,100,100,0,2,100,340,Full
10:04:26,100,100,0,2,100,340,Full
10:04:26,100,100,0,2,100,340,Full
10:04:27,100,100,0,2,100,340,Full
10:04:27,100,100,0,2,100,340,Full
10:04:28,100,100,0,2,100,340,Full
10:04:28,100,100,0,2,100,340,Full
10:04:29,100,100,0,2,100,340,Full
10:04:29,100,100,0,2,100,340,Full
10:04:30,100,100,0,2,100,340,Full
10:04:30,100,100,0,2,100,340,Full
10:04:31,100,100,0,2,100,340,Full
10:04:31,100,100,0,2,100,340,Full
10:04:32,100,100,0,2,100,340,Full
10:04:32,100,100,0,2,100,340,Full
10:04:33,100,100,0,2,100,340,Full
10:04:33,100,100,0,2,100,340,Full
10:04:34,100,100,0,2,100,340,Full
10:04:34,100,100,0,2,100,340,Full
10:04:35,100,100,0,2,100,340,Full
10:04:35,100,100,0,2,100,340,Full
10:04:36,100,100,0,2,100,340,Full
10:04:36,100,100,0,2,100,340,Full
10:04:37,100,100,0,2,100,340,Full
10:04:37,100,100,0,2,100,340,Full
10:04:38,100,100,0,2,100,340,Full
10:04:38,100,100,0,2,100,340,Full
10:04:39,100,100,0,2,100,340,Full
10:04:39,100,100,0,2,100,340,Full
10:04:40,100,100,0,2,100,340,Full
10:04:40,100,100,0,2,100,340,Full
10:04:41,100,100,0,2,100,340,Full
10:04:41,100,100,0,2,100,340,Full
10:04:42,100,100,0,2,100,340,Full
10:04:42,100,100,0,2,100,340,Full
10:04:43,100,100,0,2,100,340,Full
10:04:43,100,100,0,2,100,340,Full
10:04:44,100,100,0,2,100,340,Full
10:04:44,100,100,0,2,100,340,Full
10:04:45,100,100,0,2,100,340,Full
10:04:45,100,100,0,2,100,340,Full
10:04:46,100,100,0,2,100,340,Full
10:04:46,100,100,0,2,100,340,Full
10:04:47,100,100,0,2,100,340,Full
10:04:47,100,100,0,2,100,340,Full
10:04:48,100,100,0,2,100,340,Full
10:04:48,100,100,0,2,100,340,Full
10:04:49,100,100,0,2,100,340,Full
10:04:49,100,100,0,2,100,340,Full
10:04:50,100,100,0,2,100,340,Full
10:04:50,100,100,0,2,100,340,Full
10:04:51,100,100,0,2,100,340,Full
10:04:51,100,100,0,2,100,340,Full
10:04:52,100,100,0,2,100,340,Full
10:04:52,100,100,0,2,100,340,Full
10:04:53,100,100,0,2,100,340,Full
10:04:53,100,100,0,2,100,340,Full
10:04:54,100,100,0,2,100,340,Full
10:04:54,100,100,0,2,100,340,Full
10:04:55,100,100,0,2,100,340,Full
10:04:55,100,100,0,2,100,340,Full
10:04:56,100,100,0,2,100,340,Full
10:04:56,100,100,0,2,100,340,Full
10:04:57,100,100,0,2,100,340,Full
10:04:57,100,100,0,2,100,340,Full
10:04:58,100,100,0,2,100,340,Full
10:04:58,100,100,0,2,100,340,Full
10:04:59,100,100,0,2,100,340,Full
10:04:59,100,100,0,2,100,340,Full
10:05:00,100,100,0,2,100,340,Full
10:05:00,100,100,0,2,100,340,Full
10:05:01,100,100,0,2,100,340,Full
10:05:01,100,100,0,2,100,340,Full
10:05:02,100,100,0,2,100,340,Full
10:05:02,100,100,0,2,100,340,Full
10:05:03,100,100,0,2,100,340,Full
10:05:03,100,100,0,2,100,340,Full
10:05:04,100,100,0,2,100,340,Full
10:05:04,100,100,0,2,100,340,Full
10:05:05,100,100,0,2,100,340,Full
10:05:05,100,100,0,2,100,340,Full
10:05:06,100,100,0,2,100,340,Full
10:05:06,100,100,0,2,100,340,Full
10:05:07,100,100,0,2,100,340,Full
10:05:07,100,100,0,2,100,340,Full
10:05:08,100,100,0,2,100,340,Full
10:05:08,100,100,0,2,100,340,Full
10:05:09,100,100,0,2,100,340,Full
10:05:09,100,100,0,2,100,340,Full
10:05:10,100,100,0,2,100,340,Full
10:05:10,100,100,0,2,100,340,Full
10:05:11,100,100,0,2,100,340,Full
10:05:11,100,100,0,2,100,340,Full
10:05:12,100,100,0,2,100,340,Full
10:05:12,100,100,0,2,100,340,Full
10:05:13,100,100,0,2,100,340,Full
10:05:13,100,100,0,2,100,340,Full
10:05:14,100,100,0,2,100,340,Full
10:05:14,100,100,0,2,100,340,Full
10:05:15,100,100,0,2,100,340,Full
10:05:15,100,100,0,2,100,340,Full
10:05:16,100,100,0,2,100,340,Full
10:05:16,100,100,0,2,100,340,Full
10:05:17,100,100,0,2,100,340,Full
10:05:17,100,100,0,2,100,340,Full
10:05:18,100,100,0,2,100,340,Full
10:05:18,100,100,0,2,100,340,Full
10:05:19,100,100,0,2,100,340,Full
10:05:19,100,100,0,2,100,340,Full
10:05:20,100,100,0,2,100,340,Full
10:05:20,100,100,0,2,100,340,Full
10:05:21,100,100,0,2,100,340,Full
10:05:21,100,100,0,2,100,340,Full
10:05:22,100,100,0,2,100,340,Full
10:05:22,100,100,0,2,100,340,Full
10:05:23,100,100,0,2,100,340,Full
10:05:23,100,100,0,2,100,340,Full
10:05:24,100,100,0,2,100,340,Full
10:05:24,100,100,0,2,100,340,Full
10:05:25,100,100,0,2,100,340,Full
10:05:25,100,100,0,2,100,340,Full
10:05:26,100,100,0,2,100,340,Full
10:05:26,100,100,0,2,100,340,Full
10:05:27,100,100,0,2,100,340,Full
10:05:27,100,100,0,2,100,340,Full
10:05:28,100,100,0,2,100,340,Full
10:05:28,100,100,0,2,100,340,Full
10:05:29,100,100,0,2,100,340,Full
10:05:29,100,100,0,2,100,340,Full
10:05:30,100,100,0,2,100,340,Full
10:05:30,100,100,0,2,100,340,Full
10:05:31,100,100,0,2,100,340,Full
10:05:31,100,100,0,2,100,340,Full
10:05:32,100,100,0,2,100,340,Full
10:05:32,100,100,0,2,100,340,Full
10:05:33,100,100,0,2,100,340,Full
10:05:33,100,100,0,2,100,340,Full
10:05:34,100,100,0,2,100,340,Full
10:05:34,100,100,0,2,100,340,Full
10:05:35,100,100,0,2,100,340,Full
10:05:35,100,100,0,2,100,340,Full
10:05:36,100,100,0,2,100,340,Full
10:05:36,100,100,0,2,100,340,Full
10:05:37,100,100,0,2,100,340,Full
10:05:37,100,100,0,2,100,340,Full
10:05:38,100,100,0,2,100,340,Full
10:05:38,100,100,0,2,100,340,Full
10:05:39,100,100,0,2,100,340,Full
10:05:39,100,100,0,2,100,340,Full
10:05:40,100,100,0,2,100,340,Full
10:05:40,100,100,0,2,100,340,Full
10:05:41,100,100,0,2,100,340,Full
10:05:41,100,100,0,2,100,340,Full
10:05:42,100,100,0,2,100,340,Full
10:05:42,100,100,0,2,100,340,Full
10:05:43,100,100,0,2,100,340,Full
10:05:43,100,100,0,2,100,340,Full
10:05:44,100,100,0,2,100,340,Full
10:05:44,100,100,0,2,100,340,Full
10:05:45,100,100,0,2,100,340,Full
10:05:45,100,100,0,2,100,340,Full
10:05:46,100,100,0,2,100,340,Full
10:05:46,100,100,0,2,100,340,Full
10:05:47,100,100,0,2,100,340,Full
10:05:47,100,100,0,2,100,340,Full
10:05:48,100,100,0,2,100,340,Full
10:05:48,100,100,0,2,100,340,Full
10:05:49,100,100,0,2,100,340,Full
10:05:49,100,100,0,2,100,340,Full
10:05:50,100,100,0,2,100,340,Full
10:05:50,100,100,0,2,100,340,Full
10:05:51,100,100,0,2,100,340,Full
10:05:51,100,100,0,2,100,340,Full
10:05:52,100,100,0,2,100,340,Full
10:05:52,100,100,0,2,100,340,Full
10:05:53,100,100,0,2,100,340,Full
10:05:53,100,100,0,2,100,340,Full
10:05:54,100,100,0,2,100,340,Full
10:05:54,100,100,0,2,100,340,Full
10:05:55,100,100,0,2,100,340,Full
10:05:55,100,100,0,2,100,340,Full
10:05:56,100,100,0,2,100,340,Full
10:05:56,100,100,0,2,100,340,Full
10:05:57,100,100,0,2,100,340,Full
10:05:57,100,100,0,2,100,340,Full
10:05:58,100,100,0,2,100,340,Full
10:05:58,100,100,0,2,100,340,Full
10:05:59,100,100,0,2,100,340,Full
10:05:59,100,100,0,2,100,340,Full
10:06:00,100,100,0,2,100,340,Full
10:06:00,100,100,0,2,100,340,Full
10:06:01,100,100,0,2,100,340,Full
10:06:01,100,100,0,2,100,340,Full
10:06:02,100,100,0,2,100,340,Full
10:06:02,100,100,0,2,100,340,Full
10:06:03,100,100,0,2,100,340,Full
10:06:03,100,100,0,2,100,340,Full
10:06:04,100,100,0,2,100,340,Full
10:06:04,100,100,0,2,100,340,Full
10:06:05,100,100,0,2,100,340,Full
10:06:05,100,100,0,2,100,340,Full
10:06:06,100,100,0,2,100,340,Full
10:06:06,100,100,0,2,100,340,Full
10:06:07,100,100,0,2,100,340,Full
10:06:07,100,100,0,2,100,340,Full
10:06:08,100,100,0,2,100,340,Full
10:06:08,100,100,0,2,100,340,Full
10:06:09,100,100,0,2,100,340,Full
10:06:09,100,100,0,2,100,340,Full
10:06:10,100,100,0,2,100,340,Full
10:06:10,100,100,0,2,100,340,Full
10:06:11,100,100,0,2,100,340,Full
10:06:11,100,100,0,2,100,340,Full
10:06:12,100,100,0,2,100,340,Full
10:06:12,100,100,0,2,100,340,Full
10:06:13,100,100,0,2,100,340,Full
10:06:13,100,100,0,2,100,340,Full
10:06:14,100,100,0,2,100,340,Full
10:06:14,100,100,0,2,100,340,Full
10:06:15,100,100,0,2,100,340,Full
10:06:15,100,100,0,2,100,340,Full
10:06:16,100,100,0,2,100,340,Full
10:06:16,100,100,0,2,100,340,Full
10:06:17,100,100,0,2,100,340,Full
10:06:17,100,100,0,2,100,340,Full
10:06:18,100,100,0,2,100,340,Full
10:06:18,100,100,0,2,100,340,Full
10:06:19,100,100,0,2,100,340,Full
10:06:19,100,100,0,2,100,340,Full
10:06:20,100,100,0,2,100,340,Full
10:06:20,100,100,0,2,100,340,Full
10:06:21,100,100,0,2,100,340,Full
10:06:21,100,100,0,2,100,340,Full
10:06:22,100,100,0,2,100,340,Full
10:06:22,100,100,0,2,100,340,Full
10:06:23,100,100,0,2,100,340,Full
10:06:23,100,100,0,2,100,340,Full
10:06:24,100,100,0,2,100,340,Full
10:06:24,100,100,0,2,100,340,Full
10:06:25,100,100,0,2,100,340,Full
10:06:25,100,100,0,2,100,340,Full
10:06:26,100,100,0,2,100,340,Full
10:06:26,100,100,0,2,100,340,Full
10:06:27,100,100,0,2,100,340,Full
10:06:27,100,100,0,2,100,340,Full
10:06:28,100,100,0,2,100,340,Full
10:06:28,100,100,0,2,100,340,Full
10:06:29,100,100,0,2,100,340,Full
10:06:29,100,100,0,2,100,340,Full
10:06:30,100,100,0,2,100,340,Full
10:06:30,100,100,0,2,100,340,Full
10:06:31,100,100,0,2,100,340,Full
10:06:31,100,100,0,2,100,340,Full
10:06:32,100,100,0,2,100,340,Full
10:06:32,100,100,0,2,100,340,Full
10:06:33,100,100,0,2,100,340,Full
10:06:33,100,100,0,2,100,340,Full
10:06:34,100,100,0,2,100,340,Full
10:06:34,100,100,0,2,100,340,Full
10:06:35,100,100,0,2,100,340,Full
10:06:35,100,100,0,2,100,340,Full
10:06:36,100,100,0,2,100,340,Full
10:06:36,100,100,0,2,100,340,Full
10:06:37,100,100,0,2,100,340,Full
10:06:37,100,100,0,2,100,340,Full
10:06:38,100,100,0,2,100,340,Full
10:06:38,100,100,0,2,100,340,Full
10:06:39,100,100,0,2,100,340,Full
10:06:39,100,100,0,2,100,340,Full
10:06:40,100,100,0,2,100,340,Full
10:06:40,100,100,0,2,100,340,Full
10:06:41,100,100,0,2,100,340,Full
10:06:41,100,100,0,2,100,340,Full
10:06:42,100,100,0,2,100,340,Full
10:06:42,100,100,0,2,100,340,Full
10:06:43,100,100,0,2,100,340,Full
10:06:43,100,100,0,2,100,340,Full
10:06:44,100,100,0,2,100,340,Full
10:06:44,100,100,0,2,100,340,Full
10:06:45,100,100,0,2,100,340,Full
10:06:45,100,100,0,2,100,340,Full
10:06:46,100,100,0,2,100,340,Full
10:06:46,100,100,0,2,100,340,Full
10:06:47,100,100,0,2,100,340,Full
10:06:47,100,100,0,2,100,340,Full
10:06:48,100,100,0,2,100,340,Full
10:06:48,100,100,0,2,100,340,Full
10:06:49,100,100,0,2,100,340,Full
10:06:49,100,100,0,2,100,340,Full
10:06:50,100,100,0,2,100,340,Full
10:06:50,100,100,0,2,100,340,Full
10:06:51,100,100,0,2,100,340,Full
10:06:51,100,100,0,2,100,340,Full
10:06:52,100,100,0,2,100,340,Full
10:06:52,100,100,0,2,100,340,Full
10:06:53,100,100,0,2,100,340,Full
10:06:53,100,100,0,2,100,340,Full
10:06:54,100,100,0,2,100,340,Full
10:06:54,100,100,0,2,100,340,Full
10:06:55,100,100,0,2,100,340,Full
10:06:55,100,100,0,2,100,340,Full
10:06:56,100,100,0,2,100,340,Full
10:06:56,100,100,0,2,100,340,Full
10:06:57,100,100,0,2,100,340,Full
10:06:57,100,100,0,2,100,340,Full
10:06:58,100,100,0,2,100,340,Full
10:06:58,100,100,0,2,100,340,Full
10:06:59,100,100,0,2,100,340,Full
10:06:59,100,100,0,2,100,340,Full
10:07:00,100,100,0,2,100,340,Full
10:07:00,100,100,0,2,100,340,Full
10:07:01,100,100,0,2,100,340,Full
10:07:01,100,100,0,2,100,340,Full
10:07:02,100,100,0,2,100,340,Full
10:07:02,100,100,0,2,100,340,Full
10:07:03,100,100,0,2,100,340,Full
10:07:03,100,100,0,2,100,340,Full
10:07:04,100,100,0,2,100,340,Full
10:07:04,100,100,0,2,100,340,Full
10:07:05,100,100,0,2,100,340,Full
10:07:05,100,100,0,2,100,340,Full
10:07:06,100,100,0,2,100,340,Full
10:07:06,100,100,0,2,100,306,Full
10:07:07,100,100,0,2,100,306,Full
10:07:07,100,100,0,2,100,306,Full
10:07:08,100,100,0,2,100,306,Full
10:07:08,100,100,0,2,100,306,Full
10:07:09,100,100,0,2,100,306,Full
10:07:09,100,100,0,2,100,306,Full
10:07:10,100,100,0,2,100,306,Full
10:07:10,100,100,0,2,100,306,Full
10:07:11,100,100,0,2,100,306,Full
10:07:11,100,100,0,2,100,306,Full
10:07:12,100,100,0,2,100,306,Full
10:07:12,100,100,0,2,100,306,Full
10:07:13,100,100,0,2,100,306,Full
10:07:13,100,100,0,2,100,306,Full
10:07:14,100,100,0,2,100,306,Full
10:07:14,100,100,0,2,100,306,Full
10:07:15,100,100,0,2,100,306,Full
10:07:15,100,100,0,2,100,306,Full
10:07:16,100,100,0,2,100,306,Full
10:07:16,100,100,0,2,100,306,Full
10:07:17,100,100,0,2,100,306,Full
10:07:17,100,100,0,2,100,306,Full
10:07:18,100,100,0,2,100,306,Full
10:07:18,100,100,0,2,100,306,Full
10:07:19,100,100,0,2,100,306,Full
10:07:19,100,100,0,2,100,306,Full
10:07:20,100,100,0,2,100,306,Full
10:07:20,100,100,0,2,100,306,Full
10:07:21,100,100,0,2,100,306,Full
10:07:21,100,100,0,2,100,306,Full
10:07:22,100,100,0,2,100,306,Full
10:07:22,100,100,0,2,100,306,Full
10:07:23,100,100,0,2,100,306,Full
10:07:23,100,100,0,2,100,306,Full
10:07:24,100,100,0,2,100,306,Full
10:07:24,100,100,0,2,100,306,Full
10:07:25,100,100,0,2,100,306,Full
10:07:25,100,100,0,2,100,306,Full
10:07:26,100,100,0,2,100,306,Full
10:07:26,100,100,0,2,100,306,Full
10:07:27,100,100,0,2,100,306,Full
10:07:27,100,100,0,2,100,306,Full
10:07:28,100,100,0,2,100,306,Full
10:07:28,100,100,0,2,100,306,Full
10:07:29,100,100,0,2,100,306,Full
10:07:29,100,100,0,2,100,306,Full
10:07:30,100,100,0,2,100,306,Full
10:07:30,100,100,0,2,100,306,Full
10:07:31,100,100,0,2,100,306,Full
10:07:31,100,100,0,2,100,306,Full
10:07:32,100,100,0,2,100,306,Full
10:07:32,100,100,0,2,100,306,Full
10:07:33,100,100,0,2,100,306,Full
10:07:33,100,100,0,2,100,306,Full
10:07:34,100,100,0,2,100,306,Full
10:07:34,100,100,0,2,100,306,Full
10:07:35,100,100,0,2,100,306,Full
10:07:35,100,100,0,2,100,306,Full
10:07:36,100,100,0,2,100,306,Full
10:07:36,100,100,0,2,100,306,Full
10:07:37,100,100,0,2,100,306,Full
10:07:37,100,100,0,2,100,306,Full
10:07:38,100,100,0,2,100,306,Full
10:07:38,100,100,0,2,100,306,Full
10:07:39,100,100,0,2,100,306,Full
10:07:39,100,100,0,2,100,306,Full
10:07:40,100,100,0,2,100,306,Full
10:07:40,100,100,0,2,100,306,Full
10:07:41,100,100,0,2,100,306,Full
10:07:41,100,100,0,2,100,306,Full
10:07:42,100,100,0,2,100,306,Full
10:07:42,100,100,0,2,100,306,Full
10:07:43,100,100,0,2,100,306,Full
10:07:43,100,100,0,2,100,306,Full
10:07:44,100,100,0,2,100,306,Full
10:07:44,100,100,0,2,100,306,Full
10:07:45,100,100,0,2,100,306,Full
10:07:45,100,100,0,2,100,306,Full
10:07:46,100,100,0,2,100,306,Full
10:07:46,100,100,0,2,100,306,Full
10:07:47,100,100,0,2,100,306,Full
10:07:47,100,100,0,2,100,306,Full
10:07:48,100,100,0,2,100,306,Full
10:07:48,100,100,0,2,100,306,Full
10:07:49,100,100,0,2,100,306,Full
10:07:49,100,100,0,2,100,306,Full
10:07:50,100,100,0,2,100,306,Full
10:07:50,100,100,0,2,100,306,Full
10:07:51,100,100,0,2,100,306,Full
10:07:51,100,100,0,2,100,306,Full
10:07:52,100,100,0,2,100,306,Full
10:07:52,100,100,0,2,100,306,Full
10:07:53,100,100,0,2,100,306,Full
10:07:53,100,100,0,2,100,306,Full
10:07:54,100,100,0,2,100,306,Full
10:07:54,100,100,0,2,100,306,Full
10:07:55,100,100,0,2,100,306,Full
10:07:55,100,100,0,2,100,306,Full
10:07:56,100,100,0,2,100,306,Full
10:07:56,100,100,0,2,100,306,Full
10:07:57,100,100,0,2,100,306,Full
10:07:57,100,100,0,2,100,306,Full
10:07:58,100,100,0,2,100,306,Full
10:07:58,100,100,0,2,100,306,Full
10:07:59,100,100,0,2,100,306,Full
10:07:59,100,100,0,2,100,306,Full
10:08:00,100,100,0,2,100,306,Full
10:08:00,100,100,0,2,100,306,Full
10:08:01,100,100,0,2,100,306,Full
10:08:01,100,100,0,2,100,306,Full
10:08:02,100,100,0,2,100,306,Full
10:08:02,100,100,0,2,100,306,Full
10:08:03,100,100,0,2,100,306,Full
10:08:03,100,100,0,2,100,306,Full
10:08:04,100,100,0,2,100,306,Full
10:08:04,100,100,0,2,100,306,Full
10:08:05,100,100,0,2,100,306,Full
10:08:05,100,100,0,2,100,306,Full
10:08:06,100,100,0,2,100,306,Full
10:08:06,100,100,0,2,100,306,Full
10:08:07,100,100,0,2,100,306,Full
10:08:07,100,100,0,2,100,306,Full
10:08:08,100,100,0,2,100,306,Full
10:08:08,100,100,0,2,100,306,Full
10:08:09,100,100,0,2,100,306,Full
10:08:09,100,100,0,2,100,306,Full
10:08:10,100,100,0,2,100,306,Full
10:08:10,100,100,0,2,100,306,Full
10:08:11,100,100,0,2,100,306,Full
10:08:11,100,100,0,2,100,306,Full
10:08:12,100,100,0,2,100,306,Full
10:08:12,100,100,0,2,100,306,Full
10:08:13,100,100,0,2,100,306,Full
10:08:13,100,100,0,2,100,306,Full
10:08:14,100,100,0,2,100,306,Full
10:08:14,100,100,0,2,100,306,Full
10:08:15,100,100,0,2,100,306,Full
10:08:15,100,100,0,2,100,306,Full
10:08:16,100,100,0,2,100,306,Full
10:08:16,100,100,0,2,100,306,Full
10:08:17,100,100,0,2,100,306,Full
10:08:17,100,100,0,2,100,306,Full
10:08:18,100,100,0,2,100,306,Full
10:08:18,100,100,0,2,100,306,Full
10:08:19,100,100,0,2,100,306,Full
10:08:19,100,100,0,2,100,306,Full
10:08:20,100,100,0,2,100,306,Full
10:08:20,100,100,0,2,100,306,Full
10:08:21,100,100,0,2,100,306,Full
10:08:21,100,100,0,2,100,306,Full
10:08:22,100,100,0,2,100,306,Full
10:08:22,100,100,0,2,100,306,Full
10:08:23,100,100,0,2,100,306,Full
10:08:23,100,100,0,2,100,306,Full
10:08:24,100,100,0,2,100,306,Full
10:08:24,100,100,0,2,100,306,Full
10:08:25,100,100,0,2,100,306,Full
10:08:25,100,100,0,2,100,306,Full
10:08:26,100,100,0,2,100,306,Full
10:08:26,100,100,0,2,100,306,Full
10:08:27,100,100,0,2,100,306,Full
10:08:27,100,100,0,2,100,306,Full
10:08:28,100,100,0,2,100,306,Full
10:08:28,100,100,0,2,100,306,Full
10:08:29,100,100,0,2,100,306,Full
10:08:29,100,100,0,2,100,306,Full
10:08:30,100,100,0,2,100,306,Full
10:08:30,100,100,0,2,100,306,Full
10:08:31,100,100,0,2,100,306,Full
10:08:31,100,100,0,2,100,306,Full
10:08:32,100,100,0,2,100,306,Full
10:08:32,100,100,0,2,100,306,Full
10:08:33,100,100,0,2,100,306,Full
10:08:33,100,100,0,2,100,306,Full
10:08:34,100,100,0,2,100,306,Full
10:08:34,100,100,0,2,100,306,Full
10:08:35,100,100,0,2,100,306,Full
10:08:35,100,100,0,2,100,306,Full
10:08:36,100,100,0,2,100,306,Full
10:08:36,100,100,0,2,100,306,Full
10:08:37,100,100,0,2,100,306,Full
10:08:37,100,100,0,2,100,306,Full
10:08:38,100,100,0,2,100,306,Full
10:08:38,100,100,0,2,100,306,Full
10:08:39,100,100,0,2,100,306,Full
10:08:39,100,100,0,2,100,306,Full
10:08:40,100,100,0,2,100,306,Full
10:08:40,100,100,0,2,100,306,Full
10:08:41,100,100,0,2,100,306,Full
10:08:41,100,100,0,2,100,306,Full
10:08:42,100,100,0,2,100,306,Full
10:08:42,100,100,0,2,100,306,Full
10:08:43,100,100,0,2,100,306,Full
10:08:43,100,100,0,2,100,306,Full
10:08:44,100,100,0,2,100,306,Full
10:08:44,100,100,0,2,100,306,Full
10:08:45,100,100,0,2,100,306,Full
10:08:45,100,100,0,2,100,306,Full
10:08:46,100,100,0,2,100,306,Full
10:08:46,100,100,0,2,100,306,Full
10:08:47,100,100,0,2,100,306,Full
10:08:47,100,100,0,2,100,306,Full
10:08:48,100,100,0,2,100,306,Full
10:08:48,100,100,0,2,100,306,Full
10:08:49,100,100,0,2,100,306,Full
10:08:49,100,100,0,2,100,306,Full
10:08:50,100,100,0,2,100,306,Full
10:08:50,100,100,0,2,100,306,Full
10:08:51,100,100,0,2,100,306,Full
10:08:51,100,100,0,2,100,306,Full
10:08:52,100,100,0,2,100,306,Full
10:08:52,100,100,0,2,100,306,Full
10:08:53,100,100,0,2,100,306,Full
10:08:53,100,100,0,2,100,306,Full
10:08:54,100,100,0,2,100,306,Full
10:08:54,100,100,0,2,100,306,Full
10:08:55,100,100,0,2,100,306,Full
10:08:55,100,100,0,2,100,306,Full
10:08:56,100,100,0,2,100,306,Full
10:08:56,100,100,0,2,100,306,Full
10:08:57,100,100,0,2,100,306,Full
10:08:57,100,100,0,2,100,306,Full
10:08:58,100,100,0,2,100,306,Full
10:08:58,100,100,0,2,100,306,Full
10:08:59,100,100,0,2,100,306,Full
10:08:59,100,100,0,2,100,306,Full
10:09:00,100,100,0,2,100,306,Full
10:09:00,100,100,0,2,100,306,Full
10:09:01,100,100,0,2,100,306,Full
10:09:01,100,100,0,2,100,306,Full
10:09:02,100,100,0,2,100,306,Full
10:09:02,100,100,0,2,100,306,Full
10:09:03,100,100,0,2,100,306,Full
10:09:03,100,100,0,2,100,306,Full
10:09:04,100,100,0,2,100,306,Full
10:09:04,100,100,0,2,100,306,Full
10:09:05,100,100,0,2,100,306,Full
10:09:05,100,100,0,2,100,306,Full
10:09:06,100,100,0,2,100,306,Full
10:09:06,100,100,0,2,100,306,Full
10:09:07,100,100,0,2,100,306,Full
10:09:07,100,100,0,2,100,306,Full
10:09:08,100,100,0,2,100,306,Full
10:09:08,100,100,0,2,100,306,Full
10:09:09,100,100,0,2,100,306,Full
10:09:09,100,100,0,2,100,306,Full
10:09:10,100,100,0,2,100,306,Full
10:09:10,100,100,0,2,100,306,Full
10:09:11,100,100,0,2,100,306,Full
10:09:11,100,100,0,2,100,306,Full
10:09:12,100,100,0,2,100,306,Full
10:09:12,100,100,0,2,100,306,Full
10:09:13,100,100,0,2,100,306,Full
10:09:13,100,100,0,2,100,306,Full
10:09:14,100,100,0,2,100,306,Full
10:09:14,100,100,0,2,100,306,Full
10:09:15,100,100,0,2,100,306,Full
10:09:15,100,100,0,2,100,306,Full
10:09:16,100,100,0,2,100,306,Full
10:09:16,100,100,0,2,100,306,Full
10:09:17,100,100,0,2,100,306,Full
10:09:17,100,100,0,2,100,306,Full
10:09:18,100,100,0,2,100,306,Full
10:09:18,100,100,0,2,100,306,Full
10:09:19,100,100,0,2,100,306,Full
10:09:19,100,100,0,2,100,306,Full
10:09:20,100,100,0,2,100,306,Full
10:09:20,100,100,0,2,100,306,Full
10:09:21,100,100,0,2,100,306,Full
10:09:21,100,100,0,2,100,306,Full
10:09:22,100,100,0,2,100,306,Full
10:09:22,100,100,0,2,100,306,Full
10:09:23,100,100,0,2,100,306,Full
10:09:23,100,100,0,2,100,306,Full
10:09:24,100,100,0,2,100,306,Full
10:09:24,100,100,0,2,100,306,Full
10:09:25,100,100,0,2,100,306,Full
10:09:25,100,100,0,2,100,306,Full
10:09:26,100,100,0,2,100,306,Full
10:09:26,100,100,0,2,100,306,Full
10:09:27,100,100,0,2,100,306,Full
10:09:27,100,100,0,2,100,306,Full
10:09:28,100,100,0,2,100,306,Full
10:09:28,100,100,0,2,100,306,Full
10:09:29,100,100,0,2,100,306,Full
10:09:29,100,100,0,2,100,306,Full
10:09:30,100,100,0,2,100,306,Full
10:09:30,100,100,0,2,100,306,Full
10:09:31,100,100,0,2,100,306,Full
10:09:31,100,100,0,2,100,306,Full
10:09:32,100,100,0,2,100,306,Full
10:09:32,100,100,0,2,100,306,Full
10:09:33,100,100,0,2,100,306,Full
10:09:33,100,100,0,2,100,306,Full
10:09:34,100,100,0,2,100,306,Full
10:09:34,100,100,0,2,100,306,Full
10:09:35,100,100,0,2,100,306,Full
10:09:35,100,100,0,2,100,306,Full
10:09:36,100,100,0,2,100,306,Full
10:09:36,100,100,0,2,100,306,Full
10:09:37,100,100,0,2,100,306,Full
10:09:37,100,100,0,2,100,306,Full
10:09:38,100,100,0,2,100,306,Full
10:09:38,100,100,0,2,100,306,Full
10:09:39,100,100,0,2,100,306,Full
10:09:39,100,100,0,2,100,272,Full
10:09:40,100,100,0,2,100,272,Full
10:09:40,100,100,0,2,100,272,Full
10:09:41,100,100,0,2,100,272,Full
10:09:41,100,100,0,2,100,272,Full
10:09:42,100,100,0,2,100,272,Full
10:09:42,100,100,0,2,100,272,Full
10:09:43,100,100,0,2,100,272,Full
10:09:43,100,100,0,2,100,272,Full
10:09:44,100,100,0,2,100,272,Full
10:09:45,100,100,0,2,100,272,Full
10:09:45,100,100,0,2,100,272,Full
10:09:46,100,100,0,2,100,272,Full
10:09:46,100,100,0,2,100,272,Full
10:09:47,100,100,0,2,100,272,Full
10:09:47,100,100,0,2,100,272,Full
10:09:48,100,100,0,2,100,272,Full
10:09:48,100,100,0,2,100,272,Full
10:09:49,100,100,0,2,100,272,Full
10:09:49,100,100,0,2,100,272,Full
10:09:50,100,100,0,2,100,272,Full
10:09:50,100,100,0,2,100,272,Full
10:09:51,100,100,0,2,100,272,Full
10:09:51,100,100,0,2,100,272,Full
10:09:52,100,100,0,2,100,272,Full
10:09:52,100,100,0,2,100,272,Full
10:09:53,100,100,0,2,100,272,Full
10:09:53,100,100,0,2,100,272,Full
10:09:54,100,100,0,2,100,272,Full
10:09:54,100,100,0,2,100,272,Full
10:09:55,100,100,0,2,100,272,Full
10:09:55,100,100,0,2,100,272,Full
10:09:56,100,100,0,2,100,272,Full
10:09:56,100,100,0,2,100,272,Full
10:09:57,100,100,0,2,100,272,Full
10:09:57,100,100,0,2,100,272,Full
10:09:58,100,100,0,2,100,272,Full
10:09:58,100,100,0,2,100,272,Full
10:09:59,100,100,0,2,100,272,Full
10:09:59,100,100,0,2,100,272,Full
10:10:00,100,100,0,2,100,272,Full
10:10:00,100,100,0,2,100,272,Full
10:10:01,100,100,0,2,100,272,Full
10:10:01,100,100,0,2,100,272,Full
10:10:02,100,100,0,2,100,272,Full
10:10:02,100,100,0,2,100,272,Full
10:10:03,100,100,0,2,100,272,Full
10:10:03,100,100,0,2,100,272,Full
10:10:04,100,100,0,2,100,272,Full
10:10:04,100,100,0,2,100,272,Full
10:10:05,100,100,0,2,100,272,Full
10:10:05,100,100,0,2,100,272,Full
10:10:06,100,100,0,2,100,272,Full
10:10:06,100,100,0,2,100,272,Full
10:10:07,100,100,0,2,100,272,Full
10:10:07,100,100,0,2,100,272,Full
10:10:08,100,100,0,2,100,272,Full
10:10:08,100,100,0,2,100,272,Full
10:10:09,100,100,0,2,100,272,Full
10:10:09,100,100,0,2,100,272,Full
10:10:10,100,100,0,2,100,272,Full
10:10:10,100,100,0,2,100,272,Full
10:10:11,100,100,0,2,100,272,Full
10:10:11,100,100,0,2,100,272,Full
10:10:12,100,100,0,2,100,272,Full
10:10:12,100,100,0,2,100,272,Full
10:10:13,100,100,0,2,100,272,Full
10:10:13,100,100,0,2,100,272,Full
10:10:14,100,100,0,2,100,272,Full
10:10:14,100,100,0,2,100,272,Full
10:10:15,100,100,0,2,100,272,Full
10:10:15,100,100,0,2,100,272,Full
10:10:16,100,100,0,2,100,272,Full
10:10:16,100,100,0,2,100,272,Full
10:10:17,100,100,0,2,100,272,Full
10:10:17,100,100,0,2,100,272,Full
10:10:18,100,100,0,2,100,272,Full
10:10:18,100,100,0,2,100,272,Full
10:10:19,100,100,0,2,100,272,Full
10:10:19,100,100,0,2,100,272,Full
10:10:20,100,100,0,2,100,272,Full
10:10:20,100,100,0,2,100,272,Full
10:10:21,100,100,0,2,100,272,Full
10:10:21,100,100,0,2,100,272,Full
10:10:22,100,100,0,2,100,272,Full
10:10:22,100,100,0,2,100,272,Full
10:10:23,100,100,0,2,100,272,Full
10:10:23,100,100,0,2,100,272,Full
10:10:24,100,100,0,2,100,272,Full
10:10:24,100,100,0,2,100,272,Full
10:10:25,100,100,0,2,100,272,Full
10:10:25,100,100,0,2,100,272,Full
10:10:26,100,100,0,2,100,272,Full
10:10:26,100,100,0,2,100,272,Full
10:10:27,100,100,0,2,100,272,Full
10:10:27,100,100,0,2,100,272,Full
10:10:28,100,100,0,2,100,272,Full
10:10:28,100,100,0,2,100,272,Full
10:10:29,100,100,0,2,100,272,Full
10:10:29,100,100,0,2,100,272,Full
10:10:30,100,100,0,2,100,272,Full
10:10:30,100,100,0,2,100,272,Full
10:10:31,100,100,0,2,100,272,Full
10:10:31,100,100,0,2,100,272,Full
10:10:32,100,100,0,2,100,272,Full
10:10:32,100,100,0,2,100,272,Full
10:10:33,100,100,0,2,100,272,Full
10:10:33,100,100,0,2,100,272,Full
10:10:34,100,100,0,2,100,272,Full
10:10:34,100,100,0,2,100,272,Full
10:10:35,100,100,0,2,100,272,Full
10:10:35,100,100,0,2,100,272,Full
10:10:36,100,100,0,2,100,272,Full
10:10:36,100,100,0,2,100,272,Full
10:10:37,100,100,0,2,100,272,Full
10:10:37,100,100,0,2,100,272,Full
10:10:38,100,100,0,2,100,272,Full
10:10:38,100,100,0,2,100,272,Full
10:10:39,100,100,0,2,100,272,Full
10:10:39,100,100,0,2,100,272,Full
10:10:40,100,100,0,2,100,272,Full
10:10:40,100,100,0,2,100,272,Full
10:10:41,100,100,0,2,100,272,Full
10:10:41,100,100,0,2,100,272,Full
10:10:42,100,100,0,2,100,272,Full
10:10:42,100,100,0,2,100,272,Full
10:10:43,100,100,0,2,100,272,Full
10:10:43,100,100,0,2,100,272,Full
10:10:44,100,100,0,2,100,272,Full
10:10:44,100,100,0,2,100,272,Full
10:10:45,100,100,0,2,100,272,Full
10:10:45,100,100,0,2,100,272,Full
10:10:46,100,100,0,2,100,272,Full
10:10:46,100,100,0,2,100,272,Full
10:10:47,100,100,0,2,100,272,Full
10:10:47,100,100,0,2,100,272,Full
10:10:48,100,100,0,2,100,272,Full
10:10:48,100,100,0,2,100,272,Full
10:10:49,100,100,0,2,100,272,Full
10:10:49,100,100,0,2,100,272,Full
10:10:50,100,100,0,2,100,272,Full
10:10:50,100,100,0,2,100,272,Full
10:10:51,100,100,0,2,100,272,Full
10:10:51,100,100,0,2,100,272,Full
10:10:52,100,100,0,2,100,272,Full
10:10:52,100,100,0,2,100,272,Full
10:10:53,100,100,0,2,100,272,Full
10:10:53,100,100,0,2,100,272,Full
10:10:54,100,100,0,2,100,272,Full
10:10:54,100,100,0,2,100,272,Full
10:10:55,100,100,0,2,100,272,Full
10:10:55,100,100,0,2,100,272,Full
10:10:56,100,100,0,2,100,272,Full
10:10:56,100,100,0,2,100,272,Full
10:10:57,100,100,0,2,100,272,Full
10:10:57,100,100,0,2,100,272,Full
10:10:58,100,100,0,2,100,272,Full
10:10:58,100,100,0,2,100,272,Full
10:10:59,100,100,0,2,100,0,Full
10:10:59,100,100,0,2,100,0,Full
10:11:00,100,100,0,2,100,0,Full
10:11:00,100,100,0,2,100,0,Full
10:11:01,100,100,0,2,100,0,Full
10:11:01,100,100,0,2,100,0,Full
10:11:02,100,100,0,2,100,0,Full
10:11:02,100,100,0,2,100,0,Full
10:11:03,100,100,0,2,100,0,Full
10:11:03,100,100,0,2,100,0,Full
10:11:04,100,100,0,2,100,0,Full
10:11:04,100,100,0,2,100,0,Full
10:11:05,100,100,0,2,100,0,Full
10:11:05,100,100,0,2,100,0,Full
10:11:06,100,100,0,2,100,0,Full
10:11:06,100,100,0,2,100,0,Full
10:11:07,100,100,0,2,100,0,Full
10:11:07,100,100,0,2,100,0,Full
10:11:08,100,100,0,2,100,0,Full
10:11:08,100,100,0,2,100,0,Full
10:11:09,100,100,0,2,100,0,Full
10:11:09,100,100,0,2,100,0,Full
10:11:10,100,100,0,2,100,0,Full
10:11:10,100,100,0,2,100,0,Full
10:11:11,100,100,0,2,100,0,Full
10:11:11,100,100,0,2,100,0,Full
10:11:12,100,100,0,2,100,0,Full
10:11:12,100,100,0,2,100,0,Full
10:11:13,100,100,0,2,100,0,Full
10:11:13,100,100,0,2,100,0,Full
10:11:14,100,100,0,2,100,0,Full
10:11:14,100,100,0,2,100,0,Full
10:11:15,100,100,0,2,100,0,Full
10:11:15,100,100,0,2,100,0,Full
10:11:16,100,100,0,2,100,0,Full
10:11:16,100,100,0,2,100,0,Full
10:11:17,100,100,0,2,100,0,Full
10:11:17,100,100,0,2,100,0,Full
10:11:18,100,100,0,2,100,0,Full
10:11:18,100,100,0,2,100,0,Full
10:11:19,100,100,0,2,100,0,Full
10:11:19,100,100,0,2,100,0,Full
10:11:20,100,100,0,2,100,0,Full
10:11:20,100,100,0,2,100,0,Full
10:11:21,100,100,0,2,100,0,Full
10:11:21,100,100,0,2,100,0,Full
10:11:22,100,100,0,2,100,0,Full
10:11:22,100,100,0,2,100,0,Full
10:11:23,100,100,0,2,100,0,Full
10:11:23,100,100,0,2,100,0,Full
10:11:24,100,100,0,2,100,0,Full
10:11:24,100,100,0,2,100,0,Full
10:11:25,100,100,0,2,100,0,Full
10:11:25,100,100,0,2,100,0,Full
10:11:26,100,100,0,2,100,0,Full
10:11:26,100,100,0,2,100,0,Full
10:11:27,100,100,0,2,100,0,Full
10:11:27,100,100,0,2,100,0,Full
10:11:28,100,100,0,2,100,0,Full
10:11:28,100,100,0,2,100,0,Full
10:11:29,100,100,0,2,100,0,Full
10:11:29,100,100,0,2,100,0,Full
10:11:30,100,100,0,2,100,0,Full
10:11:30,100,100,0,2,100,0,Full
10:11:31,100,100,0,2,100,0,Full
10:11:31,100,100,0,2,100,0,Full
10:11:32,100,100,0,2,100,0,Full
10:11:32,100,100,0,2,100,0,Full
10:11:33,100,100,0,2,100,0,Full
10:11:33,100,100,0,2,100,0,Full
10:11:34,100,100,0,2,100,0,Full
10:11:34,100,100,0,2,100,0,Full
10:11:35,100,100,0,2,100,0,Full
10:11:35,100,100,0,2,100,0,Full
10:11:36,100,100,0,2,100,0,Full
10:11:36,100,100,0,2,100,0,Full
10:11:37,100,100,0,2,100,0,Full
10:11:37,100,100,0,2,100,0,Full
10:11:38,100,100,0,2,100,0,Full
10:11:38,100,100,0,2,100,0,Full
10:11:39,100,100,0,2,100,0,Full
10:11:39,100,100,0,2,100,0,Full
10:11:40,100,100,0,2,100,0,Full
10:11:40,100,100,0,2,100,0,Full
10:11:41,100,100,0,2,100,0,Full
10:11:41,100,100,0,2,100,0,Full
10:11:42,100,100,0,2,100,0,Full
10:11:42,100,100,0,2,100,0,Full
10:11:43,100,100,0,2,100,0,Full
10:11:43,100,100,0,2,100,0,Full
10:11:44,100,100,0,2,100,0,Full
10:11:44,100,100,0,2,100,0,Full
10:11:45,100,100,0,2,100,0,Full
10:11:45,100,100,0,2,100,0,Full
10:11:46,100,100,0,2,100,0,Full
10:11:46,100,100,0,2,100,0,Full
10:11:47,100,100,0,2,100,0,Full
10:11:47,100,100,0,2,100,0,Full
10:11:48,100,100,0,2,100,0,Full
10:11:48,100,100,0,2,100,0,Full
10:11:49,100,100,0,2,100,0,Full
10:11:49,100,100,0,2,100,0,Full
10:11:50,100,100,0,2,100,0,Full
10:11:50,100,100,0,2,100,0,Full
10:11:51,100,100,0,2,100,0,Full
10:11:51,100,100,0,2,100,0,Full
10:11:52,100,100,0,2,100,0,Full
10:11:52,100,100,0,2,100,0,Full
10:11:53,100,100,0,2,100,0,Full
10:11:53,100,100,0,2,100,0,Full
10:11:54,100,100,0,2,100,0,Full
10:11:54,100,100,0,2,100,0,Full
10:11:55,100,100,0,2,100,0,Full
10:11:55,100,100,0,2,100,0,Full
10:11:56,100,100,0,2,100,0,Full
10:11:56,100,100,0,2,100,0,Full
10:11:57,100,100,0,2,100,0,Full
10:11:57,100,100,0,2,100,0,Full
10:11:58,100,100,0,2,100,0,Full
10:11:58,100,100,0,2,100,0,Full
10:11:59,100,100,0,2,100,0,Full
10:11:59,100,100,0,2,100,0,Full
10:12:00,100,100,0,2,100,0,Full
10:12:00,100,100,0,2,100,0,Full
10:12:01,100,100,0,2,100,0,Full
10:12:01,100,100,0,2,100,0,Full
10:12:02,100,100,0,2,100,0,Full
10:12:02,100,100,0,2,100,0,Full
10:12:03,100,100,0,2,100,0,Full
10:12:03,100,100,0,2,100,0,Full
10:12:04,100,100,0,2,100,0,Full
10:12:04,100,100,0,2,100,0,Full
10:12:05,100,100,0,2,100,0,Full
10:12:05,100,100,0,2,100,0,Full
10:12:06,100,100,0,2,100,0,Full
10:12:06,100,100,0,2,100,0,Full
10:12:07,100,100,0,2,100,0,Full
10:12:07,100,100,0,2,100,0,Full
10:12:08,100,100,0,2,100,0,Full
10:12:08,100,100,0,2,100,0,Full
10:12:09,100,100,0,2,100,0,Full
10:12:09,100,100,0,2,100,0,Full
10:12:10,100,100,0,2,100,0,Full
10:12:10,100,100,0,2,100,0,Full
10:12:11,100,100,0,2,100,0,Full
10:12:11,100,100,0,2,100,0,Full
10:12:12,100,100,0,2,100,0,Full
10:12:12,100,100,0,2,100,0,Full
10:12:13,100,100,0,2,100,0,Full
10:12:13,100,100,0,2,100,0,Full
10:12:14,100,100,0,2,100,0,Full
10:12:14,100,100,0,2,100,0,Full
10:12:15,100,100,0,2,100,0,Full
10:12:15,100,100,0,2,100,0,Full
10:12:16,100,100,0,2,100,0,Full
10:12:16,100,100,0,2,100,0,Full
10:12:17,100,100,0,2,100,0,Full
10:12:17,100,100,0,2,100,0,Full
10:12:18,100,100,0,2,100,0,Full
10:12:18,100,100,0,2,100,0,Full
10:12:19,100,100,0,2,100,0,Full
10:12:19,100,100,0,2,100,0,Full
10:12:20,100,100,0,2,100,0,Full
10:12:20,100,100,0,2,100,0,Full
10:12:21,100,100,0,2,100,0,Full
10:12:21,100,100,0,2,100,0,Full
10:12:22,100,100,0,2,100,0,Full
10:12:22,100,100,0,2,100,0,Full
10:12:23,100,100,0,2,100,0,Full
10:12:23,100,100,0,2,100,0,Full
10:12:24,100,100,0,2,100,0,Full
10:12:24,100,100,0,2,100,0,Full
10:12:25,100,100,0,2,100,0,Full
10:12:25,100,100,0,2,100,0,Full
10:12:26,100,100,0,2,100,0,Full
10:12:26,100,100,0,2,100,0,Full
10:12:27,100,100,0,2,100,0,Full
10:12:27,100,100,0,2,100,0,Full
10:12:28,100,100,0,2,100,0,Full
10:12:28,100,100,0,2,100,0,Full
10:12:29,100,100,0,2,100,0,Full
10:12:29,100,100,0,2,100,0,Full
10:12:30,100,100,0,2,100,0,Full
10:12:30,100,100,0,2,100,0,Full
10:12:31,100,100,0,2,100,0,Full
10:12:31,100,100,0,2,100,0,Full
10:12:32,100,100,0,2,100,0,Full
10:12:32,100,100,0,2,100,0,Full
10:12:33,100,100,0,2,100,0,Full
10:12:33,100,100,0,2,100,0,Full
10:12:34,100,100,0,2,100,0,Full
10:12:34,100,100,0,2,100,0,Full
10:12:35,100,100,0,2,100,0,Full
10:12:35,100,100,0,2,100,0,Full
10:12:36,100,100,0,2,100,0,Full
10:12:36,100,100,0,2,100,0,Full
10:12:37,100,100,0,2,100,0,Full
10:12:37,100,100,0,2,100,0,Full
10:12:38,100,100,0,2,100,0,Full
10:12:38,100,100,0,2,100,0,Full
10:12:39,100,100,0,2,100,0,Full
10:12:39,100,100,0,2,100,0,Full
10:12:40,100,100,0,2,100,0,Full
10:12:40,100,100,0,2,100,0,Full
10:12:41,100,100,0,2,100,0,Full
10:12:41,100,100,0,2,100,0,Full
10:12:42,100,100,0,2,100,0,Full
10:12:42,100,100,0,2,100,0,Full
10:12:43,100,100,0,2,100,0,Full
10:12:43,100,100,0,2,100,0,Full
10:12:44,100,100,0,2,100,0,Full
10:12:44,100,100,0,2,100,0,Full
10:12:45,100,100,0,2,100,0,Full
10:12:45,100,100,0,2,100,0,Full
10:12:46,100,100,0,2,100,0,Full
10:12:46,100,100,0,2,100,0,Full
10:12:47,100,100,0,2,100,0,Full
10:12:47,100,100,0,2,100,0,Full
10:12:48,100,100,0,2,100,0,Full
10:12:48,100,100,0,2,100,0,Full
10:12:49,100,100,0,2,100,0,Full
10:12:49,100,100,0,2,100,0,Full
10:12:50,100,100,0,2,100,0,Full
10:12:50,100,100,0,2,100,0,Full
10:12:51,100,100,0,2,100,0,Full
10:12:51,100,100,0,2,100,0,Full
10:12:52,100,100,0,2,100,0,Full
10:12:52,100,100,0,2,100,0,Full
10:12:53,100,100,0,2,100,0,Full
10:12:53,100,100,0,2,100,0,Full
10:12:54,100,100,0,2,100,0,Full
10:12:54,100,100,0,2,100,0,Full
10:12:55,100,100,0,2,100,0,Full
10:12:55,100,100,0,2,100,0,Full
10:12:56,100,100,0,2,100,0,Full
10:12:56,100,100,0,2,100,0,Full
10:12:57,100,100,0,2,100,0,Full
10:12:57,100,100,0,2,100,0,Full
10:12:58,100,100,0,2,100,0,Full
10:12:58,100,100,0,2,100,0,Full
10:12:59,100,100,0,2,100,0,Full
10:12:59,100,100,0,2,100,0,Full
10:13:00,100,100,0,2,100,0,Full
10:13:00,100,100,0,2,100,0,Full
10:13:01,100,100,0,2,100,0,Full
10:13:01,100,100,0,2,100,0,Full
10:13:02,100,100,0,2,100,0,Full
10:13:02,100,100,0,2,100,0,Full
10:13:03,100,100,0,2,100,0,Full
10:13:03,100,100,0,2,100,0,Full
10:13:04,100,100,0,2,100,0,Full
10:13:04,100,100,0,2,100,0,Full
10:13:05,100,100,0,2,100,0,Full
10:13:05,100,100,0,2,100,0,Full
10:13:06,100,100,0,2,100,0,Full
10:13:06,100,100,0,2,100,0,Full
10:13:07,100,100,0,2,100,0,Full
10:13:07,100,100,0,2,100,0,Full
10:13:08,100,100,0,2,100,0,Full
10:13:08,100,100,0,2,100,0,Full
10:13:09,100,100,0,2,100,0,Full
10:13:09,100,100,0,2,100,0,Full
10:13:10,100,100,0,2,100,0,Full
10:13:10,100,100,0,2,100,0,Full
10:13:11,100,100,0,2,100,0,Full
10:13:11,100,100,0,2,100,0,Full
10:13:12,100,100,0,2,100,0,Full
10:13:12,100,100,0,2,100,0,Full
10:13:13,100,100,0,2,100,0,Full
10:13:13,100,100,0,2,100,0,Full
10:13:14,100,100,0,2,100,0,Full
10:13:14,100,100,0,2,100,0,Full
10:13:15,100,100,0,2,100,0,Full
10:13:15,100,100,0,2,100,0,Full
10:13:16,100,100,0,2,100,0,Full
10:13:16,100,100,0,2,100,0,Full
10:13:17,100,100,0,2,100,0,Full
10:13:17,100,100,0,2,100,0,Full
10:13:18,100,100,0,2,100,0,Full
10:13:18,100,100,0,2,100,0,Full
10:13:19,100,100,0,2,100,0,Full
10:13:19,100,100,0,2,100,0,Full
10:13:20,100,100,0,2,100,0,Full
10:13:20,100,100,0,2,100,0,Full
10:13:21,100,100,0,2,100,0,Full
10:13:21,100,100,0,2,100,0,Full
10:13:22,100,100,0,2,100,0,Full
10:13:22,100,100,0,2,100,0,Full
10:13:23,100,100,0,2,100,0,Full
10:13:23,100,100,0,2,100,0,Full
10:13:24,100,100,0,2,100,0,Full
10:13:24,100,100,0,2,100,0,Full
10:13:25,100,100,0,2,100,0,Full
10:13:25,100,100,0,2,100,0,Full
10:13:26,100,100,0,2,100,0,Full
10:13:26,100,100,0,2,100,0,Full
10:13:27,100,100,0,2,100,0,Full
10:13:27,100,100,0,2,100,0,Full
10:13:28,100,100,0,2,100,0,Full
10:13:28,100,100,0,2,100,0,Full
10:13:29,100,100,0,2,100,0,Full
10:13:29,100,100,0,2,100,0,Full
10:13:30,100,100,0,2,100,0,Full
10:13:30,100,100,0,2,100,0,Full
10:13:31,100,100,0,2,100,0,Full
10:13:31,100,100,0,2,100,0,Full
10:13:32,100,100,0,2,100,0,Full
10:13:32,100,100,0,2,100,0,Full
10:13:33,100,100,0,2,100,0,Full
10:13:33,100,100,0,2,100,0,Full
10:13:34,100,100,0,2,100,0,Full
10:13:34,100,100,0,2,100,0,Full
10:13:35,100,100,0,2,100,0,Full
10:13:35,100,100,0,2,100,0,Full
10:13:36,100,100,0,2,100,0,Full
10:13:36,100,100,0,2,100,0,Full
10:13:37,100,100,0,2,100,0,Full
10:13:37,100,100,0,2,100,0,Full
10:13:38,100,100,0,2,100,0,Full
10:13:38,100,100,0,2,100,0,Full
10:13:39,100,100,0,2,100,0,Full
10:13:39,100,100,0,2,100,0,Full
10:13:40,100,100,0,2,100,0,Full
10:13:40,100,100,0,2,100,0,Full
10:13:41,100,100,0,2,100,0,Full
10:13:41,100,100,0,2,100,0,Full
10:13:42,100,100,0,2,100,0,Full
10:13:42,100,100,0,2,100,0,Full
10:13:43,100,100,0,2,100,0,Full
10:13:43,100,100,0,2,100,0,Full
10:13:44,100,100,0,2,100,0,Full
10:13:44,100,100,0,2,100,0,Full
10:13:45,100,100,0,2,100,0,Full
10:13:45,100,100,0,2,100,0,Full
10:13:46,100,100,0,2,100,0,Full
10:13:46,100,100,0,2,100,0,Full
10:13:47,100,100,0,2,100,0,Full
10:13:47,100,100,0,2,100,0,Full
10:13:48,100,100,0,2,100,0,Full
10:13:48,100,100,0,2,100,0,Full
10:13:49,100,100,0,2,100,0,Full
10:13:49,100,100,0,2,100,0,Full
10:13:50,100,100,0,2,100,0,Full
10:13:50,100,100,0,2,100,0,Full
10:13:51,100,100,0,2,100,0,Full
10:13:51,100,100,0,2,100,0,Full
10:13:52,100,100,0,2,100,0,Full
10:13:52,100,100,0,2,100,0,Full
10:13:53,100,100,0,2,100,0,Full
10:13:53,100,100,0,2,100,0,Full
10:13:54,100,100,0,2,100,0,Full
10:13:54,100,100,0,2,100,0,Full
10:13:55,100,100,0,2,100,0,Full
10:13:55,100,100,0,2,100,0,Full
10:13:56,100,100,0,2,100,0,Full
10:13:56,100,100,0,2,100,0,Full
10:13:57,100,100,0,2,100,0,Full
10:13:57,100,100,0,2,100,0,Full
10:13:58,100,100,0,2,100,0,Full
10:13:58,100,100,0,2,100,0,Full
10:13:59,100,100,0,2,100,0,Full
10:13:59,100,100,0,2,100,0,Full
10:14:00,100,100,0,2,100,0,Full
10:14:00,100,100,0,2,100,0,Full
10:14:01,100,100,0,2,100,0,Full
10:14:01,100,100,0,2,100,0,Full
10:14:02,100,100,0,2,100,0,Full
10:14:02,100,100,0,2,100,0,Full
10:14:03,100,100,0,2,100,0,Full
10:14:03,100,100,0,2,100,0,Full
10:14:04,100,100,0,2,100,0,Full
10:14:04,100,100,0,2,100,0,Full
10:14:05,100,100,0,2,100,0,Full
10:14:05,100,100,0,2,100,0,Full
10:14:06,100,100,0,2,100,0,Full
10:14:06,100,100,0,2,100,0,Full
10:14:07,100,100,0,2,100,0,Full
10:14:07,100,100,0,2,100,0,Full
10:14:08,100,100,0,2,100,0,Full
10:14:08,100,100,0,2,100,0,Full
10:14:09,100,100,0,2,100,0,Full
10:14:09,100,100,0,2,100,0,Full
10:14:10,100,100,0,2,100,0,Full
10:14:10,100,100,0,2,100,0,Full
10:14:11,100,100,0,2,100,0,Full
10:14:11,100,100,0,2,100,0,Full
10:14:12,100,100,0,2,100,0,Full
10:14:12,100,100,0,2,100,0,Full
10:14:13,100,100,0,2,100,0,Full
10:14:13,100,100,0,2,100,0,Full
10:14:14,100,100,0,2,100,0,Full
10:14:14,100,100,0,2,100,0,Full
10:14:15,100,100,0,2,100,0,Full
10:14:15,100,100,0,2,100,0,Full
10:14:16,100,100,0,2,100,0,Full
10:14:16,100,100,0,2,100,0,Full
10:14:17,100,100,0,2,100,0,Full
10:14:17,100,100,0,2,100,0,Full
10:14:18,100,100,0,2,100,0,Full
10:14:18,100,100,0,2,100,0,Full
10:14:19,100,100,0,2,100,0,Full
10:14:19,100,100,0,2,100,0,Full
10:14:20,100,100,0,2,100,0,Full
10:14:20,100,100,0,2,100,0,Full
10:14:21,100,100,0,2,100,0,Full
10:14:21,100,100,0,2,100,0,Full
10:14:22,100,100,0,2,100,0,Full
10:14:22,100,100,0,2,100,0,Full
10:14:23,100,100,0,2,100,0,Full
10:14:23,100,100,0,2,100,0,Full
10:14:24,100,100,0,2,100,0,Full
10:14:24,100,100,0,2,100,0,Full
10:14:25,100,100,0,2,100,0,Full
10:14:25,100,100,0,2,100,0,Full
10:14:26,100,100,0,2,100,0,Full
10:14:26,100,100,0,2,100,0,Full
10:14:27,100,100,0,2,100,0,Full
10:14:27,100,100,0,2,100,0,Full
10:14:28,100,100,0,2,100,0,Full
10:14:28,100,100,0,2,100,0,Full
10:14:29,100,100,0,2,100,0,Full
10:14:29,100,100,0,2,100,0,Full
10:14:30,100,100,0,2,100,0,Full
10:14:30,100,100,0,2,100,0,Full
10:14:31,100,100,0,2,100,0,Full
10:14:31,100,100,0,2,100,0,Full
10:14:32,100,100,0,2,100,0,Full
10:14:32,100,100,0,2,100,0,Full
10:14:33,100,100,0,2,100,0,Full
10:14:33,100,100,0,2,100,0,Full
10:14:34,100,100,0,2,100,0,Full
10:14:34,100,100,0,2,100,0,Full
10:14:35,100,100,0,2,100,0,Full
10:14:35,100,100,0,2,100,0,Full
10:14:36,100,100,0,2,100,0,Full
10:14:36,100,100,0,2,100,0,Full
10:14:37,100,100,0,2,100,0,Full
10:14:37,100,100,0,2,100,0,Full
10:14:38,100,100,0,2,100,0,Full
10:14:38,100,100,0,2,100,0,Full
10:14:39,100,100,0,2,100,0,Full
10:14:39,100,100,0,2,100,0,Full
10:14:40,100,100,0,2,100,0,Full
10:14:40,100,100,0,2,100,0,Full
10:14:41,100,100,0,2,100,0,Full
10:14:41,100,100,0,2,100,0,Full
10:14:42,100,100,0,2,100,0,Full
10:14:42,100,100,0,2,100,0,Full
10:14:43,100,100,0,2,100,0,Full
10:14:43,100,100,0,2,100,0,Full
10:14:44,100,100,0,2,100,0,Full
10:14:44,100,100,0,2,100,0,Full
10:14:45,100,100,0,2,100,0,Full
10:14:45,100,100,0,2,100,0,Full
10:14:46,100,100,0,2,100,0,Full
10:14:46,100,100,0,2,100,0,Full
10:14:47,100,100,0,2,100,0,Full
10:14:47,100,100,0,2,100,0,Full
10:14:48,100,100,0,2,100,0,Full
10:14:48,100,100,0,2,100,0,Full
10:14:49,100,100,0,2,100,0,Full
10:14:49,100,100,0,2,100,0,Full
10:14:50,100,100,0,2,100,0,Full
10:14:50,100,100,0,2,100,0,Full
10:14:51,100,100,0,2,100,0,Full
10:14:51,100,100,0,2,100,0,Full
10:14:52,100,100,0,2,100,0,Full
10:14:52,100,100,0,2,100,0,Full
10:14:53,100,100,0,2,100,0,Full
10:14:53,100,100,0,2,100,0,Full
10:14:54,100,100,0,2,100,0,Full
10:14:54,100,100,0,2,100,0,Full
10:14:55,100,100,0,2,100,0,Full
10:14:55,100,100,0,2,100,0,Full
10:14:56,100,100,0,2,100,0,Full
10:14:56,100,100,0,2,100,0,Full
10:14:57,100,100,0,2,100,0,Full
10:14:57,100,100,0,2,100,0,Full
10:14:58,100,100,0,2,100,0,Full
10:14:58,100,100,0,2,100,0,Full
10:14:59,100,100,0,2,100,0,Full
10:14:59,100,100,0,2,100,0,Full
10:15:00,100,100,0,2,100,0,Full
10:15:00,100,100,0,2,100,0,Full
10:15:01,100,100,0,2,100,0,Full
10:15:01,100,100,0,2,100,0,Full
10:15:02,100,100,0,2,100,0,Full
10:15:02,100,100,0,2,100,0,Full
10:15:03,100,100,0,2,100,0,Full
10:15:03,100,100,0,2,100,0,Full
10:15:04,100,100,0,2,100,0,Full
10:15:04,100,100,0,2,100,0,Full
10:15:05,100,100,0,2,100,0,Full
10:15:05,100,100,0,2,100,0,Full
10:15:06,100,100,0,2,100,0,Full
10:15:06,100,100,0,2,100,0,Full
10:15:07,100,100,0,2,100,0,Full
10:15:07,100,100,0,2,100,0,Full
10:15:08,100,100,0,2,100,0,Full
10:15:08,100,100,0,2,100,0,Full
10:15:09,100,100,0,2,100,0,Full
10:15:09,100,100,0,2,100,0,Full
10:15:10,100,100,0,2,100,0,Full
10:15:10,100,100,0,2,100,0,Full
10:15:11,100,100,0,2,100,0,Full
10:15:11,100,100,0,2,100,0,Full
10:15:12,100,100,0,2,100,0,Full
10:15:12,100,100,0,2,100,0,Full
10:15:13,100,100,0,2,100,0,Full
10:15:13,100,100,0,2,100,0,Full
10:15:14,100,100,0,2,100,0,Full
10:15:14,100,100,0,2,100,0,Full
10:15:15,100,100,0,2,100,0,Full
10:15:15,100,100,0,2,100,0,Full
10:15:16,100,100,0,2,100,0,Full
10:15:16,100,100,0,2,100,0,Full
10:15:17,100,100,0,2,100,0,Full
10:15:17,100,100,0,2,100,0,Full
10:15:18,100,100,0,2,100,0,Full
10:15:18,100,100,0,2,100,0,Full
10:15:19,100,100,0,2,100,0,Full
10:15:19,100,100,0,2,100,0,Full
10:15:20,100,100,0,2,100,0,Full
10:15:20,100,100,0,2,100,0,Full
10:15:21,100,100,0,2,100,0,Full
10:15:21,100,100,0,2,100,0,Full
10:15:22,100,100,0,2,100,0,Full
10:15:22,100,100,0,2,100,0,Full
10:15:23,100,100,0,2,100,0,Full
10:15:23,100,100,0,2,100,0,Full
10:15:24,100,100,0,2,100,0,Full
10:15:24,100,100,0,2,100,0,Full
10:15:25,100,100,0,2,100,0,Full
10:15:25,100,100,0,2,100,0,Full
10:15:26,100,100,0,2,100,0,Full
10:15:26,100,100,0,2,100,0,Full
10:15:27,100,100,0,2,100,0,Full
10:15:27,100,100,0,2,100,0,Full
10:15:28,100,100,0,2,100,0,Full
10:15:28,100,100,0,2,100,0,Full
10:15:29,100,100,0,2,100,0,Full
10:15:29,100,100,0,2,100,0,Full
10:15:30,100,100,0,2,100,0,Full
10:15:30,100,100,0,2,100,0,Full
10:15:31,100,100,0,2,100,0,Full
10:15:31,100,100,0,2,100,0,Full
10:15:32,100,100,0,2,100,0,Full
10:15:32,100,100,0,2,100,0,Full
10:15:33,100,100,0,2,100,0,Full
10:15:33,100,100,0,2,100,0,Full
10:15:34,100,100,0,2,100,0,Full
10:15:34,100,100,0,2,100,0,Full
10:15:35,100,100,0,2,100,0,Full
10:15:35,100,100,0,2,100,0,Full
10:15:36,100,100,0,2,100,0,Full
10:15:36,100,100,0,2,100,0,Full
10:15:37,100,100,0,2,100,0,Full
10:15:37,100,100,0,2,100,0,Full
10:15:38,100,100,0,2,100,0,Full
10:15:38,100,100,0,2,100,0,Full
10:15:39,100,100,0,2,100,0,Full
10:15:39,100,100,0,2,100,0,Full
10:15:40,100,100,0,2,100,0,Full
10:15:40,100,100,0,2,100,0,Full
10:15:41,100,100,0,2,100,0,Full
10:15:41,100,100,0,2,100,0,Full
10:15:42,100,100,0,2,100,0,Full
10:15:42,100,100,0,2,100,0,Full
10:15:43,100,100,0,2,100,0,Full
10:15:43,100,100,0,2,100,0,Full
10:15:44,100,100,0,2,100,0,Full
10:15:44,100,100,0,2,100,0,Full
10:15:45,100,100,0,2,100,0,Full
10:15:45,100,100,0,2,100,0,Full
10:15:46,100,100,0,2,100,0,Full
10:15:46,100,100,0,2,100,0,Full
10:15:47,100,100,0,2,100,0,Full
10:15:47,100,100,0,2,100,0,Full
10:15:48,100,100,0,2,100,0,Full
10:15:48,100,100,0,2,100,0,Full
10:15:49,100,100,0,2,100,0,Full
10:15:49,100,100,0,2,100,0,Full
10:15:50,100,100,0,2,100,0,Full
10:15:50,100,100,0,2,100,0,Full
10:15:51,100,100,0,2,100,0,Full
10:15:51,100,100,0,2,100,0,Full
10:15:52,100,100,0,2,100,0,Full
10:15:52,100,100,0,2,100,0,Full
10:15:53,100,100,0,2,100,0,Full
10:15:53,100,100,0,2,100,0,Full
10:15:54,100,100,0,2,100,0,Full
10:15:54,100,100,0,2,100,0,Full
10:15:55,100,100,0,2,100,0,Full
10:15:55,100,100,0,2,100,0,Full
10:15:56,100,100,0,2,100,0,Full
10:15:56,100,100,0,2,100,0,Full
10:15:57,100,100,0,2,100,0,Full
10:15:57,100,100,0,2,100,0,Full
10:15:58,100,100,0,2,100,0,Full
10:15:58,100,100,0,2,100,0,Full
10:15:59,100,100,0,2,100,0,Full
10:15:59,100,100,0,2,100,0,Full
10:16:00,100,100,0,2,100,0,Full
10:16:00,100,100,0,2,100,0,Full
10:16:01,100,100,0,2,100,0,Full
10:16:01,100,100,0,2,100,0,Full
10:16:02,100,100,0,2,100,0,Full
10:16:02,100,100,0,2,100,0,Full
10:16:03,100,100,0,2,100,0,Full
10:16:03,100,100,0,2,100,0,Full
10:16:04,100,100,0,2,100,0,Full
10:16:04,100,100,0,2,100,0,Full
10:16:05,100,100,0,2,100,0,Full
10:16:05,100,100,0,2,100,0,Full
10:16:06,100,100,0,2,100,0,Full
10:16:06,100,100,0,2,100,0,Full
10:16:07,100,100,0,2,100,0,Full
10:16:07,100,100,0,2,100,0,Full
10:16:08,100,100,0,2,100,0,Full
10:16:08,100,100,0,2,100,0,Full
10:16:09,100,100,0,2,100,0,Full
10:16:09,100,100,0,2,100,0,Full
10:16:10,100,100,0,2,100,0,Full
10:16:10,100,100,0,2,100,0,Full
10:16:11,100,100,0,2,100,0,Full
10:16:11,100,100,0,2,100,0,Full
10:16:12,100,100,0,2,100,0,Full
10:16:12,100,100,0,2,100,0,Full
10:16:13,100,100,0,2,100,0,Full
10:16:13,100,100,0,2,100,0,Full
10:16:14,100,100,0,2,100,0,Full
10:16:14,100,100,0,2,100,0,Full
10:16:15,100,100,0,2,100,0,Full
10:16:15,100,100,0,2,100,0,Full
10:16:16,100,100,0,2,100,0,Full
10:16:16,100,100,0,2,100,0,Full
10:16:17,100,100,0,2,100,0,Full
10:16:17,100,100,0,2,100,0,Full
10:16:18,100,100,0,2,100,0,Full
10:16:18,100,100,0,2,100,0,Full
10:16:19,100,100,0,2,100,0,Full
10:16:19,100,100,0,2,100,0,Full
10:16:20,100,100,0,2,100,0,Full
10:16:20,100,100,0,2,100,0,Full
10:16:21,100,100,0,2,100,0,Full
10:16:21,100,100,0,2,100,0,Full
10:16:22,100,100,0,2,100,0,Full
10:16:22,100,100,0,2,100,0,Full
10:16:23,100,100,0,2,100,0,Full
10:16:23,100,100,0,2,100,0,Full
10:16:24,100,100,0,2,100,0,Full
10:16:24,100,100,0,2,100,0,Full
10:16:25,100,100,0,2,100,0,Full
10:16:25,100,100,0,2,100,0,Full
10:16:26,100,100,0,2,100,0,Full
10:16:26,100,100,0,2,100,0,Full
10:16:27,100,100,0,2,100,0,Full
10:16:27,100,100,0,2,100,0,Full
10:16:28,100,100,0,2,100,0,Full
10:16:28,100,100,0,2,100,0,Full
10:16:29,100,100,0,2,100,0,Full
10:16:29,100,100,0,2,100,0,Full
10:16:30,100,100,0,2,100,0,Full
10:16:30,100,100,0,2,100,0,Full
10:16:31,100,100,0,2,100,0,Full
10:16:31,100,100,0,2,100,0,Full
10:16:32,100,100,0,2,100,0,Full
10:16:32,100,100,0,2,100,0,Full
10:16:33,100,100,0,2,100,0,Full
10:16:33,100,100,0,2,100,0,Full
10:16:34,100,100,0,2,100,0,Full
10:16:34,100,100,0,2,100,0,Full
10:16:35,100,100,0,2,100,0,Full
10:16:35,100,100,0,2,100,0,Full
10:16:36,100,100,0,2,100,0,Full
10:16:36,100,100,0,2,100,0,Full
10:16:37,100,100,0,2,100,0,Full
10:16:37,100,100,0,2,100,0,Full
10:16:38,100,100,0,2,100,0,Full
10:16:38,100,100,0,2,100,0,Full
10:16:39,100,100,0,2,100,0,Full
10:16:39,100,100,0,2,100,0,Full
10:16:40,100,100,0,2,100,0,Full
10:16:40,100,100,0,2,100,0,Full
10:16:41,100,100,0,2,100,0,Full
10:16:41,100,100,0,2,100,0,Full
10:16:42,100,100,0,2,100,0,Full
10:16:42,100,100,0,2,100,0,Full
10:16:43,100,100,0,2,100,0,Full
10:16:43,100,100,0,2,100,0,Full
10:16:44,100,100,0,2,100,0,Full
10:16:44,100,100,0,2,100,0,Full
10:16:45,100,100,0,2,100,0,Full
10:16:45,100,100,0,2,100,0,Full
10:16:46,100,100,0,2,100,0,Full
10:16:46,100,100,0,2,100,0,Full
10:16:47,100,100,0,2,100,0,Full
10:16:47,100,100,0,2,100,0,Full
10:16:48,100,100,0,2,100,0,Full
10:16:48,100,100,0,2,100,0,Full
10:16:49,100,100,0,2,100,0,Full
10:16:49,100,100,0,2,100,0,Full
10:16:50,100,100,0,2,100,0,Full
10:16:50,100,100,0,2,100,0,Full
10:16:51,100,100,0,2,100,0,Full
10:16:51,100,100,0,2,100,0,Full
10:16:52,100,100,0,2,100,0,Full
10:16:52,100,100,0,2,100,0,Full
10:16:53,100,100,0,2,100,0,Full
10:16:53,100,100,0,2,100,0,Full
10:16:54,100,100,0,2,100,0,Full
10:16:54,100,100,0,2,100,0,Full
10:16:55,100,100,0,2,100,0,Full
10:16:55,100,100,0,2,100,0,Full
10:16:56,100,100,0,2,100,0,Full
10:16:56,100,100,0,2,100,0,Full
10:16:57,100,100,0,2,100,0,Full
10:16:57,100,100,0,2,100,0,Full
10:16:58,100,100,0,2,100,0,Full
10:16:58,100,100,0,2,100,0,Full
10:16:59,100,100,0,2,100,0,Full
10:16:59,100,100,0,2,100,0,Full
10:17:00,100,100,0,2,100,0,Full
10:17:00,100,100,0,2,100,0,Full
10:17:01,100,100,0,2,100,0,Full
10:17:01,100,100,0,2,100,0,Full
10:17:02,100,100,0,2,100,0,Full
10:17:02,100,100,0,2,100,0,Full
10:17:03,100,100,0,2,100,0,Full
10:17:03,100,100,0,2,100,0,Full
10:17:04,100,100,0,2,100,0,Full
10:17:04,100,100,0,2,100,0,Full
10:17:05,100,100,0,2,100,0,Full
10:17:05,100,100,0,2,100,0,Full
10:17:06,100,100,0,2,100,0,Full
10:17:06,100,100,0,2,100,0,Full
10:17:07,100,100,0,2,100,0,Full
10:17:07,100,100,0,2,100,0,Full
10:17:08,100,100,0,2,100,0,Full
10:17:08,100,100,0,2,100,0,Full
10:17:09,100,100,0,2,100,0,Full
10:17:09,100,100,0,2,100,0,Full
10:17:10,100,100,0,2,100,0,Full
10:17:10,100,100,0,2,100,0,Full
10:17:11,100,100,0,2,100,0,Full
10:17:11,100,100,0,2,100,0,Full
10:17:12,100,100,0,2,100,0,Full
10:17:12,100,100,0,2,100,0,Full
10:17:13,100,100,0,2,100,0,Full
10:17:13,100,100,0,2,100,0,Full
10:17:14,100,100,0,2,100,0,Full
10:17:14,100,100,0,2,100,0,Full
10:17:15,100,100,0,2,100,0,Full
10:17:15,100,100,0,2,100,0,Full
10:17:16,100,100,0,2,100,0,Full
10:17:16,100,100,0,2,100,0,Full
10:17:17,100,100,0,2,100,0,Full
10:17:17,100,100,0,2,100,0,Full
10:17:18,100,100,0,2,100,0,Full
10:17:18,100,100,0,2,100,0,Full
10:17:19,100,100,0,2,100,0,Full
10:17:19,100,100,0,2,100,0,Full
10:17:20,100,100,0,2,100,0,Full
10:17:20,100,100,0,2,100,0,Full
10:17:21,100,100,0,2,100,0,Full
10:17:21,100,100,0,2,100,0,Full
10:17:22,100,100,0,2,100,0,Full
10:17:22,100,100,0,2,100,0,Full
10:17:23,100,100,0,2,100,0,Full
10:17:23,100,100,0,2,100,0,Full
10:17:24,100,100,0,2,100,0,Full
10:17:24,100,100,0,2,100,0,Full
10:17:25,100,100,0,2,100,0,Full
10:17:25,100,100,0,2,100,0,Full
10:17:26,100,100,0,2,100,0,Full
10:17:26,100,100,0,2,100,0,Full
10:17:27,100,100,0,2,100,0,Full
10:17:27,100,100,0,2,100,0,Full
10:17:28,100,100,0,2,100,0,Full
10:17:28,100,100,0,2,100,0,Full
10:17:29,100,100,0,2,100,0,Full
10:17:29,100,100,0,2,100,0,Full
10:17:30,100,100,0,2,100,0,Full
10:17:30,100,100,0,2,100,0,Full
10:17:31,100,100,0,2,100,0,Full
10:17:31,100,100,0,2,100,0,Full
10:17:32,100,100,0,2,100,0,Full
10:17:32,100,100,0,2,100,0,Full
10:17:33,100,100,0,2,100,0,Full
10:17:33,100,100,0,2,100,0,Full
10:17:34,100,100,0,2,100,0,Full
10:17:34,100,100,0,2,100,0,Full
10:17:35,100,100,0,2,100,0,Full
10:17:35,100,100,0,2,100,0,Full
10:17:36,100,100,0,2,100,0,Full
10:17:36,100,100,0,2,100,0,Full
10:17:37,100,100,0,2,100,0,Full
10:17:37,100,100,0,2,100,0,Full
10:17:38,100,100,0,2,100,0,Full
10:17:38,100,100,0,2,100,0,Full
10:17:39,100,100,0,2,100,0,Full
10:17:39,100,100,0,2,100,0,Full
10:17:40,100,100,0,2,100,0,Full
10:17:40,100,100,0,2,100,0,Full
10:17:41,100,100,0,2,100,0,Full
10:17:41,100,100,0,2,100,0,Full
10:17:42,100,100,0,2,100,0,Full
10:17:42,100,100,0,2,100,0,Full
10:17:43,100,100,0,2,100,0,Full
10:17:43,100,100,0,2,100,0,Full
10:17:44,100,100,0,2,100,0,Full
10:17:44,100,100,0,2,100,0,Full
10:17:45,100,100,0,2,100,0,Full
10:17:45,100,100,0,2,100,0,Full
10:17:46,100,100,0,2,100,0,Full
10:17:46,100,100,0,2,100,0,Full
10:17:47,100,100,0,2,100,0,Full
10:17:47,100,100,0,2,100,0,Full
10:17:48,100,100,0,2,100,0,Full
10:17:48,100,100,0,2,100,0,Full
10:17:49,100,100,0,2,100,0,Full
10:17:49,100,100,0,2,100,0,Full
10:17:50,100,100,0,2,100,0,Full
10:17:50,100,100,0,2,100,0,Full
10:17:51,100,100,0,2,100,0,Full
10:17:51,100,100,0,2,100,0,Full
10:17:52,100,100,0,2,100,0,Full
10:17:52,100,100,0,2,100,0,Full
10:17:53,100,100,0,2,100,0,Full
10:17:53,100,100,0,2,100,0,Full
10:17:54,100,100,0,2,100,0,Full
10:17:54,100,100,0,2,100,0,Full
10:17:55,100,100,0,2,100,0,Full
10:17:55,100,100,0,2,100,0,Full
10:17:56,100,100,0,2,100,0,Full
10:17:56,100,100,0,2,100,0,Full
10:17:57,100,100,0,2,100,0,Full
10:17:57,100,100,0,2,100,0,Full
10:17:58,100,100,0,2,100,0,Full
10:17:58,100,100,0,2,100,0,Full
10:17:59,100,100,0,2,100,0,Full
10:18:00,100,100,0,2,100,0,Full
10:18:00,100,100,0,2,100,0,Full
10:18:01,100,100,0,2,100,0,Full
10:18:01,100,100,0,2,100,0,Full
10:18:02,100,100,0,2,100,0,Full
10:18:02,100,100,0,2,100,0,Full
10:18:03,100,100,0,2,100,0,Full
10:18:03,100,100,0,2,100,0,Full
10:18:04,100,100,0,2,100,0,Full
10:18:04,100,100,0,2,100,0,Full
10:18:05,100,100,0,2,100,0,Full
10:18:05,100,100,0,2,100,0,Full
10:18:06,100,100,0,2,100,0,Full
10:18:06,100,100,0,2,100,0,Full
10:18:07,100,100,0,2,100,0,Full
10:18:07,100,100,0,2,100,0,Full
10:18:08,100,100,0,2,100,0,Full
10:18:08,100,100,0,2,100,0,Full
10:18:09,100,100,0,2,100,0,Full
10:18:09,100,100,0,2,100,0,Full
10:18:10,100,100,0,2,100,0,Full
10:18:10,100,100,0,2,100,0,Full
10:18:11,100,100,0,2,100,0,Full
10:18:11,100,100,0,2,100,0,Full
10:18:12,100,100,0,2,100,0,Full
10:18:12,100,100,0,2,100,0,Full
10:18:13,100,100,0,2,100,0,Full
10:18:13,100,100,0,2,100,0,Full
10:18:14,100,100,0,2,100,0,Full
10:18:14,100,100,0,2,100,0,Full
10:18:15,100,100,0,2,100,0,Full
10:18:15,100,100,0,2,100,0,Full
10:18:16,100,100,0,2,100,0,Full
10:18:16,100,100,0,2,100,0,Full
10:18:17,100,100,0,2,100,0,Full
10:18:17,100,100,0,2,100,0,Full
10:18:18,100,100,0,2,100,0,Full
10:18:18,100,100,0,2,100,0,Full
10:18:19,100,100,0,2,100,0,Full
10:18:19,100,100,0,2,100,0,Full
10:18:20,100,100,0,2,100,0,Full
10:18:20,100,100,0,2,100,0,Full
10:18:21,100,100,0,2,100,0,Full
10:18:21,100,100,0,2,100,0,Full
10:18:22,100,100,0,2,100,0,Full
10:18:22,100,100,0,2,100,0,Full
10:18:23,100,100,0,2,100,0,Full
10:18:23,100,100,0,2,100,0,Full
10:18:24,100,100,0,2,100,0,Full
10:18:24,100,100,0,2,100,0,Full
10:18:25,100,100,0,2,100,0,Full
10:18:25,100,100,0,2,100,0,Full
10:18:26,100,100,0,2,100,0,Full
10:18:26,100,100,0,2,100,0,Full
10:18:27,100,100,0,2,100,0,Full
10:18:27,100,100,0,2,100,0,Full
10:18:28,100,100,0,2,100,0,Full
10:18:28,100,100,0,2,100,0,Full
10:18:29,100,100,0,2,100,0,Full
10:18:29,100,100,0,2,100,0,Full
10:18:30,100,100,0,2,100,0,Full
10:18:30,100,100,0,2,100,0,Full
10:18:31,100,100,0,2,100,0,Full
10:18:31,100,100,0,2,100,0,Full
10:18:32,100,100,0,2,100,0,Full
10:18:32,100,100,0,2,100,0,Full
10:18:33,100,100,0,2,100,0,Full
10:18:33,100,100,0,2,100,0,Full
10:18:34,100,100,0,2,100,0,Full
10:18:34,100,100,0,2,100,0,Full
10:18:35,100,100,0,2,100,0,Full
10:18:35,100,100,0,2,100,0,Full
10:18:36,100,100,0,2,100,0,Full
10:18:36,100,100,0,2,100,0,Full
10:18:37,100,100,0,2,100,0,Full
10:18:37,100,100,0,2,100,0,Full
10:18:38,100,100,0,2,100,0,Full
10:18:38,100,100,0,2,100,0,Full
10:18:39,100,100,0,2,100,0,Full
10:18:39,100,100,0,2,100,0,Full
10:18:40,100,100,0,2,100,0,Full
10:18:40,100,100,0,2,100,0,Full
10:18:41,100,100,0,2,100,0,Full
10:18:41,100,100,0,2,100,0,Full
10:18:42,100,100,0,2,100,0,Full
10:18:42,100,100,0,2,100,0,Full
10:18:43,100,100,0,2,100,0,Full
10:18:43,100,100,0,2,100,0,Full
10:18:44,100,100,0,2,100,0,Full
10:18:44,100,100,0,2,100,0,Full
10:18:45,100,100,0,2,100,0,Full
10:18:45,100,100,0,2,100,0,Full
10:18:46,100,100,0,2,100,0,Full
10:18:46,100,100,0,2,100,0,Full
10:18:47,100,100,0,2,100,0,Full
10:18:47,100,100,0,2,100,0,Full
10:18:48,100,100,0,2,100,0,Full
10:18:48,100,100,0,2,100,0,Full
10:18:49,100,100,0,2,100,0,Full
10:18:49,100,100,0,2,100,0,Full
10:18:50,100,100,0,2,100,0,Full
10:18:50,100,100,0,2,100,0,Full
10:18:51,100,100,0,2,100,0,Full
10:18:51,100,100,0,2,100,0,Full
10:18:52,100,100,0,2,100,0,Full
10:18:52,100,100,0,2,100,0,Full
10:18:53,100,100,0,2,100,0,Full
10:18:53,100,100,0,2,100,0,Full
10:18:54,100,100,0,2,100,0,Full
10:18:54,100,100,0,2,100,0,Full
10:18:55,100,100,0,2,100,0,Full
10:18:55,100,100,0,2,100,0,Full
10:18:56,100,100,0,2,100,0,Full
10:18:56,100,100,0,2,100,0,Full
10:18:57,100,100,0,2,100,0,Full
10:18:57,100,100,0,2,100,0,Full
10:18:58,100,100,0,2,100,0,Full
10:18:58,100,100,0,2,100,0,Full
10:18:59,100,100,0,2,100,0,Full
10:18:59,100,100,0,2,100,0,Full
10:19:00,100,100,0,2,100,0,Full
10:19:00,100,100,0,2,100,0,Full
10:19:01,100,100,0,2,100,0,Full
10:19:01,100,100,0,2,100,0,Full
10:19:02,100,100,0,2,100,0,Full
10:19:02,100,100,0,2,100,0,Full
10:19:03,100,100,0,2,100,0,Full
10:19:03,100,100,0,2,100,0,Full
10:19:04,100,100,0,2,100,0,Full
10:19:04,100,100,0,2,100,0,Full
10:19:05,100,100,0,2,100,0,Full
10:19:05,100,100,0,2,100,0,Full
10:19:06,100,100,0,2,100,0,Full
10:19:06,100,100,0,2,100,0,Full
10:19:07,100,100,0,2,100,0,Full
10:19:07,100,100,0,2,100,0,Full
10:19:08,100,100,0,2,100,0,Full
10:19:08,100,100,0,2,100,0,Full
10:19:09,100,100,0,2,100,0,Full
10:19:09,100,100,0,2,100,0,Full
10:19:10,100,100,0,2,100,0,Full
10:19:10,100,100,0,2,100,0,Full
10:19:11,100,100,0,2,100,0,Full
10:19:11,100,100,0,2,100,0,Full
10:19:12,100,100,0,2,100,0,Full
10:19:12,100,100,0,2,100,0,Full
10:19:13,100,100,0,2,100,0,Full
10:19:13,100,100,0,2,100,0,Full
10:19:14,100,100,0,2,100,0,Full
10:19:14,100,100,0,2,100,0,Full
10:19:15,100,100,0,2,100,0,Full
10:19:15,100,100,0,2,100,0,Full
10:19:16,100,100,0,2,100,0,Full
10:19:16,100,100,0,2,100,0,Full
10:19:17,100,100,0,2,100,0,Full
10:19:17,100,100,0,2,100,0,Full
10:19:18,100,100,0,2,100,0,Full
10:19:18,100,100,0,2,100,0,Full
10:19:19,100,100,0,2,100,0,Full
10:19:19,100,100,0,2,100,0,Full
10:19:20,100,100,0,2,100,0,Full
10:19:20,100,100,0,2,100,0,Full
10:19:21,100,100,0,2,100,0,Full
10:19:21,100,100,0,2,100,0,Full
10:19:22,100,100,0,2,100,0,Full
10:19:22,100,100,0,2,100,0,Full
10:19:23,100,100,0,2,100,0,Full
10:19:23,100,100,0,2,100,0,Full
10:19:24,100,100,0,2,100,0,Full
10:19:24,100,100,0,2,100,0,Full
10:19:25,100,100,0,2,100,0,Full
10:19:25,100,100,0,2,100,0,Full
10:19:26,100,100,0,2,100,0,Full
10:19:26,100,100,0,2,100,0,Full
10:19:27,100,100,0,2,100,0,Full
10:19:27,100,100,0,2,100,0,Full
10:19:28,100,100,0,2,100,0,Full
10:19:28,100,100,0,2,100,0,Full
10:19:29,100,100,0,2,100,0,Full
10:19:29,100,100,0,2,100,0,Full
10:19:30,100,100,0,2,100,0,Full
10:19:30,100,100,0,2,100,0,Full
10:19:31,100,100,0,2,100,0,Full
10:19:31,100,100,0,2,100,0,Full
10:19:32,100,100,0,2,100,0,Full
10:19:32,100,100,0,2,100,0,Full
10:19:33,100,100,0,2,100,0,Full
10:19:33,100,100,0,2,100,0,Full
10:19:34,100,100,0,2,100,0,Full
10:19:34,100,100,0,2,100,0,Full
10:19:35,100,100,0,2,100,0,Full
10:19:35,100,100,0,2,100,0,Full
10:19:36,100,100,0,2,100,0,Full
10:19:36,100,100,0,2,100,0,Full
10:19:37,100,100,0,2,100,0,Full
10:19:37,100,100,0,2,100,0,Full
10:19:38,100,100,0,2,100,0,Full
10:19:38,100,100,0,2,100,0,Full
10:19:39,100,100,0,2,100,0,Full
10:19:39,100,100,0,2,100,0,Full
10:19:40,100,100,0,2,100,0,Full
10:19:40,100,100,0,2,100,0,Full
10:19:41,100,100,0,2,100,0,Full
10:19:41,100,100,0,2,100,0,Full
10:19:42,100,100,0,2,100,0,Full
10:19:42,100,100,0,2,100,0,Full
10:19:43,100,100,0,2,100,0,Full
10:19:43,100,100,0,2,100,0,Full
10:19:44,100,100,0,2,100,0,Full
10:19:44,100,100,0,2,100,0,Full
10:19:45,100,100,0,2,100,0,Full
10:19:45,100,100,0,2,100,0,Full
10:19:46,100,100,0,2,100,0,Full
10:19:46,100,100,0,2,100,0,Full
10:19:47,100,100,0,2,100,0,Full
10:19:47,100,100,0,2,100,0,Full
10:19:48,100,100,0,2,100,0,Full
10:19:48,100,100,0,2,100,0,Full
10:19:49,100,100,0,2,100,0,Full
10:19:49,100,100,0,2,100,0,Full
10:19:50,100,100,0,2,100,0,Full
10:19:50,100,100,0,2,100,0,Full
10:19:51,100,100,0,2,100,0,Full
10:19:51,100,100,0,2,100,0,Full
10:19:52,100,100,0,2,100,0,Full
10:19:52,100,100,0,2,100,0,Full
10:19:53,100,100,0,2,100,0,Full
10:19:53,100,100,0,2,100,0,Full
10:19:54,100,100,0,2,100,0,Full
10:19:54,100,100,0,2,100,0,Full
10:19:55,100,100,0,2,100,0,Full
10:19:55,100,100,0,2,100,0,Full
10:19:56,100,100,0,2,100,0,Full
10:19:56,100,100,0,2,100,0,Full
10:19:57,100,100,0,2,100,0,Full
10:19:57,100,100,0,2,100,0,Full
10:19:58,100,100,0,2,100,0,Full
10:19:58,100,100,0,2,100,0,Full
10:19:59,100,100,0,2,100,0,Full
10:19:59,100,100,0,2,100,0,Full
10:20:00,100,100,0,2,100,0,Full
10:20:00,100,100,0,2,100,0,Full
10:20:01,100,100,0,2,100,0,Full
10:20:01,100,100,0,2,100,0,Full
10:20:02,100,100,0,2,100,0,Full
10:20:02,100,100,0,2,100,0,Full
10:20:03,100,100,0,2,100,0,Full
10:20:03,100,100,0,2,100,0,Full
10:20:04,100,100,0,2,100,0,Full
10:20:04,100,100,0,2,100,0,Full
10:20:05,100,100,0,2,100,0,Full
10:20:05,100,100,0,2,100,0,Full
10:20:06,100,100,0,2,100,0,Full
10:20:06,100,100,0,2,100,0,Full
10:20:07,100,100,0,2,100,0,Full
10:20:07,100,100,0,2,100,0,Full
10:20:08,100,100,0,2,100,0,Full
10:20:08,100,100,0,2,100,0,Full
10:20:09,100,100,0,2,100,0,Full
10:20:09,100,100,0,2,100,0,Full
10:20:10,100,100,0,2,100,0,Full
10:20:10,100,100,0,2,100,0,Full
10:20:11,100,100,0,2,100,0,Full
10:20:11,100,100,0,2,100,0,Full
10:20:12,100,100,0,2,100,0,Full
10:20:12,100,100,0,2,100,0,Full
10:20:13,100,100,0,2,100,0,Full
10:20:13,100,100,0,2,100,0,Full
10:20:14,100,100,0,2,100,0,Full
10:20:14,100,100,0,2,100,0,Full
10:20:15,100,100,0,2,100,0,Full
10:20:15,100,100,0,2,100,0,Full
10:20:16,100,100,0,2,100,0,Full
10:20:16,100,100,0,2,100,0,Full
10:20:17,100,100,0,2,100,0,Full
10:20:17,100,100,0,2,100,0,Full
10:20:18,100,100,0,2,100,0,Full
10:20:18,100,100,0,2,100,0,Full
10:20:19,100,100,0,2,100,0,Full
10:20:19,100,100,0,2,100,0,Full
10:20:20,100,100,0,2,100,0,Full
10:20:20,100,100,0,2,100,0,Full
10:20:21,100,100,0,2,100,0,Full
10:20:21,100,100,0,2,100,0,Full
10:20:22,100,100,0,2,100,0,Full
10:20:22,100,100,0,2,100,0,Full
10:20:23,100,100,0,2,100,0,Full
10:20:23,100,100,0,2,100,0,Full
10:20:24,100,100,0,2,100,0,Full
10:20:24,100,100,0,2,100,0,Full
10:20:25,100,100,0,2,100,0,Full
10:20:25,100,100,0,2,100,0,Full
10:20:26,100,100,0,2,100,0,Full
10:20:26,100,100,0,2,100,0,Full
10:20:27,100,100,0,2,100,0,Full
10:20:27,100,100,0,2,100,0,Full
10:20:28,100,100,0,2,100,0,Full
10:20:28,100,100,0,2,100,0,Full
10:20:29,100,100,0,2,100,0,Full
10:20:29,100,100,0,2,100,0,Full
10:20:30,100,100,0,2,100,0,Full
10:20:30,100,100,0,2,100,0,Full
10:20:31,100,100,0,2,100,0,Full
10:20:31,100,100,0,2,100,0,Full
10:20:32,100,100,0,2,100,0,Full
10:20:32,100,100,0,2,100,0,Full
10:20:33,100,100,0,2,100,0,Full
10:20:33,100,100,0,2,100,0,Full
10:20:34,100,100,0,2,100,0,Full
10:20:34,100,100,0,2,100,0,Full
10:20:35,100,100,0,2,100,0,Full
10:20:35,100,100,0,2,100,0,Full
10:20:36,100,100,0,2,100,0,Full
10:20:36,100,100,0,2,100,0,Full
10:20:37,100,100,0,2,100,0,Full
10:20:37,100,100,0,2,100,0,Full
10:20:38,100,100,0,2,100,0,Full
10:20:38,100,100,0,2,100,0,Full
10:20:39,100,100,0,2,100,0,Full
10:20:39,100,100,0,2,100,0,Full
10:20:40,100,100,0,2,100,0,Full
10:20:40,100,100,0,2,100,0,Full
10:20:41,100,100,0,2,100,0,Full
10:20:41,100,100,0,2,100,0,Full
10:20:42,100,100,0,2,100,0,Full
10:20:42,100,100,0,2,100,0,Full
10:20:43,100,100,0,2,100,0,Full
10:20:43,100,100,0,2,100,0,Full
10:20:44,100,100,0,2,100,0,Full
10:20:44,100,100,0,2,100,0,Full
10:20:45,100,100,0,2,100,0,Full
10:20:45,100,100,0,2,100,0,Full
10:20:46,100,100,0,2,100,0,Full
10:20:46,100,100,0,2,100,0,Full
10:20:47,100,100,0,2,100,0,Full
10:20:47,100,100,0,2,100,0,Full
10:20:48,100,100,0,2,100,0,Full
10:20:48,100,100,0,2,100,0,Full
10:20:49,100,100,0,2,100,0,Full
10:20:49,100,100,0,2,100,0,Full
10:20:50,100,100,0,2,100,0,Full
10:20:50,100,100,0,2,100,0,Full
10:20:51,100,100,0,2,100,0,Full
10:20:51,100,100,0,2,100,0,Full
10:20:52,100,100,0,2,100,0,Full
10:20:52,100,100,0,2,100,0,Full
10:20:53,100,100,0,2,100,0,Full
10:20:53,100,100,0,2,100,0,Full
10:20:54,100,100,0,2,100,0,Full
10:20:54,100,100,0,2,100,0,Full
10:20:55,100,100,0,2,100,0,Full
10:20:55,100,100,0,2,100,0,Full
10:20:56,100,100,0,2,100,0,Full
10:20:56,100,100,0,2,100,0,Full
10:20:57,100,100,0,2,100,0,Full
10:20:57,100,100,0,2,100,0,Full
10:20:58,100,100,0,2,100,0,Full
10:20:58,100,100,0,2,100,0,Full
10:20:59,100,100,0,2,100,0,Full
10:20:59,100,100,0,2,100,0,Full
10:21:00,100,100,0,2,100,0,Full
10:21:00,100,100,0,2,100,0,Full
10:21:01,100,100,0,2,100,0,Full
10:21:01,100,100,0,2,100,0,Full
10:21:02,100,100,0,2,100,0,Full
10:21:02,100,100,0,2,100,0,Full
10:21:03,100,100,0,2,100,0,Full
10:21:03,100,100,0,2,100,0,Full
10:21:04,100,100,0,2,100,0,Full
10:21:04,100,100,0,2,100,0,Full
10:21:05,100,100,0,2,100,0,Full
10:21:05,100,100,0,2,100,0,Full
10:21:06,100,100,0,2,100,0,Full
10:21:06,100,100,0,2,100,0,Full
10:21:07,100,100,0,2,100,0,Full
10:21:07,100,100,0,2,100,0,Full
10:21:08,100,100,0,2,100,0,Full
10:21:08,100,100,0,2,100,0,Full
10:21:09,100,100,0,2,100,0,Full
10:21:09,100,100,0,2,100,0,Full
10:21:10,100,100,0,2,100,0,Full
10:21:10,100,100,0,2,100,0,Full
10:21:11,100,100,0,2,100,0,Full
10:21:11,100,100,0,2,100,0,Full
10:21:12,100,100,0,2,100,0,Full
10:21:12,100,100,0,2,100,0,Full
10:21:13,100,100,0,2,100,0,Full
10:21:13,100,100,0,2,100,0,Full
10:21:14,100,100,0,2,100,0,Full
10:21:14,100,100,0,2,100,0,Full
10:21:15,100,100,0,2,100,0,Full
10:21:15,100,100,0,2,100,0,Full
10:21:16,100,100,0,2,100,0,Full
10:21:16,100,100,0,2,100,0,Full
10:21:17,100,100,0,2,100,0,Full
10:21:17,100,100,0,2,100,0,Full
10:21:18,100,100,0,2,100,0,Full
10:21:18,100,100,0,2,100,0,Full
10:21:19,100,100,0,2,100,0,Full
10:21:19,100,100,0,2,100,0,Full
10:21:20,100,100,0,2,100,0,Full
10:21:20,100,100,0,2,100,0,Full
10:21:21,100,100,0,2,100,0,Full
10:21:21,100,100,0,2,100,0,Full
10:21:22,100,100,0,2,100,0,Full
10:21:22,100,100,0,2,100,0,Full
10:21:23,100,100,0,2,100,0,Full
10:21:23,100,100,0,2,100,0,Full
10:21:24,100,100,0,2,100,0,Full
10:21:24,100,100,0,2,100,0,Full
10:21:25,100,100,0,2,100,0,Full
10:21:25,100,100,0,2,100,0,Full
10:21:26,100,100,0,2,100,0,Full
10:21:26,100,100,0,2,100,0,Full
10:21:27,100,100,0,2,100,0,Full
10:21:27,100,100,0,2,100,0,Full
10:21:28,100,100,0,2,100,0,Full
10:21:28,100,100,0,2,100,0,Full
10:21:29,100,100,0,2,100,0,Full
10:21:29,100,100,0,2,100,0,Full
10:21:30,100,100,0,2,100,0,Full
10:21:30,100,100,0,2,100,0,Full
10:21:31,100,100,0,2,100,0,Full
10:21:31,100,100,0,2,100,0,Full
10:21:32,100,100,0,2,100,0,Full
10:21:32,100,100,0,2,100,0,Full
10:21:33,100,100,0,2,100,0,Full
10:21:33,100,100,0,2,100,0,Full
10:21:34,100,100,0,2,100,0,Full
10:21:34,100,100,0,2,100,0,Full
10:21:35,100,100,0,2,100,0,Full
10:21:35,100,100,0,2,100,0,Full
10:21:36,100,100,0,2,100,0,Full
10:21:36,100,100,0,2,100,0,Full
10:21:37,100,100,0,2,100,0,Full
10:21:37,100,100,0,2,100,0,Full
10:21:38,100,100,0,2,100,0,Full
10:21:38,100,100,0,2,100,0,Full
10:21:39,100,100,0,2,100,0,Full
10:21:39,100,100,0,2,100,0,Full
10:21:40,100,100,0,2,100,0,Full
10:21:40,100,100,0,2,100,0,Full
10:21:41,100,100,0,2,100,0,Full
10:21:41,100,100,0,2,100,0,Full
10:21:42,100,100,0,2,100,0,Full
10:21:42,100,100,0,2,100,0,Full
10:21:43,100,100,0,2,100,0,Full
10:21:43,100,100,0,2,100,0,Full
10:21:44,100,100,0,2,100,0,Full
10:21:44,100,100,0,2,100,0,Full
10:21:45,100,100,0,2,100,0,Full
10:21:45,100,100,0,2,100,0,Full
10:21:46,100,100,0,2,100,0,Full
10:21:46,100,100,0,2,100,0,Full
10:21:47,100,100,0,2,100,0,Full
10:21:47,100,100,0,2,100,0,Full
10:21:48,100,100,0,2,100,0,Full
10:21:48,100,100,0,2,100,0,Full
10:21:49,100,100,0,2,100,0,Full
10:21:49,100,100,0,2,100,0,Full
10:21:50,100,100,0,2,100,0,Full
10:21:50,100,100,0,2,100,0,Full
10:21:51,100,100,0,2,100,0,Full
10:21:51,100,100,0,2,100,0,Full
10:21:52,100,100,0,2,100,0,Full
10:21:52,100,100,0,2,100,0,Full
10:21:53,100,100,0,2,100,0,Full
10:21:53,100,100,0,2,100,0,Full
10:21:54,100,100,0,2,100,0,Full
10:21:54,100,100,0,2,100,0,Full
10:21:55,100,100,0,2,100,0,Full
10:21:55,100,100,0,2,100,0,Full
10:21:56,100,100,0,2,100,0,Full
10:21:56,100,100,0,2,100,0,Full
10:21:57,100,100,0,2,100,0,Full
10:21:57,100,100,0,2,100,0,Full
10:21:58,100,100,0,2,100,0,Full
10:21:58,100,100,0,2,100,0,Full
10:21:59,100,100,0,2,100,0,Full
10:21:59,100,100,0,2,100,0,Full
10:22:00,100,100,0,2,100,0,Full
10:22:00,100,100,0,2,100,0,Full
10:22:01,100,100,0,2,100,0,Full
10:22:01,100,100,0,2,100,0,Full
10:22:02,100,100,0,2,100,0,Full
10:22:02,100,100,0,2,100,0,Full
10:22:03,100,100,0,2,100,0,Full
10:22:03,100,100,0,2,100,0,Full
10:22:04,100,100,0,2,100,0,Full
10:22:04,100,100,0,2,100,0,Full
10:22:05,100,100,0,2,100,0,Full
10:22:05,100,100,0,2,100,0,Full
10:22:06,100,100,0,2,100,0,Full
10:22:06,100,100,0,2,100,0,Full
10:22:07,100,100,0,2,100,0,Full
10:22:07,100,100,0,2,100,0,Full
10:22:08,100,100,0,2,100,0,Full
10:22:08,100,100,0,2,100,0,Full
10:22:09,100,100,0,2,100,0,Full
10:22:09,100,100,0,2,100,0,Full
10:22:10,100,100,0,2,100,0,Full
10:22:10,100,100,0,2,100,0,Full
10:22:11,100,100,0,2,100,0,Full
10:22:11,100,100,0,2,100,0,Full
10:22:12,100,100,0,2,100,0,Full
10:22:12,100,100,0,2,100,0,Full
10:22:13,100,100,0,2,100,0,Full
10:22:13,100,100,0,2,100,0,Full
10:22:14,100,100,0,2,100,0,Full
10:22:14,100,100,0,2,100,0,Full
10:22:15,100,100,0,2,100,0,Full
10:22:15,100,100,0,2,100,0,Full
10:22:16,100,100,0,2,100,0,Full
10:22:16,100,100,0,2,100,0,Full
10:22:17,100,100,0,2,100,0,Full
10:22:17,100,100,0,2,100,0,Full
10:22:18,100,100,0,2,100,0,Full
10:22:18,100,100,0,2,100,0,Full
10:22:19,100,100,0,2,100,0,Full
10:22:19,100,100,0,2,100,0,Full
10:22:20,100,100,0,2,100,0,Full
10:22:20,100,100,0,2,100,0,Full
10:22:21,100,100,0,2,100,0,Full
10:22:21,100,100,0,2,100,0,Full
10:22:22,100,100,0,2,100,0,Full
10:22:22,100,100,0,2,100,0,Full
10:22:23,100,100,0,2,100,0,Full
10:22:23,100,100,0,2,100,0,Full
10:22:24,100,100,0,2,100,0,Full
10:22:24,100,100,0,2,100,0,Full
10:22:25,100,100,0,2,100,0,Full
10:22:25,100,100,0,2,100,0,Full
10:22:26,100,100,0,2,100,0,Full
10:22:26,100,100,0,2,100,0,Full
10:22:27,100,100,0,2,100,0,Full
10:22:27,100,100,0,2,100,0,Full
10:22:28,100,100,0,2,100,0,Full
10:22:28,100,100,0,2,100,0,Full
10:22:29,100,100,0,2,100,0,Full
10:22:29,100,100,0,2,100,0,Full
10:22:30,100,100,0,2,100,0,Full
10:22:30,100,100,0,2,100,0,Full
10:22:31,100,100,0,2,100,0,Full
10:22:31,100,100,0,2,100,0,Full
10:22:32,100,100,0,2,100,0,Full
10:22:32,100,100,0,2,100,0,Full
10:22:33,100,100,0,2,100,0,Full
10:22:33,100,100,0,2,100,0,Full
10:22:34,100,100,0,2,100,0,Full
10:22:34,100,100,0,2,100,0,Full
10:22:35,100,100,0,2,100,0,Full
10:22:35,100,100,0,2,100,0,Full
10:22:36,100,100,0,2,100,0,Full
10:22:36,100,100,0,2,100,0,Full
10:22:37,100,100,0,2,100,0,Full
10:22:37,100,100,0,2,100,0,Full
10:22:38,100,100,0,2,100,0,Full
10:22:38,100,100,0,2,100,0,Full
10:22:39,100,100,0,2,100,0,Full
10:22:39,100,100,0,2,100,0,Full
10:22:40,100,100,0,2,100,0,Full
10:22:40,100,100,0,2,100,0,Full
10:22:41,100,100,0,2,100,0,Full
10:22:41,100,100,0,2,100,0,Full
10:22:42,100,100,0,2,100,0,Full
10:22:42,100,100,0,2,100,0,Full
10:22:43,100,100,0,2,100,0,Full
10:22:43,100,100,0,2,100,0,Full
10:22:44,100,100,0,2,100,0,Full
10:22:44,100,100,0,2,100,0,Full
10:22:45,100,100,0,2,100,0,Full
10:22:45,100,100,0,2,100,0,Full
10:22:46,100,100,0,2,100,0,Full
10:22:46,100,100,0,2,100,0,Full
10:22:47,100,100,0,2,100,0,Full
10:22:47,100,100,0,2,100,0,Full
10:22:48,100,100,0,2,100,0,Full
10:22:48,100,100,0,2,100,0,Full
10:22:49,100,100,0,2,100,0,Full
10:22:49,100,100,0,2,100,0,Full
10:22:50,100,100,0,2,100,0,Full
10:22:50,100,100,0,2,100,0,Full
10:22:51,100,100,0,2,100,0,Full
10:22:51,100,100,0,2,100,0,Full
10:22:52,100,100,0,2,100,0,Full
10:22:52,100,100,0,2,100,0,Full
10:22:53,100,100,0,2,100,0,Full
10:22:53,100,100,0,2,100,0,Full
10:22:54,100,100,0,2,100,0,Full
10:22:54,100,100,0,2,100,0,Full
10:22:55,100,100,0,2,100,0,Full
10:22:55,100,100,0,2,100,0,Full
10:22:56,100,100,0,2,100,0,Full
10:22:56,100,100,0,2,100,0,Full
10:22:57,100,100,0,2,100,0,Full
10:22:57,100,100,0,2,100,0,Full
10:22:58,100,100,0,2,100,0,Full
10:22:58,100,100,0,2,100,0,Full
10:22:59,100,100,0,2,100,0,Full
10:22:59,100,100,0,2,100,0,Full
10:23:00,100,100,0,2,100,0,Full
10:23:00,100,100,0,2,100,0,Full
10:23:01,100,100,0,2,100,0,Full
10:23:01,100,100,0,2,100,0,Full
10:23:02,100,100,0,2,100,0,Full
10:23:02,100,100,0,2,100,0,Full
10:23:03,100,100,0,2,100,0,Full
10:23:03,100,100,0,2,100,0,Full
10:23:04,100,100,0,2,100,0,Full
10:23:04,100,100,0,2,100,0,Full
10:23:05,100,100,0,2,100,0,Full
10:23:05,100,100,0,2,100,0,Full
10:23:06,100,100,0,2,100,0,Full
10:23:06,100,100,0,2,100,0,Full
10:23:07,100,100,0,2,100,0,Full
10:23:07,100,100,0,2,100,0,Full
10:23:08,100,100,0,2,100,0,Full
10:23:08,100,100,0,2,100,0,Full
10:23:09,100,100,0,2,100,0,Full
10:23:09,100,100,0,2,100,0,Full
10:23:10,100,100,0,2,100,0,Full
10:23:10,100,100,0,2,100,0,Full
10:23:11,100,100,0,2,100,0,Full
10:23:11,100,100,0,2,100,0,Full
10:23:12,100,100,0,2,100,0,Full
10:23:12,100,100,0,2,100,0,Full
10:23:13,100,100,0,2,100,0,Full
10:23:13,100,100,0,2,100,0,Full
10:23:14,100,100,0,2,100,0,Full
10:23:14,100,100,0,2,100,0,Full
10:23:15,100,100,0,2,100,0,Full
10:23:15,100,100,0,2,100,0,Full
10:23:16,100,100,0,2,100,0,Full
10:23:16,100,100,0,2,100,0,Full
10:23:17,100,100,0,2,100,0,Full
10:23:17,100,100,0,2,100,0,Full
10:23:18,100,100,0,2,100,0,Full
10:23:18,100,100,0,2,100,0,Full
10:23:19,100,100,0,2,100,0,Full
10:23:19,100,100,0,2,100,0,Full
10:23:20,100,100,0,2,100,0,Full
10:23:20,100,100,0,2,100,0,Full
10:23:21,100,100,0,2,100,0,Full
10:23:21,100,100,0,2,100,0,Full
10:23:22,100,100,0,2,100,0,Full
10:23:22,100,100,0,2,100,0,Full
10:23:23,100,100,0,2,100,0,Full
10:23:23,100,100,0,2,100,0,Full
10:23:24,100,100,0,2,100,0,Full
10:23:24,100,100,0,2,100,0,Full
10:23:25,100,100,0,2,100,0,Full
10:23:25,100,100,0,2,100,0,Full
10:23:26,100,100,0,2,100,0,Full
10:23:26,100,100,0,2,100,0,Full
10:23:27,100,100,0,2,100,0,Full
10:23:27,100,100,0,2,100,0,Full
10:23:28,100,100,0,2,100,0,Full
10:23:28,100,100,0,2,100,0,Full
10:23:29,100,100,0,2,100,0,Full
10:23:29,100,100,0,2,100,0,Full
10:23:30,100,100,0,2,100,0,Full
10:23:30,100,100,0,2,100,0,Full
10:23:31,100,100,0,2,100,0,Full
10:23:31,100,100,0,2,100,0,Full
10:23:32,100,100,0,2,100,0,Full
10:23:32,100,100,0,2,100,0,Full
10:23:33,100,100,0,2,100,0,Full
10:23:33,100,100,0,2,100,0,Full
10:23:34,100,100,0,2,100,0,Full
10:23:34,100,100,0,2,100,0,Full
10:23:35,100,100,0,2,100,0,Full
10:23:35,100,100,0,2,100,0,Full
10:23:36,100,100,0,2,100,0,Full
10:23:36,100,100,0,2,100,0,Full
10:23:37,100,100,0,2,100,0,Full
10:23:37,100,100,0,2,100,0,Full
10:23:38,100,100,0,2,100,0,Full
10:23:38,100,100,0,2,100,0,Full
10:23:39,100,100,0,2,100,0,Full
10:23:39,100,100,0,2,100,0,Full
10:23:40,100,100,0,2,100,0,Full
10:23:40,100,100,0,2,100,0,Full
10:23:41,100,100,0,2,100,0,Full
10:23:41,100,100,0,2,100,0,Full
10:23:42,100,100,0,2,100,0,Full
10:23:42,100,100,0,2,100,0,Full
10:23:43,100,100,0,2,100,0,Full
10:23:43,100,100,0,2,100,0,Full
10:23:44,100,100,0,2,100,0,Full
10:23:44,100,100,0,2,100,0,Full
10:23:45,100,100,0,2,100,0,Full
10:23:45,100,100,0,2,100,0,Full
10:23:46,100,100,0,2,100,0,Full
10:23:46,100,100,0,2,100,0,Full
10:23:47,100,100,0,2,100,0,Full
10:23:47,100,100,0,2,100,0,Full
10:23:48,100,100,0,2,100,0,Full
10:23:48,100,100,0,2,100,0,Full
10:23:49,100,100,0,2,100,0,Full
10:23:49,100,100,0,2,100,0,Full
10:23:50,100,100,0,2,100,0,Full
10:23:50,100,100,0,2,100,0,Full
10:23:51,100,100,0,2,100,0,Full
10:23:51,100,100,0,2,100,0,Full
10:23:52,100,100,0,2,100,0,Full
10:23:52,100,100,0,2,100,0,Full
10:23:53,100,100,0,2,100,0,Full
10:23:53,100,100,0,2,100,0,Full
10:23:54,100,100,0,2,100,0,Full
10:23:54,100,100,0,2,100,0,Full
10:23:55,100,100,0,2,100,0,Full
10:23:55,100,100,0,2,100,0,Full
10:23:56,100,100,0,2,100,0,Full
10:23:56,100,100,0,2,100,0,Full
10:23:57,100,100,0,2,100,0,Full
10:23:57,100,100,0,2,100,0,Full
10:23:58,100,100,0,2,100,0,Full
10:23:58,100,100,0,2,100,0,Full
10:23:59,100,100,0,2,100,0,Full
10:23:59,100,100,0,2,100,0,Full
10:24:00,100,100,0,2,100,0,Full
10:24:00,100,100,0,2,100,0,Full
10:24:01,100,100,0,2,100,0,Full
10:24:01,100,100,0,2,100,0,Full
10:24:02,100,100,0,2,100,0,Full
10:24:02,100,100,0,2,100,0,Full
10:24:03,100,100,0,2,100,0,Full
10:24:03,100,100,0,2,100,0,Full
10:24:04,100,100,0,2,100,0,Full
10:24:04,100,100,0,2,100,0,Full
10:24:05,100,100,0,2,100,0,Full
10:24:05,100,100,0,2,100,0,Full
10:24:06,100,100,0,2,100,0,Full
10:24:06,100,100,0,2,100,0,Full
10:24:07,100,100,0,2,100,0,Full
10:24:07,100,100,0,2,100,0,Full
10:24:08,100,100,0,2,100,0,Full
10:24:08,100,100,0,2,100,0,Full
10:24:09,100,100,0,2,100,0,Full
10:24:09,100,100,0,2,100,0,Full
10:24:10,100,100,0,2,100,0,Full
10:24:10,100,100,0,2,100,0,Full
10:24:11,100,100,0,2,100,0,Full
10:24:11,100,100,0,2,100,0,Full
10:24:12,100,100,0,2,100,0,Full
10:24:12,100,100,0,2,100,0,Full
10:24:13,100,100,0,2,100,0,Full
10:24:13,100,100,0,2,100,0,Full
10:24:14,100,100,0,2,100,0,Full
10:24:14,100,100,0,2,100,0,Full
10:24:15,100,100,0,2,100,0,Full
10:24:15,100,100,0,2,100,0,Full
10:24:16,100,100,0,2,100,0,Full
10:24:16,100,100,0,2,100,0,Full
10:24:17,100,100,0,2,100,0,Full
10:24:17,100,100,0,2,100,0,Full
10:24:18,100,100,0,2,100,0,Full
10:24:18,100,100,0,2,100,0,Full
10:24:19,100,100,0,2,100,0,Full
10:24:19,100,100,0,2,100,0,Full
10:24:20,100,100,0,2,100,0,Full
10:24:20,100,100,0,2,100,0,Full
10:24:21,100,100,0,2,100,0,Full
10:24:21,100,100,0,2,100,0,Full
10:24:22,100,100,0,2,100,0,Full
10:24:22,100,100,0,2,100,0,Full
10:24:23,100,100,0,2,100,0,Full
10:24:23,100,100,0,2,100,0,Full
10:24:24,100,100,0,2,100,0,Full
10:24:24,100,100,0,2,100,0,Full
10:24:25,100,100,0,2,100,0,Full
10:24:25,100,100,0,2,100,0,Full
10:24:26,100,100,0,2,100,0,Full
10:24:26,100,100,0,2,100,0,Full
10:24:27,100,100,0,2,100,0,Full
10:24:27,100,100,0,2,100,0,Full
10:24:28,100,100,0,2,100,0,Full
10:24:28,100,100,0,2,100,0,Full
10:24:29,100,100,0,2,100,0,Full
10:24:29,100,100,0,2,100,0,Full
10:24:30,100,100,0,2,100,0,Full
10:24:30,100,100,0,2,100,0,Full
10:24:31,100,100,0,2,100,0,Full
10:24:31,100,100,0,2,100,0,Full
10:24:32,100,100,0,2,100,0,Full
10:24:32,100,100,0,2,100,0,Full
10:24:33,100,100,0,2,100,0,Full
10:24:33,100,100,0,2,100,0,Full
10:24:34,100,100,0,2,100,0,Full
10:24:34,100,100,0,2,100,0,Full
10:24:35,100,100,0,2,100,0,Full
10:24:35,100,100,0,2,100,0,Full
10:24:36,100,100,0,2,100,0,Full
10:24:36,100,100,0,2,100,0,Full
10:24:37,100,100,0,2,100,0,Full
10:24:37,100,100,0,2,100,0,Full
10:24:38,100,100,0,2,100,0,Full
10:24:38,100,100,0,2,100,0,Full
10:24:39,100,100,0,2,100,0,Full
10:24:39,100,100,0,2,100,0,Full
10:24:40,100,100,0,2,100,0,Full
10:24:40,100,100,0,2,100,0,Full
10:24:41,100,100,0,2,100,0,Full
10:24:41,100,100,0,2,100,0,Full
10:24:42,100,100,0,2,100,0,Full
10:24:42,100,100,0,2,100,0,Full
10:24:43,100,100,0,2,100,0,Full
10:24:43,100,100,0,2,100,0,Full
10:24:44,100,100,0,2,100,0,Full
10:24:44,100,100,0,2,100,0,Full
10:24:45,100,100,0,2,100,0,Full
10:24:45,100,100,0,2,100,0,Full
10:24:46,100,100,0,2,100,0,Full
10:24:46,100,100,0,2,100,0,Full
10:24:47,100,100,0,2,100,0,Full
10:24:47,100,100,0,2,100,0,Full
10:24:48,100,100,0,2,100,0,Full
10:24:48,100,100,0,2,100,0,Full
10:24:49,100,100,0,2,100,0,Full
10:24:49,100,100,0,2,100,0,Full
10:24:50,100,100,0,2,100,0,Full
10:24:50,100,100,0,2,100,0,Full
10:24:51,100,100,0,2,100,0,Full
10:24:51,100,100,0,2,100,0,Full
10:24:52,100,100,0,2,100,0,Full
10:24:52,100,100,0,2,100,0,Full
10:24:53,100,100,0,2,100,0,Full
10:24:53,100,100,0,2,100,0,Full
10:24:54,100,100,0,2,100,0,Full
10:24:54,100,100,0,2,100,0,Full
10:24:55,100,100,0,2,100,0,Full
10:24:55,100,100,0,2,100,0,Full
10:24:56,100,100,0,2,100,0,Full
10:24:56,100,100,0,2,100,0,Full
10:24:57,100,100,0,2,100,0,Full
10:24:57,100,100,0,2,100,0,Full
10:24:58,100,100,0,2,100,0,Full
10:24:58,100,100,0,2,100,0,Full
10:24:59,100,100,0,2,100,0,Full
10:24:59,100,100,0,2,100,0,Full
10:25:00,100,100,0,2,100,0,Full
10:25:00,100,100,0,2,100,0,Full
10:25:01,100,100,0,2,100,0,Full
10:25:01,100,100,0,2,100,0,Full
10:25:02,100,100,0,2,100,0,Full
10:25:02,100,100,0,2,100,0,Full
10:25:03,100,100,0,2,100,0,Full
10:25:03,100,100,0,2,100,0,Full
10:25:04,100,100,0,2,100,0,Full
10:25:04,100,100,0,2,100,0,Full
10:25:05,100,100,0,2,100,0,Full
10:25:05,100,100,0,2,100,0,Full
10:25:06,100,100,0,2,100,0,Full
10:25:06,100,100,0,2,100,0,Full
10:25:07,100,100,0,2,100,0,Full
10:25:07,100,100,0,2,100,0,Full
10:25:08,100,100,0,2,100,0,Full
10:25:08,100,100,0,2,100,0,Full
10:25:09,100,100,0,2,100,0,Full
10:25:09,100,100,0,2,100,0,Full
10:25:10,100,100,0,2,100,0,Full
10:25:10,100,100,0,2,100,0,Full
10:25:11,100,100,0,2,100,0,Full
10:25:11,100,100,0,2,100,0,Full
10:25:12,100,100,0,2,100,0,Full
10:25:12,100,100,0,2,100,0,Full
10:25:13,100,100,0,2,100,0,Full
10:25:13,100,100,0,2,100,0,Full
10:25:14,100,100,0,2,100,0,Full
10:25:14,100,100,0,2,100,0,Full
10:25:15,100,100,0,2,100,0,Full
10:25:15,100,100,0,2,100,0,Full
10:25:16,100,100,0,2,100,0,Full
10:25:16,100,100,0,2,100,0,Full
10:25:17,100,100,0,2,100,0,Full
10:25:17,100,100,0,2,100,0,Full
10:25:18,100,100,0,2,100,0,Full
10:25:18,100,100,0,2,100,0,Full
10:25:19,100,100,0,2,100,0,Full
10:25:19,100,100,0,2,100,0,Full
10:25:20,100,100,0,2,100,0,Full
10:25:20,100,100,0,2,100,0,Full
10:25:21,100,100,0,2,100,0,Full
10:25:21,100,100,0,2,100,0,Full
10:25:22,100,100,0,2,100,0,Full
10:25:22,100,100,0,2,100,0,Full
10:25:23,100,100,0,2,100,0,Full
10:25:23,100,100,0,2,100,0,Full
10:25:24,100,100,0,2,100,0,Full
10:25:24,100,100,0,2,100,0,Full
10:25:25,100,100,0,2,100,0,Full
10:25:25,100,100,0,2,100,0,Full
10:25:26,100,100,0,2,100,0,Full
10:25:26,100,100,0,2,100,0,Full
10:25:27,100,100,0,2,100,0,Full
10:25:27,100,100,0,2,100,0,Full
10:25:28,100,100,0,2,100,0,Full
10:25:28,100,100,0,2,100,0,Full
10:25:29,100,100,0,2,100,0,Full
10:25:29,100,100,0,2,100,0,Full
10:25:30,100,100,0,2,100,0,Full
10:25:30,100,100,0,2,100,0,Full
10:25:31,100,100,0,2,100,0,Full
10:25:31,100,100,0,2,100,0,Full
10:25:32,100,100,0,2,100,0,Full
10:25:32,100,100,0,2,100,0,Full
10:25:33,100,100,0,2,100,0,Full
10:25:33,100,100,0,2,100,0,Full
10:25:34,100,100,0,2,100,0,Full
10:25:34,100,100,0,2,100,0,Full
10:25:35,100,100,0,2,100,0,Full
10:25:35,100,100,0,2,100,0,Full
10:25:36,100,100,0,2,100,0,Full
10:25:36,100,100,0,2,100,0,Full
10:25:37,100,100,0,2,100,0,Full
10:25:37,100,100,0,2,100,0,Full
10:25:38,100,100,0,2,100,0,Full
10:25:38,100,100,0,2,100,0,Full
10:25:39,100,100,0,2,100,0,Full
10:25:39,100,100,0,2,100,0,Full
10:25:40,100,100,0,2,100,0,Full
10:25:40,100,100,0,2,100,0,Full
10:25:41,100,100,0,2,100,0,Full
10:25:41,100,100,0,2,100,0,Full
10:25:42,100,100,0,2,100,0,Full
10:25:42,100,100,0,2,100,0,Full
10:25:43,100,100,0,2,100,0,Full
10:25:43,100,100,0,2,100,0,Full
10:25:44,100,100,0,2,100,0,Full
10:25:44,100,100,0,2,100,0,Full
10:25:45,100,100,0,2,100,0,Full
10:25:45,100,100,0,2,100,0,Full
10:25:46,100,100,0,2,100,0,Full
10:25:46,100,100,0,2,100,0,Full
10:25:47,100,100,0,2,100,0,Full
10:25:47,100,100,0,2,100,0,Full
10:25:48,100,100,0,2,100,0,Full
10:25:48,100,100,0,2,100,0,Full
10:25:49,100,100,0,2,100,0,Full
10:25:49,100,100,0,2,100,0,Full
10:25:50,100,100,0,2,100,0,Full
10:25:50,100,100,0,2,100,0,Full
10:25:51,100,100,0,2,100,0,Full
10:25:51,100,100,0,2,100,0,Full
10:25:52,100,100,0,2,100,0,Full
10:25:52,100,100,0,2,100,0,Full
10:25:53,100,100,0,2,100,0,Full
10:25:53,100,100,0,2,100,0,Full
10:25:54,100,100,0,2,100,0,Full
10:25:54,100,100,0,2,100,0,Full
10:25:55,100,100,0,2,100,0,Full
10:25:55,100,100,0,2,100,0,Full
10:25:56,100,100,0,2,100,0,Full
10:25:56,100,100,0,2,100,0,Full
10:25:57,100,100,0,2,100,0,Full
10:25:57,100,100,0,2,100,0,Full
10:25:58,100,100,0,2,100,0,Full
10:25:58,100,100,0,2,100,0,Full
10:25:59,100,100,0,2,100,0,Full
10:25:59,100,100,0,2,100,0,Full
10:26:00,100,100,0,2,100,0,Full
10:26:01,100,100,0,2,100,0,Full
10:26:01,100,100,0,2,100,0,Full
10:26:02,100,100,0,2,100,0,Full
10:26:02,100,100,0,2,100,0,Full
10:26:03,100,100,0,2,100,0,Full
10:26:03,100,100,0,2,100,0,Full
10:26:04,100,100,0,2,100,0,Full
10:26:04,100,100,0,2,100,0,Full
10:26:05,100,100,0,2,100,0,Full
10:26:05,100,100,0,2,100,0,Full
10:26:06,100,100,0,2,100,0,Full
10:26:06,100,100,0,2,100,0,Full
10:26:07,100,100,0,2,100,0,Full
10:26:07,100,100,0,2,100,0,Full
10:26:08,100,100,0,2,100,0,Full
10:26:08,100,100,0,2,100,0,Full
10:26:09,100,100,0,2,100,0,Full
10:26:09,100,100,0,2,100,0,Full
10:26:10,100,100,0,2,100,0,Full
10:26:10,100,100,0,2,100,0,Full
10:26:11,100,100,0,2,100,0,Full
10:26:11,100,100,0,2,100,0,Full
10:26:12,100,100,0,2,100,0,Full
10:26:12,100,100,0,2,100,0,Full
10:26:13,100,100,0,2,100,0,Full
10:26:13,100,100,0,2,100,0,Full
10:26:14,100,100,0,2,100,0,Full
10:26:14,100,100,0,2,100,0,Full
10:26:15,100,100,0,2,100,0,Full
10:26:15,100,100,0,2,100,0,Full
10:26:16,100,100,0,2,100,0,Full
10:26:16,100,100,0,2,100,0,Full
10:26:17,100,100,0,2,100,0,Full
10:26:17,100,100,0,2,100,0,Full
10:26:18,100,100,0,2,100,0,Full
10:26:18,100,100,0,2,100,0,Full
10:26:19,100,100,0,2,100,0,Full
10:26:19,100,100,0,2,100,0,Full
10:26:20,100,100,0,2,100,0,Full
10:26:20,100,100,0,2,100,0,Full
10:26:21,100,100,0,2,100,0,Full
10:26:21,100,100,0,2,100,0,Full
10:26:22,100,100,0,2,100,0,Full
10:26:22,100,100,0,2,100,0,Full
10:26:23,100,100,0,2,100,0,Full
10:26:23,100,100,0,2,100,0,Full
10:26:24,100,100,0,2,100,0,Full
10:26:24,100,100,0,2,100,0,Full
10:26:25,100,100,0,2,100,0,Full
10:26:25,100,100,0,2,100,0,Full
10:26:26,100,100,0,2,100,0,Full
10:26:26,100,100,0,2,100,0,Full
10:26:27,100,100,0,2,100,0,Full
10:26:27,100,100,0,2,100,0,Full
10:26:28,100,100,0,2,100,0,Full
10:26:28,100,100,0,2,100,0,Full
10:26:29,100,100,0,2,100,0,Full
10:26:29,100,100,0,2,100,0,Full
10:26:30,100,100,0,2,100,0,Full
10:26:30,100,100,0,2,100,0,Full
10:26:31,100,100,0,2,100,0,Full
10:26:31,100,100,0,2,100,0,Full
10:26:32,100,100,0,2,100,0,Full
10:26:32,100,100,0,2,100,0,Full
10:26:33,100,100,0,2,100,0,Full
10:26:33,100,100,0,2,100,0,Full
10:26:34,100,100,0,2,100,0,Full
10:26:34,100,100,0,2,100,0,Full
10:26:35,100,100,0,2,100,0,Full
10:26:35,100,100,0,2,100,0,Full
10:26:36,100,100,0,2,100,0,Full
10:26:36,100,100,0,2,100,0,Full
10:26:37,100,100,0,2,100,0,Full
10:26:37,100,100,0,2,100,0,Full
10:26:38,100,100,0,2,100,0,Full
10:26:38,100,100,0,2,100,0,Full
10:26:39,100,100,0,2,100,0,Full
10:26:39,100,100,0,2,100,0,Full
10:26:40,100,100,0,2,100,0,Full
10:26:40,100,100,0,2,100,0,Full
10:26:41,100,100,0,2,100,0,Full
10:26:41,100,100,0,2,100,0,Full
10:26:42,100,100,0,2,100,0,Full
10:26:42,100,100,0,2,100,0,Full
10:26:43,100,100,0,2,100,0,Full
10:26:43,100,100,0,2,100,0,Full
10:26:44,100,100,0,2,100,0,Full
10:26:44,100,100,0,2,100,0,Full
10:26:45,100,100,0,2,100,0,Full
10:26:45,100,100,0,2,100,0,Full
10:26:46,100,100,0,2,100,0,Full
10:26:46,100,100,0,2,100,0,Full
10:26:47,100,100,0,2,100,0,Full
10:26:47,100,100,0,2,100,0,Full
10:26:48,100,100,0,2,100,0,Full
10:26:48,100,100,0,2,100,0,Full
10:26:49,100,100,0,2,100,0,Full
10:26:49,100,100,0,2,100,0,Full
10:26:50,100,100,0,2,100,0,Full
10:26:50,100,100,0,2,100,0,Full
10:26:51,100,100,0,2,100,0,Full
10:26:51,100,100,0,2,100,0,Full
10:26:52,100,100,0,2,100,0,Full
10:26:52,100,100,0,2,100,0,Full
10:26:53,100,100,0,2,100,0,Full
10:26:53,100,100,0,2,100,0,Full
10:26:54,100,100,0,2,100,0,Full
10:26:54,100,100,0,2,100,0,Full
10:26:55,100,100,0,2,100,0,Full
10:26:55,100,100,0,2,100,0,Full
10:26:56,100,100,0,2,100,0,Full
10:26:56,100,100,0,2,100,0,Full
10:26:57,100,100,0,2,100,0,Full
10:26:57,100,100,0,2,100,0,Full
10:26:58,100,100,0,2,100,0,Full
10:26:58,100,100,0,2,100,0,Full
10:26:59,100,100,0,2,100,0,Full
10:26:59,100,100,0,2,100,0,Full
10:27:00,100,100,0,2,100,0,Full
10:27:00,100,100,0,2,100,0,Full
10:27:01,100,100,0,2,100,0,Full
10:27:01,100,100,0,2,100,0,Full
10:27:02,100,100,0,2,100,0,Full
10:27:02,100,100,0,2,100,0,Full
10:27:03,100,100,0,2,100,0,Full
10:27:03,100,100,0,2,100,0,Full
10:27:04,100,100,0,2,100,0,Full
10:27:04,100,100,0,2,100,0,Full
10:27:05,100,100,0,2,100,0,Full
10:27:05,100,100,0,2,100,0,Full
10:27:06,100,100,0,2,100,0,Full
10:27:06,100,100,0,2,100,0,Full
10:27:07,100,100,0,2,100,0,Full
10:27:07,100,100,0,2,100,0,Full
10:27:08,100,100,0,2,100,0,Full
10:27:08,100,100,0,2,100,0,Full
10:27:09,100,100,0,2,100,0,Full
10:27:09,100,100,0,2,100,0,Full
10:27:10,100,100,0,2,100,0,Full
10:27:10,100,100,0,2,100,0,Full
10:27:11,100,100,0,2,100,0,Full
10:27:11,100,100,0,2,100,0,Full
10:27:12,100,100,0,2,100,0,Full
10:27:12,100,100,0,2,100,0,Full
10:27:13,100,100,0,2,100,0,Full
10:27:13,100,100,0,2,100,0,Full
10:27:14,100,100,0,2,100,0,Full
10:27:14,100,100,0,2,100,0,Full
10:27:15,100,100,0,2,100,0,Full
10:27:15,100,100,0,2,100,0,Full
10:27:16,100,100,0,2,100,0,Full
10:27:16,100,100,0,2,100,0,Full
10:27:17,100,100,0,2,100,0,Full
10:27:17,100,100,0,2,100,0,Full
10:27:18,100,100,0,2,100,0,Full
10:27:18,100,100,0,2,100,0,Full
10:27:19,100,100,0,2,100,0,Full
10:27:19,100,100,0,2,100,0,Full
10:27:20,100,100,0,2,100,0,Full
10:27:20,100,100,0,2,100,0,Full
10:27:21,100,100,0,2,100,0,Full
10:27:21,100,100,0,2,100,0,Full
10:27:22,100,100,0,2,100,0,Full
10:27:22,100,100,0,2,100,0,Full
10:27:23,100,100,0,2,100,0,Full
10:27:23,100,100,0,2,100,0,Full
10:27:24,100,100,0,2,100,0,Full
10:27:24,100,100,0,2,100,0,Full
10:27:25,100,100,0,2,100,0,Full
10:27:25,100,100,0,2,100,0,Full
10:27:26,100,100,0,2,100,0,Full
10:27:26,100,100,0,2,100,0,Full
10:27:27,100,100,0,2,100,0,Full
10:27:27,100,100,0,2,100,0,Full
10:27:28,100,100,0,2,100,0,Full
10:27:28,100,100,0,2,100,0,Full
10:27:29,100,100,0,2,100,0,Full
10:27:29,100,100,0,2,100,0,Full
10:27:30,100,100,0,2,100,0,Full
10:27:30,100,100,0,2,100,0,Full
10:27:31,100,100,0,2,100,0,Full
10:27:31,100,100,0,2,100,0,Full
10:27:32,100,100,0,2,100,0,Full
10:27:32,100,100,0,2,100,0,Full
10:27:33,100,100,0,2,100,0,Full
10:27:33,100,100,0,2,100,0,Full
10:27:34,100,100,0,2,100,0,Full
10:27:34,100,100,0,2,100,0,Full
10:27:35,100,100,0,2,100,0,Full
10:27:35,100,100,0,2,100,0,Full
10:27:36,100,100,0,2,100,0,Full
10:27:36,100,100,0,2,100,0,Full
10:27:37,100,100,0,2,100,0,Full
10:27:37,100,100,0,2,100,0,Full
10:27:38,100,100,0,2,100,0,Full
10:27:38,100,100,0,2,100,0,Full
10:27:39,100,100,0,2,100,0,Full
10:27:39,100,100,0,2,100,0,Full
10:27:40,100,100,0,2,100,0,Full
10:27:40,100,100,0,2,100,0,Full
10:27:41,100,100,0,2,100,0,Full
10:27:41,100,100,0,2,100,0,Full
10:27:42,100,100,0,2,100,0,Full
10:27:42,100,100,0,2,100,0,Full
10:27:43,100,100,0,2,100,0,Full
10:27:43,100,100,0,2,100,0,Full
10:27:44,100,100,0,2,100,0,Full
10:27:44,100,100,0,2,100,0,Full
10:27:45,100,100,0,2,100,0,Full
10:27:45,100,100,0,2,100,0,Full
10:27:46,100,100,0,2,100,0,Full
10:27:46,100,100,0,2,100,0,Full
10:27:47,100,100,0,2,100,0,Full
10:27:47,100,100,0,2,100,0,Full
10:27:48,100,100,0,2,100,0,Full
10:27:48,100,100,0,2,100,0,Full
10:27:49,100,100,0,2,100,0,Full
10:27:49,100,100,0,2,100,0,Full
10:27:50,100,100,0,2,100,0,Full
10:27:50,100,100,0,2,100,0,Full
10:27:51,100,100,0,2,100,0,Full
10:27:51,100,100,0,2,100,0,Full
10:27:52,100,100,0,2,100,0,Full
10:27:52,100,100,0,2,100,0,Full
10:27:53,100,100,0,2,100,0,Full
10:27:53,100,100,0,2,100,0,Full
10:27:54,100,100,0,2,100,0,Full
10:27:54,100,100,0,2,100,0,Full
10:27:55,100,100,0,2,100,0,Full
10:27:55,100,100,0,2,100,0,Full
10:27:56,100,100,0,2,100,0,Full
10:27:56,100,100,0,2,100,0,Full
10:27:57,100,100,0,2,100,0,Full
10:27:57,100,100,0,2,100,0,Full
10:27:58,100,100,0,2,100,0,Full
10:27:58,100,100,0,2,100,0,Full
10:27:59,100,100,0,2,100,0,Full
10:27:59,100,100,0,2,100,0,Full
10:28:00,100,100,0,2,100,0,Full
10:28:00,100,100,0,2,100,0,Full
10:28:01,100,100,0,2,100,0,Full
10:28:01,100,100,0,2,100,0,Full
10:28:02,100,100,0,2,100,0,Full
10:28:02,100,100,0,2,100,0,Full
10:28:03,100,100,0,2,100,0,Full
10:28:03,100,100,0,2,100,0,Full
10:28:04,100,100,0,2,100,0,Full
10:28:04,100,100,0,2,100,0,Full
10:28:05,100,100,0,2,100,0,Full
10:28:05,100,100,0,2,100,0,Full
10:28:06,100,100,0,2,100,0,Full
10:28:06,100,100,0,2,100,0,Full
10:28:07,100,100,0,2,100,0,Full
10:28:07,100,100,0,2,100,0,Full
10:28:08,100,100,0,2,100,0,Full
10:28:08,100,100,0,2,100,0,Full
10:28:09,100,100,0,2,100,0,Full
10:28:09,100,100,0,2,100,0,Full
10:28:10,100,100,0,2,100,0,Full
10:28:10,100,100,0,2,100,0,Full
10:28:11,100,100,0,2,100,0,Full
10:28:11,100,100,0,2,100,0,Full
10:28:12,100,100,0,2,100,0,Full
10:28:12,100,100,0,2,100,0,Full
10:28:13,100,100,0,2,100,0,Full
10:28:13,100,100,0,2,100,0,Full
10:28:14,100,100,0,2,100,0,Full
10:28:14,100,100,0,2,100,0,Full
10:28:15,100,100,0,2,100,0,Full
10:28:15,100,100,0,2,100,0,Full
10:28:16,100,100,0,2,100,0,Full
10:28:16,100,100,0,2,100,0,Full
10:28:17,100,100,0,2,100,0,Full
10:28:17,100,100,0,2,100,0,Full
10:28:18,100,100,0,2,100,0,Full
10:28:18,100,100,0,2,100,0,Full
10:28:19,100,100,0,2,100,0,Full
10:28:19,100,100,0,2,100,0,Full
10:28:20,100,100,0,2,100,0,Full
10:28:20,100,100,0,2,100,0,Full
10:28:21,100,100,0,2,100,0,Full
10:28:21,100,100,0,2,100,0,Full
10:28:22,100,100,0,2,100,0,Full
10:28:22,100,100,0,2,100,0,Full
10:28:23,100,100,0,2,100,0,Full
10:28:23,100,100,0,2,100,0,Full
10:28:24,100,100,0,2,100,0,Full
10:28:24,100,100,0,2,100,0,Full
10:28:25,100,100,0,2,100,0,Full
10:28:25,100,100,0,2,100,0,Full
10:28:26,100,100,0,2,100,0,Full
10:28:26,100,100,0,2,100,0,Full
10:28:27,100,100,0,2,100,0,Full
10:28:27,100,100,0,2,100,0,Full
10:28:28,100,100,0,2,100,0,Full
10:28:28,100,100,0,2,100,0,Full
10:28:29,100,100,0,2,100,0,Full
10:28:29,100,100,0,2,100,0,Full
10:28:30,100,100,0,2,100,0,Full
10:28:30,100,100,0,2,100,0,Full
10:28:31,100,100,0,2,100,0,Full
10:28:31,100,100,0,2,100,0,Full
10:28:32,100,100,0,2,100,0,Full
10:28:32,100,100,0,2,100,0,Full
10:28:33,100,100,0,2,100,0,Full
10:28:33,100,100,0,2,100,0,Full
10:28:34,100,100,0,2,100,0,Full
10:28:34,100,100,0,2,100,0,Full
10:28:35,100,100,0,2,100,0,Full
10:28:35,100,100,0,2,100,0,Full
10:28:36,100,100,0,2,100,0,Full
10:28:36,100,100,0,2,100,0,Full
10:28:37,100,100,0,2,100,0,Full
10:28:37,100,100,0,2,100,0,Full
10:28:38,100,100,0,2,100,0,Full
10:28:38,100,100,0,2,100,0,Full
10:28:39,100,100,0,2,100,0,Full
10:28:39,100,100,0,2,100,0,Full
10:28:40,100,100,0,2,100,0,Full
10:28:40,100,100,0,2,100,0,Full
10:28:41,100,100,0,2,100,0,Full
10:28:41,100,100,0,2,100,0,Full
10:28:42,100,100,0,2,100,0,Full
10:28:42,100,100,0,2,100,0,Full
10:28:43,100,100,0,2,100,0,Full
10:28:43,100,100,0,2,100,0,Full
10:28:44,100,100,0,2,100,0,Full
10:28:44,100,100,0,2,100,0,Full
10:28:45,100,100,0,2,100,0,Full
10:28:45,100,100,0,2,100,0,Full
10:28:46,100,100,0,2,100,0,Full
10:28:46,100,100,0,2,100,0,Full
10:28:47,100,100,0,2,100,0,Full
10:28:47,100,100,0,2,100,0,Full
10:28:48,100,100,0,2,100,0,Full
10:28:48,100,100,0,2,100,0,Full
10:28:49,100,100,0,2,100,0,Full
10:28:49,100,100,0,2,100,0,Full
10:28:50,100,100,0,2,100,0,Full
10:28:50,100,100,0,2,100,0,Full
10:28:51,100,100,0,2,100,0,Full
10:28:51,100,100,0,2,100,0,Full
10:28:52,100,100,0,2,100,0,Full
10:28:52,100,100,0,2,100,0,Full
10:28:53,100,100,0,2,100,0,Full
10:28:53,100,100,0,2,100,0,Full
10:28:54,100,100,0,2,100,0,Full
10:28:54,100,100,0,2,100,0,Full
10:28:55,100,100,0,2,100,0,Full
10:28:55,100,100,0,2,100,0,Full
10:28:56,100,100,0,2,100,0,Full
10:28:56,100,100,0,2,100,0,Full
10:28:57,100,100,0,2,100,0,Full
10:28:57,100,100,0,2,100,0,Full
10:28:58,100,100,0,2,100,0,Full
10:28:58,100,100,0,2,100,0,Full
10:28:59,100,100,0,2,100,0,Full
10:28:59,100,100,0,2,100,0,Full
10:29:00,100,100,0,2,100,0,Full
10:29:00,100,100,0,2,100,0,Full
10:29:01,100,100,0,2,100,0,Full
10:29:01,100,100,0,2,100,0,Full
10:29:02,100,100,0,2,100,0,Full
10:29:02,100,100,0,2,100,0,Full
10:29:03,100,100,0,2,100,0,Full
10:29:03,100,100,0,2,100,0,Full
10:29:04,100,100,0,2,100,0,Full
10:29:04,100,100,0,2,100,0,Full
10:29:05,100,100,0,2,100,0,Full
10:29:05,100,100,0,2,100,0,Full
10:29:06,100,100,0,2,100,0,Full
10:29:06,100,100,0,2,100,0,Full
10:29:07,100,100,0,2,100,0,Full
10:29:07,100,100,0,2,100,0,Full
10:29:08,100,100,0,2,100,0,Full
10:29:08,100,100,0,2,100,0,Full
10:29:09,100,100,0,2,100,0,Full
10:29:09,100,100,0,2,100,0,Full
10:29:10,100,100,0,2,100,0,Full
10:29:10,100,100,0,2,100,0,Full
10:29:11,100,100,0,2,100,0,Full
10:29:11,100,100,0,2,100,0,Full
10:29:12,100,100,0,2,100,0,Full
10:29:12,100,100,0,2,100,0,Full
10:29:13,100,100,0,2,100,0,Full
10:29:13,100,100,0,2,100,0,Full
10:29:14,100,100,0,2,100,0,Full
10:29:14,100,100,0,2,100,0,Full
10:29:15,100,100,0,2,100,0,Full
10:29:15,100,100,0,2,100,0,Full
10:29:16,100,100,0,2,100,0,Full
10:29:16,100,100,0,2,100,0,Full
10:29:17,100,100,0,2,100,0,Full
10:29:17,100,100,0,2,100,0,Full
10:29:18,100,100,0,2,100,0,Full
10:29:18,100,100,0,2,100,0,Full
10:29:19,100,100,0,2,100,0,Full
10:29:19,100,100,0,2,100,0,Full
10:29:20,100,100,0,2,100,0,Full
10:29:20,100,100,0,2,100,0,Full
10:29:21,100,100,0,2,100,0,Full
10:29:21,100,100,0,2,100,0,Full
10:29:22,100,100,0,2,100,0,Full
10:29:22,100,100,0,2,100,0,Full
10:29:23,100,100,0,2,100,0,Full
10:29:23,100,100,0,2,100,0,Full
10:29:24,100,100,0,2,100,0,Full
10:29:24,100,100,0,2,100,0,Full
10:29:25,100,100,0,2,100,0,Full
10:29:25,100,100,0,2,100,0,Full
10:29:26,100,100,0,2,100,0,Full
10:29:26,100,100,0,2,100,0,Full
10:29:27,100,100,0,2,100,0,Full
10:29:27,100,100,0,2,100,0,Full
10:29:28,100,100,0,2,100,0,Full
10:29:28,100,100,0,2,100,0,Full
10:29:29,100,100,0,2,100,0,Full
10:29:29,100,100,0,2,100,0,Full
10:29:30,100,100,0,2,100,0,Full
10:29:30,100,100,0,2,100,0,Full
10:29:31,100,100,0,2,100,0,Full
10:29:31,100,100,0,2,100,0,Full
10:29:32,100,100,0,2,100,0,Full
10:29:32,100,100,0,2,100,0,Full
10:29:33,100,100,0,2,100,0,Full
10:29:33,100,100,0,2,100,0,Full
10:29:34,100,100,0,2,100,0,Full
10:29:34,100,100,0,2,100,0,Full
10:29:35,100,100,0,2,100,0,Full
10:29:35,100,100,0,2,100,0,Full
10:29:36,100,100,0,2,100,0,Full
10:29:36,100,100,0,2,100,0,Full
10:29:37,100,100,0,2,100,0,Full
10:29:37,100,100,0,2,100,0,Full
10:29:38,100,100,0,2,100,0,Full
10:29:38,100,100,0,2,100,0,Full
10:29:39,100,100,0,2,100,0,Full
10:29:39,100,100,0,2,100,0,Full
10:29:40,100,100,0,2,100,0,Full
10:29:40,100,100,0,2,100,0,Full
10:29:41,100,100,0,2,100,0,Full
10:29:41,100,100,0,2,100,0,Full
10:29:42,100,100,0,2,100,0,Full
10:29:42,100,100,0,2,100,0,Full
10:29:43,100,100,0,2,100,0,Full
10:29:43,100,100,0,2,100,0,Full
10:29:44,100,100,0,2,100,0,Full
10:29:44,100,100,0,2,100,0,Full
10:29:45,100,100,0,2,100,0,Full
10:29:45,100,100,0,2,100,0,Full
10:29:46,100,100,0,2,100,0,Full
10:29:46,100,100,0,2,100,0,Full
10:29:47,100,100,0,2,100,0,Full
10:29:47,100,100,0,2,100,0,Full
10:29:48,100,100,0,2,100,0,Full
10:29:48,100,100,0,2,100,0,Full
10:29:49,100,100,0,2,100,0,Full
10:29:49,100,100,0,2,100,0,Full
10:29:50,100,100,0,2,100,0,Full
10:29:50,100,100,0,2,100,0,Full
10:29:51,100,100,0,2,100,0,Full
10:29:51,100,100,0,2,100,0,Full
10:29:52,100,100,0,2,100,0,Full
10:29:52,100,100,0,2,100,0,Full
10:29:53,100,100,0,2,100,0,Full
10:29:53,100,100,0,2,100,0,Full
10:29:54,100,100,0,2,100,0,Full
10:29:54,100,100,0,2,100,0,Full
10:29:55,100,100,0,2,100,0,Full
10:29:55,100,100,0,2,100,0,Full
10:29:56,100,100,0,2,100,0,Full
10:29:56,100,100,0,2,100,0,Full
10:29:57,100,100,0,2,100,0,Full
10:29:57,100,100,0,2,100,0,Full
10:29:58,100,100,0,2,100,0,Full
10:29:58,100,100,0,2,100,0,Full
10:29:59,100,100,0,2,100,0,Full
10:29:59,100,100,0,2,100,0,Full
10:30:00,100,100,0,2,100,0,Full
10:30:00,100,100,0,2,100,0,Full
10:30:01,100,100,0,2,100,0,Full
10:30:01,100,100,0,2,100,0,Full
10:30:02,100,100,0,2,100,0,Full
10:30:02,100,100,0,2,100,0,Full
10:30:03,100,100,0,2,100,0,Full
10:30:03,100,100,0,2,100,0,Full
10:30:04,100,100,0,2,100,0,Full
10:30:04,100,100,0,2,100,0,Full
10:30:05,100,100,0,2,100,0,Full
10:30:05,100,100,0,2,100,0,Full
10:30:06,100,100,0,2,100,0,Full
10:30:06,100,100,0,2,100,0,Full
10:30:07,100,100,0,2,100,0,Full
10:30:07,100,100,0,2,100,0,Full
10:30:08,100,100,0,2,100,0,Full
10:30:08,100,100,0,2,100,0,Full
10:30:09,100,100,0,2,100,0,Full
10:30:09,100,100,0,2,100,0,Full
10:30:10,100,100,0,2,100,0,Full
10:30:10,100,100,0,2,100,0,Full
10:30:11,100,100,0,2,100,0,Full
10:30:11,100,100,0,2,100,0,Full
10:30:12,100,100,0,2,100,0,Full
10:30:12,100,100,0,2,100,0,Full
10:30:13,100,100,0,2,100,0,Full
10:30:13,100,100,0,2,100,0,Full
10:30:14,100,100,0,2,100,0,Full
10:30:14,100,100,0,2,100,0,Full
10:30:15,100,100,0,2,100,0,Full
10:30:15,100,100,0,2,100,0,Full
10:30:16,100,100,0,2,100,0,Full
10:30:16,100,100,0,2,100,0,Full
10:30:17,100,100,0,2,100,0,Full
10:30:17,100,100,0,2,100,0,Full
10:30:18,100,100,0,2,100,0,Full
10:30:18,100,100,0,2,100,0,Full
10:30:19,100,100,0,2,100,0,Full
10:30:19,100,100,0,2,100,0,Full
10:30:20,100,100,0,2,100,0,Full
10:30:20,100,100,0,2,100,0,Full
10:30:21,100,100,0,2,100,0,Full
10:30:21,100,100,0,2,100,0,Full
10:30:22,100,100,0,2,100,0,Full
10:30:22,100,100,0,2,100,0,Full
10:30:23,100,100,0,2,100,0,Full
10:30:23,100,100,0,2,100,0,Full
10:30:24,100,100,0,2,100,0,Full
10:30:24,100,100,0,2,100,0,Full
10:30:25,100,100,0,2,100,0,Full
10:30:25,100,100,0,2,100,0,Full
10:30:26,100,100,0,2,100,0,Full
10:30:26,100,100,0,2,100,0,Full
10:30:27,100,100,0,2,100,0,Full
10:30:27,100,100,0,2,100,0,Full
10:30:28,100,100,0,2,100,0,Full
10:30:28,100,100,0,2,100,0,Full
10:30:29,100,100,0,2,100,0,Full
10:30:29,100,100,0,2,100,0,Full
10:30:30,100,100,0,2,100,0,Full
10:30:30,100,100,0,2,100,0,Full
10:30:31,100,100,0,2,100,0,Full
10:30:31,100,100,0,2,100,0,Full
10:30:32,100,100,0,2,100,0,Full
10:30:32,100,100,0,2,100,0,Full
10:30:33,100,100,0,2,100,0,Full
10:30:33,100,100,0,2,100,0,Full
10:30:34,100,100,0,2,100,0,Full
10:30:34,100,100,0,2,100,0,Full
10:30:35,100,100,0,2,100,0,Full
10:30:35,100,100,0,2,100,0,Full
10:30:36,100,100,0,2,100,0,Full
10:30:36,100,100,0,2,100,0,Full
10:30:37,100,100,0,2,100,0,Full
10:30:37,100,100,0,2,100,0,Full
10:30:38,100,100,0,2,100,0,Full
10:30:38,100,100,0,2,100,0,Full
10:30:39,100,100,0,2,100,0,Full
10:30:39,100,100,0,2,100,0,Full
10:30:40,100,100,0,2,100,0,Full
10:30:40,100,100,0,2,100,0,Full
10:30:41,100,100,0,2,100,0,Full
10:30:41,100,100,0,2,100,0,Full
10:30:42,100,100,0,2,100,0,Full
10:30:42,100,100,0,2,100,0,Full
10:30:43,100,100,0,2,100,0,Full
10:30:43,100,100,0,2,100,0,Full
10:30:44,100,100,0,2,100,0,Full
10:30:44,100,100,0,2,100,0,Full
10:30:45,100,100,0,2,100,0,Full
10:30:45,100,100,0,2,100,0,Full
10:30:46,100,100,0,2,100,0,Full
10:30:46,100,100,0,2,100,0,Full
10:30:47,100,100,0,2,100,0,Full
10:30:47,100,100,0,2,100,0,Full
10:30:48,100,100,0,2,100,0,Full
10:30:48,100,100,0,2,100,0,Full
10:30:49,100,100,0,2,100,0,Full
10:30:49,100,100,0,2,100,0,Full
10:30:50,100,100,0,2,100,0,Full
10:30:50,100,100,0,2,100,0,Full
10:30:51,100,100,0,2,100,0,Full
10:30:51,100,100,0,2,100,0,Full
10:30:52,100,100,0,2,100,0,Full
10:30:52,100,100,0,2,100,0,Full
10:30:53,100,100,0,2,100,0,Full
10:30:53,100,100,0,2,100,0,Full
10:30:54,100,100,0,2,100,0,Full
10:30:54,100,100,0,2,100,0,Full
10:30:55,100,100,0,2,100,0,Full
10:30:55,100,100,0,2,100,0,Full
10:30:56,100,100,0,2,100,0,Full
10:30:56,100,100,0,2,100,0,Full
10:30:57,100,100,0,2,100,0,Full
10:30:57,100,100,0,2,100,0,Full
10:30:58,100,100,0,2,100,0,Full
10:30:58,100,100,0,2,100,0,Full
10:30:59,100,100,0,2,100,0,Full
10:30:59,100,100,0,2,100,0,Full
10:31:00,100,100,0,2,100,0,Full
10:31:00,100,100,0,2,100,0,Full
10:31:01,100,100,0,2,100,0,Full
10:31:01,100,100,0,2,100,0,Full
10:31:02,100,100,0,2,100,0,Full
10:31:02,100,100,0,2,100,0,Full
10:31:03,100,100,0,2,100,0,Full
10:31:03,100,100,0,2,100,0,Full
10:31:04,100,100,0,2,100,0,Full
10:31:04,100,100,0,2,100,0,Full
10:31:05,100,100,0,2,100,0,Full
10:31:05,100,100,0,2,100,0,Full
10:31:06,100,100,0,2,100,0,Full
10:31:06,100,100,0,2,100,0,Full
10:31:07,100,100,0,2,100,0,Full
10:31:07,100,100,0,2,100,0,Full
10:31:08,100,100,0,2,100,0,Full
10:31:08,100,100,0,2,100,0,Full
10:31:09,100,100,0,2,100,0,Full
10:31:09,100,100,0,2,100,0,Full
10:31:10,100,100,0,2,100,0,Full
10:31:10,100,100,0,2,100,0,Full
10:31:11,100,100,0,2,100,0,Full
10:31:11,100,100,0,2,100,0,Full
10:31:12,100,100,0,2,100,0,Full
10:31:12,100,100,0,2,100,0,Full
10:31:13,100,100,0,2,100,0,Full
10:31:13,100,100,0,2,100,0,Full
10:31:14,100,100,0,2,100,0,Full
10:31:14,100,100,0,2,100,0,Full
10:31:15,100,100,0,2,100,0,Full
10:31:15,100,100,0,2,100,0,Full
10:31:16,100,100,0,2,100,0,Full
10:31:16,100,100,0,2,100,0,Full
10:31:17,100,100,0,2,100,0,Full
10:31:17,100,100,0,2,100,0,Full
10:31:18,100,100,0,2,100,0,Full
10:31:18,100,100,0,2,100,0,Full
10:31:19,100,100,0,2,100,0,Full
10:31:19,100,100,0,2,100,0,Full
10:31:20,100,100,0,2,100,0,Full
10:31:20,100,100,0,2,100,0,Full
10:31:21,100,100,0,2,100,0,Full
10:31:21,100,100,0,2,100,0,Full
10:31:22,100,100,0,2,100,0,Full
10:31:22,100,100,0,2,100,0,Full
10:31:23,100,100,0,2,100,0,Full
10:31:23,100,100,0,2,100,0,Full
10:31:24,100,100,0,2,100,0,Full
10:31:24,100,100,0,2,100,0,Full
10:31:25,100,100,0,2,100,0,Full
10:31:25,100,100,0,2,100,0,Full
10:31:26,100,100,0,2,100,0,Full
10:31:26,100,100,0,2,100,0,Full
10:31:27,100,100,0,2,100,0,Full
10:31:27,100,100,0,2,100,0,Full
10:31:28,100,100,0,2,100,0,Full
10:31:28,100,100,0,2,100,0,Full
10:31:29,100,100,0,2,100,0,Full
10:31:29,100,100,0,2,100,0,Full
10:31:30,100,100,0,2,100,0,Full
10:31:30,100,100,0,2,100,0,Full
10:31:31,100,100,0,2,100,0,Full
10:31:31,100,100,0,2,100,0,Full
10:31:32,100,100,0,2,100,0,Full
10:31:32,100,100,0,2,100,0,Full
10:31:33,100,100,0,2,100,0,Full
10:31:33,100,100,0,2,100,0,Full
10:31:34,100,100,0,2,100,0,Full
10:31:34,100,100,0,2,100,0,Full
10:31:35,100,100,0,2,100,0,Full
10:31:35,100,100,0,2,100,0,Full
10:31:36,100,100,0,2,100,0,Full
10:31:36,100,100,0,2,100,0,Full
10:31:37,100,100,0,2,100,0,Full
10:31:37,100,100,0,2,100,0,Full
10:31:38,100,100,0,2,100,0,Full
10:31:38,100,100,0,2,100,0,Full
10:31:39,100,100,0,2,100,0,Full
10:31:39,100,100,0,2,100,0,Full
10:31:40,100,100,0,2,100,0,Full
10:31:40,100,100,0,2,100,0,Full
10:31:41,100,100,0,2,100,0,Full
10:31:41,100,100,0,2,100,0,Full
10:31:42,100,100,0,2,100,0,Full
10:31:42,100,100,0,2,100,0,Full
10:31:43,100,100,0,2,100,0,Full
10:31:43,100,100,0,2,100,0,Full
10:31:44,100,100,0,2,100,0,Full
10:31:44,100,100,0,2,100,0,Full
10:31:45,100,100,0,2,100,0,Full
10:31:45,100,100,0,2,100,0,Full
10:31:46,100,100,0,2,100,0,Full
10:31:46,100,100,0,2,100,0,Full
10:31:47,100,100,0,2,100,0,Full
10:31:47,100,100,0,2,100,0,Full
10:31:48,100,100,0,2,100,0,Full
10:31:48,100,100,0,2,100,0,Full
10:31:49,100,100,0,2,100,0,Full
10:31:49,100,100,0,2,100,0,Full
10:31:50,100,100,0,2,100,0,Full
10:31:50,100,100,0,2,100,0,Full
10:31:51,100,100,0,2,100,0,Full
10:31:51,100,100,0,2,100,0,Full
10:31:52,100,100,0,2,100,0,Full
10:31:52,100,100,0,2,100,0,Full
10:31:53,100,100,0,2,100,0,Full
10:31:53,100,100,0,2,100,0,Full
10:31:54,100,100,0,2,100,0,Full
10:31:54,100,100,0,2,100,0,Full
10:31:55,100,100,0,2,100,0,Full
10:31:55,100,100,0,2,100,0,Full
10:31:56,100,100,0,2,100,0,Full
10:31:56,100,100,0,2,100,0,Full
10:31:57,100,100,0,2,100,0,Full
10:31:57,100,100,0,2,100,0,Full
10:31:58,100,100,0,2,100,0,Full
10:31:58,100,100,0,2,100,0,Full
10:31:59,100,100,0,2,100,0,Full
10:31:59,100,100,0,2,100,0,Full
10:32:00,100,100,0,2,100,0,Full
10:32:00,100,100,0,2,100,0,Full
10:32:01,100,100,0,2,100,0,Full
10:32:01,100,100,0,2,100,0,Full
10:32:02,100,100,0,2,100,0,Full
10:32:02,100,100,0,2,100,0,Full
10:32:03,100,100,0,2,100,0,Full
10:32:03,100,100,0,2,100,0,Full
10:32:04,100,100,0,2,100,0,Full
10:32:04,100,100,0,2,100,0,Full
10:32:05,100,100,0,2,100,0,Full
10:32:05,100,100,0,2,100,0,Full
10:32:06,100,100,0,2,100,0,Full
10:32:06,100,100,0,2,100,0,Full
10:32:07,100,100,0,2,100,0,Full
10:32:07,100,100,0,2,100,0,Full
10:32:08,100,100,0,2,100,0,Full
10:32:08,100,100,0,2,100,0,Full
10:32:09,100,100,0,2,100,0,Full
10:32:09,100,100,0,2,100,0,Full
10:32:10,100,100,0,2,100,0,Full
10:32:10,100,100,0,2,100,0,Full
10:32:11,100,100,0,2,100,0,Full
10:32:11,100,100,0,2,100,0,Full
10:32:12,100,100,0,2,100,0,Full
10:32:12,100,100,0,2,100,0,Full
10:32:13,100,100,0,2,100,0,Full
10:32:13,100,100,0,2,100,0,Full
10:32:14,100,100,0,2,100,0,Full
10:32:14,100,100,0,2,100,0,Full
10:32:15,100,100,0,2,100,0,Full
10:32:15,100,100,0,2,100,0,Full
10:32:16,100,100,0,2,100,0,Full
10:32:16,100,100,0,2,100,0,Full
10:32:17,100,100,0,2,100,0,Full
10:32:17,100,100,0,2,100,0,Full
10:32:18,100,100,0,2,100,0,Full
10:32:18,100,100,0,2,100,0,Full
10:32:19,100,100,0,2,100,0,Full
10:32:19,100,100,0,2,100,0,Full
10:32:20,100,100,0,2,100,0,Full
10:32:20,100,100,0,2,100,0,Full
10:32:21,100,100,0,2,100,0,Full
10:32:21,100,100,0,2,100,0,Full
10:32:22,100,100,0,2,100,0,Full
10:32:22,100,100,0,2,100,0,Full
10:32:23,100,100,0,2,100,0,Full
10:32:23,100,100,0,2,100,0,Full
10:32:24,100,100,0,2,100,0,Full
10:32:24,100,100,0,2,100,0,Full
10:32:25,100,100,0,2,100,0,Full
10:32:25,100,100,0,2,100,0,Full
10:32:26,100,100,0,2,100,0,Full
10:32:26,100,100,0,2,100,0,Full
10:32:27,100,100,0,2,100,0,Full
10:32:27,100,100,0,2,100,0,Full
10:32:28,100,100,0,2,100,0,Full
10:32:28,100,100,0,2,100,0,Full
10:32:29,100,100,0,2,100,0,Full
10:32:29,100,100,0,2,100,0,Full
10:32:30,100,100,0,2,100,0,Full
10:32:30,100,100,0,2,100,0,Full
10:32:31,100,100,0,2,100,0,Full
10:32:31,100,100,0,2,100,0,Full
10:32:32,100,100,0,2,100,0,Full
10:32:32,100,100,0,2,100,0,Full
10:32:33,100,100,0,2,100,0,Full
10:32:33,100,100,0,2,100,0,Full
10:32:34,100,100,0,2,100,0,Full
10:32:34,100,100,0,2,100,0,Full
10:32:35,100,100,0,2,100,0,Full
10:32:35,100,100,0,2,100,0,Full
10:32:36,100,100,0,2,100,0,Full
10:32:36,100,100,0,2,100,0,Full
10:32:37,100,100,0,2,100,0,Full
10:32:37,100,100,0,2,100,0,Full
10:32:38,100,100,0,2,100,0,Full
10:32:38,100,100,0,2,100,0,Full
10:32:39,100,100,0,2,100,0,Full
10:32:39,100,100,0,2,100,0,Full
10:32:40,100,100,0,2,100,0,Full
10:32:40,100,100,0,2,100,0,Full
10:32:41,100,100,0,2,100,0,Full
10:32:41,100,100,0,2,100,0,Full
10:32:42,100,100,0,2,100,0,Full
10:32:42,100,100,0,2,100,0,Full
10:32:43,100,100,0,2,100,0,Full
10:32:43,100,100,0,2,100,0,Full
10:32:44,100,100,0,2,100,0,Full
10:32:44,100,100,0,2,100,0,Full
10:32:45,100,100,0,2,100,0,Full
10:32:45,100,100,0,2,100,0,Full
10:32:46,100,100,0,2,100,0,Full
10:32:46,100,100,0,2,100,0,Full
10:32:47,100,100,0,2,100,0,Full
10:32:47,100,100,0,2,100,0,Full
10:32:48,100,100,0,2,100,0,Full
10:32:48,100,100,0,2,100,0,Full
10:32:49,100,100,0,2,100,0,Full
10:32:49,100,100,0,2,100,0,Full
10:32:50,100,100,0,2,100,0,Full
10:32:50,100,100,0,2,100,0,Full
10:32:51,100,100,0,2,100,0,Full
10:32:51,100,100,0,2,100,0,Full
10:32:52,100,100,0,2,100,0,Full
10:32:52,100,100,0,2,100,0,Full
10:32:53,100,100,0,2,100,0,Full
10:32:53,100,100,0,2,100,0,Full
10:32:54,100,100,0,2,100,0,Full
10:32:54,100,100,0,2,100,0,Full
10:32:55,100,100,0,2,100,0,Full
10:32:55,100,100,0,2,100,0,Full
10:32:56,100,100,0,2,100,0,Full
10:32:56,100,100,0,2,100,0,Full
10:32:57,100,100,0,2,100,0,Full
10:32:57,100,100,0,2,100,0,Full
10:32:58,100,100,0,2,100,0,Full
10:32:58,100,100,0,2,100,0,Full
10:32:59,100,100,0,2,100,0,Full
10:32:59,100,100,0,2,100,0,Full
10:33:00,100,100,0,2,100,0,Full
10:33:00,100,100,0,2,100,0,Full
10:33:01,100,100,0,2,100,0,Full
10:33:01,100,100,0,2,100,0,Full
10:33:02,100,100,0,2,100,0,Full
10:33:02,100,100,0,2,100,0,Full
10:33:03,100,100,0,2,100,0,Full
10:33:03,100,100,0,2,100,0,Full
10:33:04,100,100,0,2,100,0,Full
10:33:04,100,100,0,2,100,0,Full
10:33:05,100,100,0,2,100,0,Full
10:33:05,100,100,0,2,100,0,Full
10:33:06,100,100,0,2,100,0,Full
10:33:06,100,100,0,2,100,0,Full
10:33:07,100,100,0,2,100,0,Full
10:33:07,100,100,0,2,100,0,Full
10:33:08,100,100,0,2,100,0,Full
10:33:08,100,100,0,2,100,0,Full
10:33:09,100,100,0,2,100,0,Full
10:33:09,100,100,0,2,100,0,Full
10:33:10,100,100,0,2,100,0,Full
10:33:10,100,100,0,2,100,0,Full
10:33:11,100,100,0,2,100,0,Full
10:33:11,100,100,0,2,100,0,Full
10:33:12,100,100,0,2,100,0,Full
10:33:12,100,100,0,2,100,0,Full
10:33:13,100,100,0,2,100,0,Full
10:33:13,100,100,0,2,100,0,Full
10:33:14,100,100,0,2,100,0,Full
10:33:14,100,100,0,2,100,0,Full
10:33:15,100,100,0,2,100,0,Full
10:33:15,100,100,0,2,100,0,Full
10:33:16,100,100,0,2,100,0,Full
10:33:16,100,100,0,2,100,0,Full
10:33:17,100,100,0,2,100,0,Full
10:33:17,100,100,0,2,100,0,Full
10:33:18,100,100,0,2,100,0,Full
10:33:18,100,100,0,2,100,0,Full
10:33:19,100,100,0,2,100,0,Full
10:33:19,100,100,0,2,100,0,Full
10:33:20,100,100,0,2,100,0,Full
10:33:20,100,100,0,2,100,0,Full
10:33:21,100,100,0,2,100,0,Full
10:33:21,100,100,0,2,100,0,Full
10:33:22,100,100,0,2,100,0,Full
10:33:22,100,100,0,2,100,0,Full
10:33:23,100,100,0,2,100,0,Full
10:33:23,100,100,0,2,100,0,Full
10:33:24,100,100,0,2,100,0,Full
10:33:24,100,100,0,2,100,0,Full
10:33:25,100,100,0,2,100,0,Full
10:33:25,100,100,0,2,100,0,Full
10:33:26,100,100,0,2,100,0,Full
10:33:26,100,100,0,2,100,0,Full
10:33:27,100,100,0,2,100,0,Full
10:33:27,100,100,0,2,100,0,Full
10:33:28,100,100,0,2,100,0,Full
10:33:28,100,100,0,2,100,0,Full
10:33:29,100,100,0,2,100,0,Full
10:33:29,100,100,0,2,100,0,Full
10:33:30,100,100,0,2,100,0,Full
10:33:30,100,100,0,2,100,0,Full
10:33:31,100,100,0,2,100,0,Full
10:33:31,100,100,0,2,100,0,Full
10:33:32,100,100,0,2,100,0,Full
10:33:32,100,100,0,2,100,0,Full
10:33:33,100,100,0,2,100,0,Full
10:33:33,100,100,0,2,100,0,Full
10:33:34,100,100,0,2,100,0,Full
10:33:34,100,100,0,2,100,0,Full
10:33:35,100,100,0,2,100,0,Full
10:33:35,100,100,0,2,100,0,Full
10:33:36,100,100,0,2,100,0,Full
10:33:36,100,100,0,2,100,0,Full
10:33:37,100,100,0,2,100,0,Full
10:33:37,100,100,0,2,100,0,Full
10:33:38,100,100,0,2,100,0,Full
10:33:38,100,100,0,2,100,0,Full
10:33:39,100,100,0,2,100,0,Full
10:33:39,100,100,0,2,100,0,Full
10:33:40,100,100,0,2,100,0,Full
10:33:40,100,100,0,2,100,0,Full
10:33:41,100,100,0,2,100,0,Full
10:33:41,100,100,0,2,100,0,Full
10:33:42,100,100,0,2,100,0,Full
10:33:42,100,100,0,2,100,0,Full
10:33:43,100,100,0,2,100,0,Full
10:33:43,100,100,0,2,100,0,Full
10:33:44,100,100,0,2,100,0,Full
10:33:44,100,100,0,2,100,0,Full
10:33:45,100,100,0,2,100,0,Full
10:33:45,100,100,0,2,100,0,Full
10:33:46,100,100,0,2,100,0,Full
10:33:46,100,100,0,2,100,0,Full
10:33:47,100,100,0,2,100,0,Full
10:33:47,100,100,0,2,100,0,Full
10:33:48,100,100,0,2,100,0,Full
10:33:48,100,100,0,2,100,0,Full
10:33:49,100,100,0,2,100,0,Full
10:33:49,100,100,0,2,100,0,Full
10:33:50,100,100,0,2,100,0,Full
10:33:50,100,100,0,2,100,0,Full
10:33:51,100,100,0,2,100,0,Full
10:33:51,100,100,0,2,100,0,Full
10:33:52,100,100,0,2,100,0,Full
10:33:52,100,100,0,2,100,0,Full
10:33:53,100,100,0,2,100,0,Full
10:33:54,100,100,0,2,100,0,Full
10:33:54,100,100,0,2,100,0,Full
10:33:55,100,100,0,2,100,0,Full
10:33:55,100,100,0,2,100,0,Full
10:33:56,100,100,0,2,100,0,Full
10:33:56,100,100,0,2,100,0,Full
10:33:57,100,100,0,2,100,0,Full
10:33:57,100,100,0,2,100,0,Full
10:33:58,100,100,0,2,100,0,Full
10:33:58,100,100,0,2,100,0,Full
10:33:59,100,100,0,2,100,0,Full
10:33:59,100,100,0,2,100,0,Full
10:34:00,100,100,0,2,100,0,Full
10:34:00,100,100,0,2,100,0,Full
10:34:01,100,100,0,2,100,0,Full
10:34:01,100,100,0,2,100,0,Full
10:34:02,100,100,0,2,100,0,Full
10:34:02,100,100,0,2,100,0,Full
10:34:03,100,100,0,2,100,0,Full
10:34:03,100,100,0,2,100,0,Full
10:34:04,100,100,0,2,100,0,Full
10:34:04,100,100,0,2,100,0,Full
10:34:05,100,100,0,2,100,0,Full
10:34:05,100,100,0,2,100,0,Full
10:34:06,100,100,0,2,100,0,Full
10:34:06,100,100,0,2,100,0,Full
10:34:07,100,100,0,2,100,0,Full
10:34:07,100,100,0,2,100,0,Full
10:34:08,100,100,0,2,100,0,Full
10:34:08,100,100,0,2,100,0,Full
10:34:09,100,100,0,2,100,0,Full
10:34:09,100,100,0,2,100,0,Full
10:34:10,100,100,0,2,100,0,Full
10:34:10,100,100,0,2,100,0,Full
10:34:11,100,100,0,2,100,0,Full
10:34:11,100,100,0,2,100,0,Full
10:34:12,100,100,0,2,100,0,Full
10:34:12,100,100,0,2,100,0,Full
10:34:13,100,100,0,2,100,0,Full
10:34:13,100,100,0,2,100,0,Full
10:34:14,100,100,0,2,100,0,Full
10:34:14,100,100,0,2,100,0,Full
10:34:15,100,100,0,2,100,0,Full
10:34:15,100,100,0,2,100,0,Full
10:34:16,100,100,0,2,100,0,Full
10:34:16,100,100,0,2,100,0,Full
10:34:17,100,100,0,2,100,0,Full
10:34:17,100,100,0,2,100,0,Full
10:34:18,100,100,0,2,100,0,Full
10:34:18,100,100,0,2,100,0,Full
10:34:19,100,100,0,2,100,0,Full
10:34:19,100,100,0,2,100,0,Full
10:34:20,100,100,0,2,100,0,Full
10:34:20,100,100,0,2,100,0,Full
10:34:21,100,100,0,2,100,0,Full
10:34:21,100,100,0,2,100,0,Full
10:34:22,100,100,0,2,100,0,Full
10:34:22,100,100,0,2,100,0,Full
10:34:23,100,100,0,2,100,0,Full
10:34:23,100,100,0,2,100,0,Full
10:34:24,100,100,0,2,100,0,Full
10:34:24,100,100,0,2,100,0,Full
10:34:25,100,100,0,2,100,0,Full
10:34:25,100,100,0,2,100,0,Full
10:34:26,100,100,0,2,100,0,Full
10:34:26,100,100,0,2,100,0,Full
10:34:27,100,100,0,2,100,0,Full
10:34:27,100,100,0,2,100,0,Full
10:34:28,100,100,0,2,100,0,Full
10:34:28,100,100,0,2,100,0,Full
10:34:29,100,100,0,2,100,0,Full
10:34:29,100,100,0,2,100,0,Full
10:34:30,100,100,0,2,100,0,Full
10:34:30,100,100,0,2,100,0,Full
10:34:31,100,100,0,2,100,0,Full
10:34:31,100,100,0,2,100,0,Full
10:34:32,100,100,0,2,100,0,Full
10:34:32,100,100,0,2,100,0,Full
10:34:33,100,100,0,2,100,0,Full
10:34:33,100,100,0,2,100,0,Full
10:34:34,100,100,0,2,100,0,Full
10:34:34,100,100,0,2,100,0,Full
10:34:35,100,100,0,2,100,0,Full
10:34:35,100,100,0,2,100,0,Full
10:34:36,100,100,0,2,100,0,Full
10:34:36,100,100,0,2,100,0,Full
10:34:37,100,100,0,2,100,0,Full
10:34:37,100,100,0,2,100,0,Full
10:34:38,100,100,0,2,100,0,Full
10:34:38,100,100,0,2,100,0,Full
10:34:39,100,100,0,2,100,0,Full
10:34:39,100,100,0,2,100,0,Full
10:34:40,100,100,0,2,100,0,Full
10:34:40,100,100,0,2,100,0,Full
10:34:41,100,100,0,2,100,0,Full
10:34:41,100,100,0,2,100,0,Full
10:34:42,100,100,0,2,100,0,Full
10:34:42,100,100,0,2,100,0,Full
10:34:43,100,100,0,2,100,0,Full
10:34:43,100,100,0,2,100,0,Full
10:34:44,100,100,0,2,100,0,Full
10:34:44,100,100,0,2,100,0,Full
10:34:45,100,100,0,2,100,0,Full
10:34:45,100,100,0,2,100,0,Full
10:34:46,100,100,0,2,100,0,Full
10:34:46,100,100,0,2,100,0,Full
10:34:47,100,100,0,2,100,0,Full
10:34:47,100,100,0,2,100,0,Full
10:34:48,100,100,0,2,100,0,Full
10:34:48,100,100,0,2,100,0,Full
10:34:49,100,100,0,2,100,0,Full
10:34:49,100,100,0,2,100,0,Full
10:34:50,100,100,0,2,100,0,Full
10:34:50,100,100,0,2,100,0,Full
10:34:51,100,100,0,2,100,0,Full
10:34:51,100,100,0,2,100,0,Full
10:34:52,100,100,0,2,100,0,Full
10:34:52,100,100,0,2,100,0,Full
10:34:53,100,100,0,2,100,0,Full
10:34:53,100,100,0,2,100,0,Full
10:34:54,100,100,0,2,100,0,Full
10:34:54,100,100,0,2,100,0,Full
10:34:55,100,100,0,2,100,0,Full
10:34:55,100,100,0,2,100,0,Full
10:34:56,100,100,0,2,100,0,Full
10:34:56,100,100,0,2,100,0,Full
10:34:57,100,100,0,2,100,0,Full
10:34:57,100,100,0,2,100,0,Full
10:34:58,100,100,0,2,100,0,Full
10:34:58,100,100,0,2,100,0,Full
10:34:59,100,100,0,2,100,0,Full
10:34:59,100,100,0,2,100,0,Full
10:35:00,100,100,0,2,100,0,Full
10:35:00,100,100,0,2,100,0,Full
10:35:01,100,100,0,2,100,0,Full
10:35:01,100,100,0,2,100,0,Full
10:35:02,100,100,0,2,100,0,Full
10:35:02,100,100,0,2,100,0,Full
10:35:03,100,100,0,2,100,0,Full
10:35:03,100,100,0,2,100,0,Full
10:35:04,100,100,0,2,100,0,Full
10:35:04,100,100,0,2,100,0,Full
10:35:05,100,100,0,2,100,0,Full
10:35:05,100,100,0,2,100,0,Full
10:35:06,100,100,0,2,100,0,Full
10:35:06,100,100,0,2,100,0,Full
10:35:07,100,100,0,2,100,0,Full
10:35:07,100,100,0,2,100,0,Full
10:35:08,100,100,0,2,100,0,Full
10:35:08,100,100,0,2,100,0,Full
10:35:09,100,100,0,2,100,0,Full
10:35:09,100,100,0,2,100,0,Full
10:35:10,100,100,0,2,100,0,Full
10:35:10,100,100,0,2,100,0,Full
10:35:11,100,100,0,2,100,0,Full
10:35:11,100,100,0,2,100,0,Full
10:35:12,100,100,0,2,100,0,Full
10:35:12,100,100,0,2,100,0,Full
10:35:13,100,100,0,2,100,0,Full
10:35:13,100,100,0,2,100,0,Full
10:35:14,100,100,0,2,100,0,Full
10:35:14,100,100,0,2,100,0,Full
10:35:15,100,100,0,2,100,0,Full
10:35:15,100,100,0,2,100,0,Full
10:35:16,100,100,0,2,100,0,Full
10:35:16,100,100,0,2,100,0,Full
10:35:17,100,100,0,2,100,0,Full
10:35:17,100,100,0,2,100,0,Full
10:35:18,100,100,0,2,100,0,Full
10:35:18,100,100,0,2,100,0,Full
10:35:19,100,100,0,2,100,0,Full
10:35:19,100,100,0,2,100,0,Full
10:35:20,100,100,0,2,100,0,Full
10:35:20,100,100,0,2,100,0,Full
10:35:21,100,100,0,2,100,0,Full
10:35:21,100,100,0,2,100,0,Full
10:35:22,100,100,0,2,100,0,Full
10:35:22,100,100,0,2,100,0,Full
10:35:23,100,100,0,2,100,0,Full
10:35:23,100,100,0,2,100,0,Full
10:35:24,100,100,0,2,100,0,Full
10:35:24,100,100,0,2,100,0,Full
10:35:25,100,100,0,2,100,0,Full
10:35:25,100,100,0,2,100,0,Full
10:35:26,100,100,0,2,100,0,Full
10:35:26,100,100,0,2,100,0,Full
10:35:27,100,100,0,2,100,0,Full
10:35:27,100,100,0,2,100,0,Full
10:35:28,100,100,0,2,100,0,Full
10:35:28,100,100,0,2,100,0,Full
10:35:29,100,100,0,2,100,0,Full
10:35:29,100,100,0,2,100,0,Full
10:35:30,100,100,0,2,100,0,Full
10:35:30,100,100,0,2,100,0,Full
10:35:31,100,100,0,2,100,0,Full
10:35:31,100,100,0,2,100,0,Full
10:35:32,100,100,0,2,100,0,Full
10:35:32,100,100,0,2,100,0,Full
10:35:33,100,100,0,2,100,0,Full
10:35:33,100,100,0,2,100,0,Full
10:35:34,100,100,0,2,100,0,Full
10:35:34,100,100,0,2,100,0,Full
10:35:35,100,100,0,2,100,0,Full
10:35:35,100,100,0,2,100,0,Full
10:35:36,100,100,0,2,100,0,Full
10:35:36,100,100,0,2,100,0,Full
10:35:37,100,100,0,2,100,0,Full
10:35:37,100,100,0,2,100,0,Full
10:35:38,100,100,0,2,100,0,Full
10:35:38,100,100,0,2,100,0,Full
10:35:39,100,100,0,2,100,0,Full
10:35:39,100,100,0,2,100,0,Full
10:35:40,100,100,0,2,100,0,Full
10:35:40,100,100,0,2,100,0,Full
10:35:41,100,100,0,2,100,0,Full
10:35:41,100,100,0,2,100,0,Full
10:35:42,100,100,0,2,100,0,Full
10:35:42,100,100,0,2,100,0,Full
10:35:43,100,100,0,2,100,0,Full
10:35:43,100,100,0,2,100,0,Full
10:35:44,100,100,0,2,100,0,Full
10:35:44,100,100,0,2,100,0,Full
10:35:45,100,100,0,2,100,0,Full
10:35:45,100,100,0,2,100,0,Full
10:35:46,100,100,0,2,100,0,Full
10:35:46,100,100,0,2,100,0,Full
10:35:47,100,100,0,2,100,0,Full
10:35:47,100,100,0,2,100,0,Full
10:35:48,100,100,0,2,100,0,Full
10:35:48,100,100,0,2,100,0,Full
10:35:49,100,100,0,2,100,0,Full
10:35:49,100,100,0,2,100,0,Full
10:35:50,100,100,0,2,100,0,Full
10:35:50,100,100,0,2,100,0,Full
10:35:51,100,100,0,2,100,0,Full
10:35:51,100,100,0,2,100,0,Full
10:35:52,100,100,0,2,100,0,Full
10:35:52,100,100,0,2,100,0,Full
10:35:53,100,100,0,2,100,0,Full
10:35:53,100,100,0,2,100,0,Full
10:35:54,100,100,0,2,100,0,Full
10:35:54,100,100,0,2,100,0,Full
10:35:55,100,100,0,2,100,0,Full
10:35:55,100,100,0,2,100,0,Full
10:35:56,100,100,0,2,100,0,Full
10:35:56,100,100,0,2,100,0,Full
10:35:57,100,100,0,2,100,0,Full
10:35:57,100,100,0,2,100,0,Full
10:35:58,100,100,0,2,100,0,Full
10:35:58,100,100,0,2,100,0,Full
10:35:59,100,100,0,2,100,0,Full
10:35:59,100,100,0,2,100,0,Full
10:36:00,100,100,0,2,100,0,Full
10:36:00,100,100,0,2,100,0,Full
10:36:01,100,100,0,2,100,0,Full
10:36:01,100,100,0,2,100,0,Full
10:36:02,100,100,0,2,100,0,Full
10:36:02,100,100,0,2,100,0,Full
10:36:03,100,100,0,2,100,0,Full
10:36:03,100,100,0,2,100,0,Full
10:36:04,100,100,0,2,100,0,Full
10:36:04,100,100,0,2,100,0,Full
10:36:05,100,100,0,2,100,0,Full
10:36:05,100,100,0,2,100,0,Full
10:36:06,100,100,0,2,100,0,Full
10:36:06,100,100,0,2,100,0,Full
10:36:07,100,100,0,2,100,0,Full
10:36:07,100,100,0,2,100,0,Full
10:36:08,100,100,0,2,100,0,Full
10:36:08,100,100,0,2,100,0,Full
10:36:09,100,100,0,2,100,0,Full
10:36:09,100,100,0,2,100,0,Full
10:36:10,100,100,0,2,100,0,Full
10:36:10,100,100,0,2,100,0,Full
10:36:11,100,100,0,2,100,0,Full
10:36:11,100,100,0,2,100,0,Full
10:36:12,100,100,0,2,100,0,Full
10:36:12,100,100,0,2,100,0,Full
10:36:13,100,100,0,2,100,0,Full
10:36:13,100,100,0,2,100,0,Full
10:36:14,100,100,0,2,100,0,Full
10:36:14,100,100,0,2,100,0,Full
10:36:15,100,100,0,2,100,0,Full
10:36:15,100,100,0,2,100,0,Full
10:36:16,100,100,0,2,100,0,Full
10:36:16,100,100,0,2,100,0,Full
10:36:17,100,100,0,2,100,0,Full
10:36:17,100,100,0,2,100,0,Full
10:36:18,100,100,0,2,100,0,Full
10:36:18,100,100,0,2,100,0,Full
10:36:19,100,100,0,2,100,0,Full
10:36:19,100,100,0,2,100,0,Full
10:36:20,100,100,0,2,100,0,Full
10:36:20,100,100,0,2,100,0,Full
10:36:21,100,100,0,2,100,0,Full
10:36:21,100,100,0,2,100,0,Full
10:36:22,100,100,0,2,100,0,Full
10:36:22,100,100,0,2,100,0,Full
10:36:23,100,100,0,2,100,0,Full
10:36:23,100,100,0,2,100,0,Full
10:36:24,100,100,0,2,100,0,Full
10:36:24,100,100,0,2,100,0,Full
10:36:25,100,100,0,2,100,0,Full
10:36:25,100,100,0,2,100,0,Full
10:36:26,100,100,0,2,100,0,Full
10:36:26,100,100,0,2,100,0,Full
10:36:27,100,100,0,2,100,0,Full
10:36:27,100,100,0,2,100,0,Full
10:36:28,100,100,0,2,100,0,Full
10:36:28,100,100,0,2,100,0,Full
10:36:29,100,100,0,2,100,0,Full
10:36:29,100,100,0,2,100,0,Full
10:36:30,100,100,0,2,100,0,Full
10:36:30,100,100,0,2,100,0,Full
10:36:31,100,100,0,2,100,0,Full
10:36:31,100,100,0,2,100,0,Full
10:36:32,100,100,0,2,100,0,Full
10:36:32,100,100,0,2,100,0,Full
10:36:33,100,100,0,2,100,0,Full
10:36:33,100,100,0,2,100,0,Full
10:36:34,100,100,0,2,100,0,Full
10:36:34,100,100,0,2,100,0,Full
10:36:35,100,100,0,2,100,0,Full
10:36:35,100,100,0,2,100,0,Full
10:36:36,100,100,0,2,100,0,Full
10:36:36,100,100,0,2,100,0,Full
10:36:37,100,100,0,2,100,0,Full
10:36:37,100,100,0,2,100,0,Full
10:36:38,100,100,0,2,100,0,Full
10:36:38,100,100,0,2,100,0,Full
10:36:39,100,100,0,2,100,0,Full
10:36:39,100,100,0,2,100,0,Full
10:36:40,100,100,0,2,100,0,Full
10:36:40,100,100,0,2,100,0,Full
10:36:41,100,100,0,2,100,0,Full
10:36:41,100,100,0,2,100,0,Full
10:36:42,100,100,0,2,100,0,Full
10:36:42,100,100,0,2,100,0,Full
10:36:43,100,100,0,2,100,0,Full
10:36:43,100,100,0,2,100,0,Full
10:36:44,100,100,0,2,100,0,Full
10:36:44,100,100,0,2,100,0,Full
10:36:45,100,100,0,2,100,0,Full
10:36:45,100,100,0,2,100,0,Full
10:36:46,100,100,0,2,100,0,Full
10:36:46,100,100,0,2,100,0,Full
10:36:47,100,100,0,2,100,0,Full
10:36:47,100,100,0,2,100,0,Full
10:36:48,100,100,0,2,100,0,Full
10:36:48,100,100,0,2,100,0,Full
10:36:49,100,100,0,2,100,0,Full
10:36:49,100,100,0,2,100,0,Full
10:36:50,100,100,0,2,100,0,Full
10:36:50,100,100,0,2,100,0,Full
10:36:51,100,100,0,2,100,0,Full
10:36:51,100,100,0,2,100,0,Full
10:36:52,100,100,0,2,100,0,Full
10:36:52,100,100,0,2,100,0,Full
10:36:53,100,100,0,2,100,0,Full
10:36:53,100,100,0,2,100,0,Full
10:36:54,100,100,0,2,100,0,Full
10:36:54,100,100,0,2,100,0,Full
10:36:55,100,100,0,2,100,0,Full
10:36:55,100,100,0,2,100,0,Full
10:36:56,100,100,0,2,100,0,Full
10:36:56,100,100,0,2,100,0,Full
10:36:57,100,100,0,2,100,0,Full
10:36:57,100,100,0,2,100,0,Full
10:36:58,100,100,0,2,100,0,Full
10:36:58,100,100,0,2,100,0,Full
10:36:59,100,100,0,2,100,0,Full
10:36:59,100,100,0,2,100,0,Full
10:37:00,100,100,0,2,100,0,Full
10:37:00,100,100,0,2,100,0,Full
10:37:01,100,100,0,2,100,0,Full
10:37:01,100,100,0,2,100,0,Full
10:37:02,100,100,0,2,100,0,Full
10:37:02,100,100,0,2,100,0,Full
10:37:03,100,100,0,2,100,0,Full
10:37:03,100,100,0,2,100,0,Full
10:37:04,100,100,0,2,100,0,Full
10:37:04,100,100,0,2,100,0,Full
10:37:05,100,100,0,2,100,0,Full
10:37:05,100,100,0,2,100,0,Full
10:37:06,100,100,0,2,100,0,Full
10:37:06,100,100,0,2,100,0,Full
10:37:07,100,100,0,2,100,0,Full
10:37:07,100,100,0,2,100,0,Full
10:37:08,100,100,0,2,100,0,Full
10:37:08,100,100,0,2,100,0,Full
10:37:09,100,100,0,2,100,0,Full
10:37:09,100,100,0,2,100,0,Full
10:37:10,100,100,0,2,100,0,Full
10:37:10,100,100,0,2,100,0,Full
10:37:11,100,100,0,2,100,0,Full
10:37:11,100,100,0,2,100,0,Full
10:37:12,100,100,0,2,100,0,Full
10:37:12,100,100,0,2,100,0,Full
10:37:13,100,100,0,2,100,0,Full
10:37:13,100,100,0,2,100,0,Full
10:37:14,100,100,0,2,100,0,Full
10:37:14,100,100,0,2,100,0,Full
10:37:15,100,100,0,2,100,0,Full
10:37:15,100,100,0,2,100,0,Full
10:37:16,100,100,0,2,100,0,Full
10:37:16,100,100,0,2,100,0,Full
10:37:17,100,100,0,2,100,0,Full
10:37:17,100,100,0,2,100,0,Full
10:37:18,100,100,0,2,100,0,Full
10:37:18,100,100,0,2,100,0,Full
10:37:19,100,100,0,2,100,0,Full
10:37:19,100,100,0,2,100,0,Full
10:37:20,100,100,0,2,100,0,Full
10:37:20,100,100,0,2,100,0,Full
10:37:21,100,100,0,2,100,0,Full
10:37:21,100,100,0,2,100,0,Full
10:37:22,100,100,0,2,100,0,Full
10:37:22,100,100,0,2,100,0,Full
10:37:23,100,100,0,2,100,0,Full
10:37:23,100,100,0,2,100,0,Full
10:37:24,100,100,0,2,100,0,Full
10:37:24,100,100,0,2,100,0,Full
10:37:25,100,100,0,2,100,0,Full
10:37:25,100,100,0,2,100,0,Full
10:37:26,100,100,0,2,100,0,Full
10:37:26,100,100,0,2,100,0,Full
10:37:27,100,100,0,2,100,0,Full
10:37:27,100,100,0,2,100,0,Full
10:37:28,100,100,0,2,100,0,Full
10:37:28,100,100,0,2,100,0,Full
10:37:29,100,100,0,2,100,0,Full
10:37:29,100,100,0,2,100,0,Full
10:37:30,100,100,0,2,100,0,Full
10:37:30,100,100,0,2,100,0,Full
10:37:31,100,100,0,2,100,0,Full
10:37:31,100,100,0,2,100,0,Full
10:37:32,100,100,0,2,100,0,Full
10:37:32,100,100,0,2,100,0,Full
10:37:33,100,100,0,2,100,0,Full
10:37:33,100,100,0,2,100,0,Full
10:37:34,100,100,0,2,100,0,Full
10:37:34,100,100,0,2,100,0,Full
10:37:35,100,100,0,2,100,0,Full
10:37:35,100,100,0,2,100,0,Full
10:37:36,100,100,0,2,100,0,Full
10:37:36,100,100,0,2,100,0,Full
10:37:37,100,100,0,2,100,0,Full
10:37:37,100,100,0,2,100,0,Full
10:37:38,100,100,0,2,100,0,Full
10:37:38,100,100,0,2,100,0,Full
10:37:39,100,100,0,2,100,0,Full
10:37:39,100,100,0,2,100,0,Full
10:37:40,100,100,0,2,100,0,Full
10:37:40,100,100,0,2,100,0,Full
10:37:41,100,100,0,2,100,0,Full
10:37:41,100,100,0,2,100,0,Full
10:37:42,100,100,0,2,100,0,Full
10:37:42,100,100,0,2,100,0,Full
10:37:43,100,100,0,2,100,0,Full
10:37:43,100,100,0,2,100,0,Full
10:37:44,100,100,0,2,100,0,Full
10:37:44,100,100,0,2,100,0,Full
10:37:45,100,100,0,2,100,0,Full
10:37:45,100,100,0,2,100,0,Full
10:37:46,100,100,0,2,100,0,Full
10:37:46,100,100,0,2,100,0,Full
10:37:47,100,100,0,2,100,0,Full
10:37:47,100,100,0,2,100,0,Full
10:37:48,100,100,0,2,100,0,Full
10:37:48,100,100,0,2,100,0,Full
10:37:49,100,100,0,2,100,0,Full
10:37:49,100,100,0,2,100,0,Full
10:37:50,100,100,0,2,100,0,Full
10:37:50,100,100,0,2,100,0,Full
10:37:51,100,100,0,2,100,0,Full
10:37:51,100,100,0,2,100,0,Full
10:37:52,100,100,0,2,100,0,Full
10:37:52,100,100,0,2,100,0,Full
10:37:53,100,100,0,2,100,0,Full
10:37:53,100,100,0,2,100,0,Full
10:37:54,100,100,0,2,100,0,Full
10:37:54,100,100,0,2,100,0,Full
10:37:55,100,100,0,2,100,0,Full
10:37:55,100,100,0,2,100,0,Full
10:37:56,100,100,0,2,100,0,Full
10:37:56,100,100,0,2,100,0,Full
10:37:57,100,100,0,2,100,0,Full
10:37:57,100,100,0,2,100,0,Full
10:37:58,100,100,0,2,100,0,Full
10:37:58,100,100,0,2,100,0,Full
10:37:59,100,100,0,2,100,0,Full
10:37:59,100,100,0,2,100,0,Full
10:38:00,100,100,0,2,100,0,Full
10:38:00,100,100,0,2,100,0,Full
10:38:01,100,100,0,2,100,0,Full
10:38:01,100,100,0,2,100,0,Full
10:38:02,100,100,0,2,100,0,Full
10:38:02,100,100,0,2,100,0,Full
10:38:03,100,100,0,2,100,0,Full
10:38:03,100,100,0,2,100,0,Full
10:38:04,100,100,0,2,100,0,Full
10:38:04,100,100,0,2,100,0,Full
10:38:05,100,100,0,2,100,0,Full
10:38:05,100,100,0,2,100,0,Full
10:38:06,100,100,0,2,100,0,Full
10:38:06,100,100,0,2,100,0,Full
10:38:07,100,100,0,2,100,0,Full
10:38:07,100,100,0,2,100,0,Full
10:38:08,100,100,0,2,100,0,Full
10:38:08,100,100,0,2,100,0,Full
10:38:09,100,100,0,2,100,0,Full
10:38:09,100,100,0,2,100,0,Full
10:38:10,100,100,0,2,100,0,Full
10:38:10,100,100,0,2,100,0,Full
10:38:11,100,100,0,2,100,0,Full
10:38:11,100,100,0,2,100,0,Full
10:38:12,100,100,0,2,100,0,Full
10:38:12,100,100,0,2,100,0,Full
10:38:13,100,100,0,2,100,0,Full
10:38:13,100,100,0,2,100,0,Full
10:38:14,100,100,0,2,100,0,Full
10:38:14,100,100,0,2,100,0,Full
10:38:15,100,100,0,2,100,0,Full
10:38:15,100,100,0,2,100,0,Full
10:38:16,100,100,0,2,100,0,Full
10:38:16,100,100,0,2,100,0,Full
10:38:17,100,100,0,2,100,0,Full
10:38:17,100,100,0,2,100,0,Full
10:38:18,100,100,0,2,100,0,Full
10:38:18,100,100,0,2,100,0,Full
10:38:19,100,100,0,2,100,0,Full
10:38:19,100,100,0,2,100,0,Full
10:38:20,100,100,0,2,100,0,Full
10:38:20,100,100,0,2,100,0,Full
10:38:21,100,100,0,2,100,0,Full
10:38:21,100,100,0,2,100,0,Full
10:38:22,100,100,0,2,100,0,Full
10:38:22,100,100,0,2,100,0,Full
10:38:23,100,100,0,2,100,0,Full
10:38:23,100,100,0,2,100,0,Full
10:38:24,100,100,0,2,100,0,Full
10:38:24,100,100,0,2,100,0,Full
10:38:25,100,100,0,2,100,0,Full
10:38:25,100,100,0,2,100,0,Full
10:38:26,100,100,0,2,100,0,Full
10:38:26,100,100,0,2,100,0,Full
10:38:27,100,100,0,2,100,0,Full
10:38:27,100,100,0,2,100,0,Full
10:38:28,100,100,0,2,100,0,Full
10:38:28,100,100,0,2,100,0,Full
10:38:29,100,100,0,2,100,0,Full
10:38:29,100,100,0,2,100,0,Full
10:38:30,100,100,0,2,100,0,Full
10:38:30,100,100,0,2,100,0,Full
10:38:31,100,100,0,2,100,0,Full
10:38:31,100,100,0,2,100,0,Full
10:38:32,100,100,0,2,100,0,Full
10:38:32,100,100,0,2,100,0,Full
10:38:33,100,100,0,2,100,0,Full
10:38:33,100,100,0,2,100,0,Full
10:38:34,100,100,0,2,100,0,Full
10:38:34,100,100,0,2,100,0,Full
10:38:35,100,100,0,2,100,0,Full
10:38:35,100,100,0,2,100,0,Full
10:38:36,100,100,0,2,100,0,Full
10:38:36,100,100,0,2,100,0,Full
10:38:37,100,100,0,2,100,0,Full
10:38:37,100,100,0,2,100,0,Full
10:38:38,100,100,0,2,100,0,Full
10:38:38,100,100,0,2,100,0,Full
10:38:39,100,100,0,2,100,0,Full
10:38:39,100,100,0,2,100,0,Full
10:38:40,100,100,0,2,100,0,Full
10:38:40,100,100,0,2,100,0,Full
10:38:41,100,100,0,2,100,0,Full
10:38:41,100,100,0,2,100,0,Full
10:38:42,100,100,0,2,100,0,Full
10:38:42,100,100,0,2,100,0,Full
10:38:43,100,100,0,2,100,0,Full
10:38:43,100,100,0,2,100,0,Full
10:38:44,100,100,0,2,100,0,Full
10:38:44,100,100,0,2,100,0,Full
10:38:45,100,100,0,2,100,0,Full
10:38:45,100,100,0,2,100,0,Full
10:38:46,100,100,0,2,100,0,Full
10:38:46,100,100,0,2,100,0,Full
10:38:47,100,100,0,2,100,0,Full
10:38:47,100,100,0,2,100,0,Full
10:38:48,100,100,0,2,100,0,Full
10:38:48,100,100,0,2,100,0,Full
10:38:49,100,100,0,2,100,0,Full
10:38:49,100,100,0,2,100,0,Full
10:38:50,100,100,0,2,100,0,Full
10:38:50,100,100,0,2,100,0,Full
10:38:51,100,100,0,2,100,0,Full
10:38:51,100,100,0,2,100,0,Full
10:38:52,100,100,0,2,100,0,Full
10:38:52,100,100,0,2,100,0,Full
10:38:53,100,100,0,2,100,0,Full
10:38:53,100,100,0,2,100,0,Full
10:38:54,100,100,0,2,100,0,Full
10:38:54,100,100,0,2,100,0,Full
10:38:55,100,100,0,2,100,0,Full
10:38:55,100,100,0,2,100,0,Full
10:38:56,100,100,0,2,100,0,Full
10:38:56,100,100,0,2,100,0,Full
10:38:57,100,100,0,2,100,0,Full
10:38:57,100,100,0,2,100,0,Full
10:38:58,100,100,0,2,100,0,Full
10:38:58,100,100,0,2,100,0,Full
10:38:59,100,100,0,2,100,0,Full
10:38:59,100,100,0,2,100,0,Full
10:39:00,100,100,0,2,100,0,Full
10:39:00,100,100,0,2,100,0,Full
10:39:01,100,100,0,2,100,0,Full
10:39:01,100,100,0,2,100,0,Full
10:39:02,100,100,0,2,100,0,Full
10:39:02,100,100,0,2,100,0,Full
10:39:03,100,100,0,2,100,0,Full
10:39:03,100,100,0,2,100,0,Full
10:39:04,100,100,0,2,100,0,Full
10:39:04,100,100,0,2,100,0,Full
10:39:05,100,100,0,2,100,0,Full
10:39:05,100,100,0,2,100,0,Full
10:39:06,100,100,0,2,100,0,Full
10:39:06,100,100,0,2,100,0,Full
10:39:07,100,100,0,2,100,0,Full
10:39:07,100,100,0,2,100,0,Full
10:39:08,100,100,0,2,100,0,Full
10:39:08,100,100,0,2,100,0,Full
10:39:09,100,100,0,2,100,0,Full
10:39:09,100,100,0,2,100,0,Full
10:39:10,100,100,0,2,100,0,Full
10:39:10,100,100,0,2,100,0,Full
10:39:11,100,100,0,2,100,0,Full
10:39:11,100,100,0,2,100,0,Full
10:39:12,100,100,0,2,100,0,Full
10:39:12,100,100,0,2,100,0,Full
10:39:13,100,100,0,2,100,0,Full
10:39:13,100,100,0,2,100,0,Full
10:39:14,100,100,0,2,100,0,Full
10:39:14,100,100,0,2,100,0,Full
10:39:15,100,100,0,2,100,0,Full
10:39:15,100,100,0,2,100,0,Full
10:39:16,100,100,0,2,100,0,Full
10:39:16,100,100,0,2,100,0,Full
10:39:17,100,100,0,2,100,0,Full
10:39:17,100,100,0,2,100,0,Full
10:39:18,100,100,0,2,100,0,Full
10:39:18,100,100,0,2,100,0,Full
10:39:19,100,100,0,2,100,0,Full
10:39:19,100,100,0,2,100,0,Full
10:39:20,100,100,0,2,100,0,Full
10:39:20,100,100,0,2,100,0,Full
10:39:21,100,100,0,2,100,0,Full
10:39:21,100,100,0,2,100,0,Full
10:39:22,100,100,0,2,100,0,Full
10:39:22,100,100,0,2,100,0,Full
10:39:23,100,100,0,2,100,0,Full
10:39:23,100,100,0,2,100,0,Full
10:39:24,100,100,0,2,100,0,Full
10:39:24,100,100,0,2,100,0,Full
10:39:25,100,100,0,2,100,0,Full
10:39:25,100,100,0,2,100,0,Full
10:39:26,100,100,0,2,100,0,Full
10:39:26,100,100,0,2,100,0,Full
10:39:27,100,100,0,2,100,0,Full
10:39:27,100,100,0,2,100,0,Full
10:39:28,100,100,0,2,100,0,Full
10:39:28,100,100,0,2,100,0,Full
10:39:29,100,100,0,2,100,0,Full
10:39:29,100,100,0,2,100,0,Full
10:39:30,100,100,0,2,100,0,Full
10:39:30,100,100,0,2,100,0,Full
10:39:31,100,100,0,2,100,0,Full
10:39:31,100,100,0,2,100,0,Full
10:39:32,100,100,0,2,100,0,Full
10:39:32,100,100,0,2,100,0,Full
10:39:33,100,100,0,2,100,0,Full
10:39:33,100,100,0,2,100,0,Full
10:39:34,100,100,0,2,100,0,Full
10:39:34,100,100,0,2,100,0,Full
10:39:35,100,100,0,2,100,0,Full
10:39:35,100,100,0,2,100,0,Full
10:39:36,100,100,0,2,100,0,Full
10:39:36,100,100,0,2,100,0,Full
10:39:37,100,100,0,2,100,0,Full
10:39:37,100,100,0,2,100,0,Full
10:39:38,100,100,0,2,100,0,Full
10:39:38,100,100,0,2,100,0,Full
10:39:39,100,100,0,2,100,0,Full
10:39:39,100,100,0,2,100,0,Full
10:39:40,100,100,0,2,100,0,Full
10:39:40,100,100,0,2,100,0,Full
10:39:41,100,100,0,2,100,0,Full
10:39:41,100,100,0,2,100,0,Full
10:39:42,100,100,0,2,100,0,Full
10:39:42,100,100,0,2,100,0,Full
10:39:43,100,100,0,2,100,0,Full
10:39:43,100,100,0,2,100,0,Full
10:39:44,100,100,0,2,100,0,Full
10:39:44,100,100,0,2,100,0,Full
10:39:45,100,100,0,2,100,0,Full
10:39:45,100,100,0,2,100,0,Full
10:39:46,100,100,0,2,100,0,Full
10:39:46,100,100,0,2,100,0,Full
10:39:47,100,100,0,2,100,0,Full
10:39:47,100,100,0,2,100,0,Full
10:39:48,100,100,0,2,100,0,Full
10:39:48,100,100,0,2,100,0,Full
10:39:49,100,100,0,2,100,0,Full
10:39:49,100,100,0,2,100,0,Full
10:39:50,100,100,0,2,100,0,Full
10:39:50,100,100,0,2,100,0,Full
10:39:51,100,100,0,2,100,0,Full
10:39:51,100,100,0,2,100,0,Full
10:39:52,100,100,0,2,100,0,Full
10:39:52,100,100,0,2,100,0,Full
10:39:53,100,100,0,2,100,0,Full
10:39:53,100,100,0,2,100,0,Full
10:39:54,100,100,0,2,100,0,Full
10:39:54,100,100,0,2,100,0,Full
10:39:55,100,100,0,2,100,0,Full
10:39:55,100,100,0,2,100,0,Full
10:39:56,100,100,0,2,100,0,Full
10:39:56,100,100,0,2,100,0,Full
10:39:57,100,100,0,2,100,0,Full
10:39:57,100,100,0,2,100,0,Full
10:39:58,100,100,0,2,100,0,Full
10:39:58,100,100,0,2,100,0,Full
10:39:59,100,100,0,2,100,0,Full
10:39:59,100,100,0,2,100,0,Full
10:40:00,100,100,0,2,100,0,Full
10:40:00,100,100,0,2,100,0,Full
10:40:01,100,100,0,2,100,0,Full
10:40:01,100,100,0,2,100,0,Full
10:40:02,100,100,0,2,100,0,Full
10:40:02,100,100,0,2,100,0,Full
10:40:03,100,100,0,2,100,0,Full
10:40:03,100,100,0,2,100,0,Full
10:40:04,100,100,0,2,100,0,Full
10:40:04,100,100,0,2,100,0,Full
10:40:05,100,100,0,2,100,0,Full
10:40:05,100,100,0,2,100,0,Full
10:40:06,100,100,0,2,100,0,Full
10:40:06,100,100,0,2,100,0,Full
10:40:07,100,100,0,2,100,0,Full
10:40:07,100,100,0,2,100,0,Full
10:40:08,100,100,0,2,100,0,Full
10:40:08,100,100,0,2,100,0,Full
10:40:09,100,100,0,2,100,0,Full
10:40:09,100,100,0,2,100,0,Full
10:40:10,100,100,0,2,100,0,Full
10:40:10,100,100,0,2,100,0,Full
10:40:11,100,100,0,2,100,0,Full
10:40:11,100,100,0,2,100,0,Full
10:40:12,100,100,0,2,100,0,Full
10:40:12,100,100,0,2,100,0,Full
10:40:13,100,100,0,2,100,0,Full
10:40:13,100,100,0,2,100,0,Full
10:40:14,100,100,0,2,100,0,Full
10:40:14,100,100,0,2,100,0,Full
10:40:15,100,100,0,2,100,0,Full
10:40:15,100,100,0,2,100,0,Full
10:40:16,100,100,0,2,100,0,Full
10:40:16,100,100,0,2,100,0,Full
10:40:17,100,100,0,2,100,0,Full
10:40:17,100,100,0,2,100,0,Full
10:40:18,100,100,0,2,100,0,Full
10:40:18,100,100,0,2,100,0,Full
10:40:19,100,100,0,2,100,0,Full
10:40:19,100,100,0,2,100,0,Full
10:40:20,100,100,0,2,100,0,Full
10:40:20,100,100,0,2,100,0,Full
10:40:21,100,100,0,2,100,0,Full
10:40:21,100,100,0,2,100,0,Full
10:40:22,100,100,0,2,100,0,Full
10:40:22,100,100,0,2,100,0,Full
10:40:23,100,100,0,2,100,0,Full
10:40:23,100,100,0,2,100,0,Full
10:40:24,100,100,0,2,100,0,Full
10:40:24,100,100,0,2,100,0,Full
10:40:25,100,100,0,2,100,0,Full
10:40:25,100,100,0,2,100,0,Full
10:40:26,100,100,0,2,100,0,Full
10:40:26,100,100,0,2,100,0,Full
10:40:27,100,100,0,2,100,0,Full
10:40:27,100,100,0,2,100,0,Full
10:40:28,100,100,0,2,100,0,Full
10:40:28,100,100,0,2,100,0,Full
10:40:29,100,100,0,2,100,0,Full
10:40:29,100,100,0,2,100,0,Full
10:40:30,100,100,0,2,100,0,Full
10:40:30,100,100,0,2,100,0,Full
10:40:31,100,100,0,2,100,0,Full
10:40:31,100,100,0,2,100,0,Full
10:40:32,100,100,0,2,100,0,Full
10:40:32,100,100,0,2,100,0,Full
10:40:33,100,100,0,2,100,0,Full
10:40:33,100,100,0,2,100,0,Full
10:40:34,100,100,0,2,100,0,Full
10:40:34,100,100,0,2,100,0,Full
10:40:35,100,100,0,2,100,0,Full
10:40:35,100,100,0,2,100,0,Full
10:40:36,100,100,0,2,100,0,Full
10:40:36,100,100,0,2,100,0,Full
10:40:37,100,100,0,2,100,0,Full
10:40:37,100,100,0,2,100,0,Full
10:40:38,100,100,0,2,100,0,Full
10:40:38,100,100,0,2,100,0,Full
10:40:39,100,100,0,2,100,0,Full
10:40:39,100,100,0,2,100,0,Full
10:40:40,100,100,0,2,100,0,Full
10:40:40,100,100,0,2,100,0,Full
10:40:41,100,100,0,2,100,0,Full
10:40:41,100,100,0,2,100,0,Full
10:40:42,100,100,0,2,100,0,Full
10:40:42,100,100,0,2,100,0,Full
10:40:43,100,100,0,2,100,0,Full
10:40:43,100,100,0,2,100,0,Full
10:40:44,100,100,0,2,100,0,Full
10:40:44,100,100,0,2,100,0,Full
10:40:45,100,100,0,2,100,0,Full
10:40:45,100,100,0,2,100,0,Full
10:40:46,100,100,0,2,100,0,Full
10:40:46,100,100,0,2,100,0,Full
10:40:47,100,100,0,2,100,0,Full
10:40:47,100,100,0,2,100,0,Full
10:40:48,100,100,0,2,100,0,Full
10:40:48,100,100,0,2,100,0,Full
10:40:49,100,100,0,2,100,0,Full
10:40:49,100,100,0,2,100,0,Full
10:40:50,100,100,0,2,100,0,Full
10:40:50,100,100,0,2,100,0,Full
10:40:51,100,100,0,2,100,0,Full
10:40:51,100,100,0,2,100,0,Full
10:40:52,100,100,0,2,100,0,Full
10:40:52,100,100,0,2,100,0,Full
10:40:53,100,100,0,2,100,0,Full
10:40:53,100,100,0,2,100,0,Full
10:40:54,100,100,0,2,100,0,Full
10:40:54,100,100,0,2,100,0,Full
10:40:55,100,100,0,2,100,0,Full
10:40:55,100,100,0,2,100,0,Full
10:40:56,100,100,0,2,100,0,Full
10:40:56,100,100,0,2,100,0,Full
10:40:57,100,100,0,2,100,0,Full
10:40:57,100,100,0,2,100,0,Full
10:40:58,100,100,0,2,100,0,Full
10:40:58,100,100,0,2,100,0,Full
10:40:59,100,100,0,2,100,0,Full
10:40:59,100,100,0,2,100,0,Full
10:41:00,100,100,0,2,100,0,Full
10:41:00,100,100,0,2,100,0,Full
10:41:01,100,100,0,2,100,0,Full
10:41:01,100,100,0,2,100,0,Full
10:41:02,100,100,0,2,100,0,Full
10:41:02,100,100,0,2,100,0,Full
10:41:03,100,100,0,2,100,0,Full
10:41:03,100,100,0,2,100,0,Full
10:41:04,100,100,0,2,100,0,Full
10:41:04,100,100,0,2,100,0,Full
10:41:05,100,100,0,2,100,0,Full
10:41:05,100,100,0,2,100,0,Full
10:41:06,100,100,0,2,100,0,Full
10:41:06,100,100,0,2,100,0,Full
10:41:07,100,100,0,2,100,0,Full
10:41:07,100,100,0,2,100,0,Full
10:41:08,100,100,0,2,100,0,Full
10:41:08,100,100,0,2,100,0,Full
10:41:09,100,100,0,2,100,0,Full
10:41:09,100,100,0,2,100,0,Full
10:41:10,100,100,0,2,100,0,Full
10:41:10,100,100,0,2,100,0,Full
10:41:11,100,100,0,2,100,0,Full
10:41:11,100,100,0,2,100,0,Full
10:41:12,100,100,0,2,100,0,Full
10:41:12,100,100,0,2,100,0,Full
10:41:13,100,100,0,2,100,0,Full
10:41:13,100,100,0,2,100,0,Full
10:41:14,100,100,0,2,100,0,Full
10:41:14,100,100,0,2,100,0,Full
10:41:15,100,100,0,2,100,0,Full
10:41:15,100,100,0,2,100,0,Full
10:41:16,100,100,0,2,100,0,Full
10:41:16,100,100,0,2,100,0,Full
10:41:17,100,100,0,2,100,0,Full
10:41:17,100,100,0,2,100,0,Full
10:41:18,100,100,0,2,100,0,Full
10:41:18,100,100,0,2,100,0,Full
10:41:19,100,100,0,2,100,0,Full
10:41:19,100,100,0,2,100,0,Full
10:41:20,100,100,0,2,100,0,Full
10:41:20,100,100,0,2,100,0,Full
10:41:21,100,100,0,2,100,0,Full
10:41:21,100,100,0,2,100,0,Full
10:41:22,100,100,0,2,100,0,Full
10:41:22,100,100,0,2,100,0,Full
10:41:23,100,100,0,2,100,0,Full
10:41:23,100,100,0,2,100,0,Full
10:41:24,100,100,0,2,100,0,Full
10:41:24,100,100,0,2,100,0,Full
10:41:25,100,100,0,2,100,0,Full
10:41:25,100,100,0,2,100,0,Full
10:41:26,100,100,0,2,100,0,Full
10:41:26,100,100,0,2,100,0,Full
10:41:27,100,100,0,2,100,0,Full
10:41:27,100,100,0,2,100,0,Full
10:41:28,100,100,0,2,100,0,Full
10:41:28,100,100,0,2,100,0,Full
10:41:29,100,100,0,2,100,0,Full
10:41:29,100,100,0,2,100,0,Full
10:41:30,100,100,0,2,100,0,Full
10:41:30,100,100,0,2,100,0,Full
10:41:31,100,100,0,2,100,0,Full
10:41:31,100,100,0,2,100,0,Full
10:41:32,100,100,0,2,100,0,Full
10:41:32,100,100,0,2,100,0,Full
10:41:33,100,100,0,2,100,0,Full
10:41:33,100,100,0,2,100,0,Full
10:41:34,100,100,0,2,100,0,Full
10:41:34,100,100,0,2,100,0,Full
10:41:35,100,100,0,2,100,0,Full
10:41:35,100,100,0,2,100,0,Full
10:41:36,100,100,0,2,100,0,Full
10:41:36,100,100,0,2,100,0,Full
10:41:37,100,100,0,2,100,0,Full
10:41:37,100,100,0,2,100,0,Full
10:41:38,100,100,0,2,100,0,Full
10:41:38,100,100,0,2,100,0,Full
10:41:39,100,100,0,2,100,0,Full
10:41:39,100,100,0,2,100,0,Full
10:41:40,100,100,0,2,100,0,Full
10:41:40,100,100,0,2,100,0,Full
10:41:41,100,100,0,2,100,0,Full
10:41:41,100,100,0,2,100,0,Full
10:41:42,100,100,0,2,100,0,Full
10:41:42,100,100,0,2,100,0,Full
10:41:43,100,100,0,2,100,0,Full
10:41:43,100,100,0,2,100,0,Full
10:41:44,100,100,0,2,100,0,Full
10:41:44,100,100,0,2,100,0,Full
10:41:45,100,100,0,2,100,0,Full
10:41:45,100,100,0,2,100,0,Full
10:41:46,100,100,0,2,100,0,Full
10:41:46,100,100,0,2,100,0,Full
10:41:47,100,100,0,2,100,0,Full
10:41:47,100,100,0,2,100,0,Full
10:41:48,100,100,0,2,100,0,Full
10:41:49,100,100,0,2,100,0,Full
10:41:49,100,100,0,2,100,0,Full
10:41:50,100,100,0,2,100,0,Full
10:41:50,100,100,0,2,100,0,Full
10:41:51,100,100,0,2,100,0,Full
10:41:51,100,100,0,2,100,0,Full
10:41:52,100,100,0,2,100,0,Full
10:41:52,100,100,0,2,100,0,Full
10:41:53,100,100,0,2,100,0,Full
10:41:53,100,100,0,2,100,0,Full
10:41:54,100,100,0,2,100,0,Full
10:41:54,100,100,0,2,100,0,Full
10:41:55,100,100,0,2,100,0,Full
10:41:55,100,100,0,2,100,0,Full
10:41:56,100,100,0,2,100,0,Full
10:41:56,100,100,0,2,100,0,Full
10:41:57,100,100,0,2,100,0,Full
10:41:57,100,100,0,2,100,0,Full
10:41:58,100,100,0,2,100,0,Full
10:41:58,100,100,0,2,100,0,Full
10:41:59,100,100,0,2,100,0,Full
10:41:59,100,100,0,2,100,0,Full
10:42:00,100,100,0,2,100,0,Full
10:42:00,100,100,0,2,100,0,Full
10:42:01,100,100,0,2,100,0,Full
10:42:01,100,100,0,2,100,0,Full
10:42:02,100,100,0,2,100,0,Full
10:42:02,100,100,0,2,100,0,Full
10:42:03,100,100,0,2,100,0,Full
10:42:03,100,100,0,2,100,0,Full
10:42:04,100,100,0,2,100,0,Full
10:42:04,100,100,0,2,100,0,Full
10:42:05,100,100,0,2,100,0,Full
10:42:05,100,100,0,2,100,0,Full
10:42:06,100,100,0,2,100,0,Full
10:42:06,100,100,0,2,100,0,Full
10:42:07,100,100,0,2,100,0,Full
10:42:07,100,100,0,2,100,0,Full
10:42:08,100,100,0,2,100,0,Full
10:42:08,100,100,0,2,100,0,Full
10:42:09,100,100,0,2,100,0,Full
10:42:09,100,100,0,2,100,0,Full
10:42:10,100,100,0,2,100,0,Full
10:42:10,100,100,0,2,100,0,Full
10:42:11,100,100,0,2,100,0,Full
10:42:11,100,100,0,2,100,0,Full
10:42:12,100,100,0,2,100,0,Full
10:42:12,100,100,0,2,100,0,Full
10:42:13,100,100,0,2,100,0,Full
10:42:13,100,100,0,2,100,0,Full
10:42:14,100,100,0,2,100,0,Full
10:42:14,100,100,0,2,100,0,Full
10:42:15,100,100,0,2,100,0,Full
10:42:15,100,100,0,2,100,0,Full
10:42:16,100,100,0,2,100,0,Full
10:42:16,100,100,0,2,100,0,Full
10:42:17,100,100,0,2,100,0,Full
10:42:17,100,100,0,2,100,0,Full
10:42:18,100,100,0,2,100,0,Full
10:42:18,100,100,0,2,100,0,Full
10:42:19,100,100,0,2,100,0,Full
10:42:19,100,100,0,2,100,0,Full
10:42:20,100,100,0,2,100,0,Full
10:42:20,100,100,0,2,100,0,Full
10:42:21,100,100,0,2,100,0,Full
10:42:21,100,100,0,2,100,0,Full
10:42:22,100,100,0,2,100,0,Full
10:42:22,100,100,0,2,100,0,Full
10:42:23,100,100,0,2,100,0,Full
10:42:23,100,100,0,2,100,0,Full
10:42:24,100,100,0,2,100,0,Full
10:42:24,100,100,0,2,100,0,Full
10:42:25,100,100,0,2,100,0,Full
10:42:25,100,100,0,2,100,0,Full
10:42:26,100,100,0,2,100,0,Full
10:42:26,100,100,0,2,100,0,Full
10:42:27,100,100,0,2,100,0,Full
10:42:27,100,100,0,2,100,0,Full
10:42:28,100,100,0,2,100,0,Full
10:42:28,100,100,0,2,100,0,Full
10:42:29,100,100,0,2,100,0,Full
10:42:29,100,100,0,2,100,0,Full
10:42:30,100,100,0,2,100,0,Full
10:42:30,100,100,0,2,100,0,Full
10:42:31,100,100,0,2,100,0,Full
10:42:31,100,100,0,2,100,0,Full
10:42:32,100,100,0,2,100,0,Full
10:42:32,100,100,0,2,100,0,Full
10:42:33,100,100,0,2,100,0,Full
10:42:33,100,100,0,2,100,0,Full
10:42:34,100,100,0,2,100,0,Full
10:42:34,100,100,0,2,100,0,Full
10:42:35,100,100,0,2,100,0,Full
10:42:35,100,100,0,2,100,0,Full
10:42:36,100,100,0,2,100,0,Full
10:42:36,100,100,0,2,100,0,Full
10:42:37,100,100,0,2,100,0,Full
10:42:37,100,100,0,2,100,0,Full
10:42:38,100,100,0,2,100,0,Full
10:42:38,100,100,0,2,100,0,Full
10:42:39,100,100,0,2,100,0,Full
10:42:39,100,100,0,2,100,0,Full
10:42:40,100,100,0,2,100,0,Full
10:42:40,100,100,0,2,100,0,Full
10:42:41,100,100,0,2,100,0,Full
10:42:41,100,100,0,2,100,0,Full
10:42:42,100,100,0,2,100,0,Full
10:42:42,100,100,0,2,100,0,Full
10:42:43,100,100,0,2,100,0,Full
10:42:43,100,100,0,2,100,0,Full
10:42:44,100,100,0,2,100,0,Full
10:42:44,100,100,0,2,100,0,Full
10:42:45,100,100,0,2,100,0,Full
10:42:45,100,100,0,2,100,0,Full
10:42:46,100,100,0,2,100,0,Full
10:42:46,100,100,0,2,100,0,Full
10:42:47,100,100,0,2,100,0,Full
10:42:47,100,100,0,2,100,0,Full
10:42:48,100,100,0,2,100,0,Full
10:42:48,100,100,0,2,100,0,Full
10:42:49,100,100,0,2,100,0,Full
10:42:49,100,100,0,2,100,0,Full
10:42:50,100,100,0,2,100,0,Full
10:42:50,100,100,0,2,100,0,Full
10:42:51,100,100,0,2,100,0,Full
10:42:51,100,100,0,2,100,0,Full
10:42:52,100,100,0,2,100,0,Full
10:42:52,100,100,0,2,100,0,Full
10:42:53,100,100,0,2,100,0,Full
10:42:53,100,100,0,2,100,0,Full
10:42:54,100,100,0,2,100,0,Full
10:42:54,100,100,0,2,100,0,Full
10:42:55,100,100,0,2,100,0,Full
10:42:55,100,100,0,2,100,0,Full
10:42:56,100,100,0,2,100,0,Full
10:42:56,100,100,0,2,100,0,Full
10:42:57,100,100,0,2,100,0,Full
10:42:57,100,100,0,2,100,0,Full
10:42:58,100,100,0,2,100,0,Full
10:42:58,100,100,0,2,100,0,Full
10:42:59,100,100,0,2,100,0,Full
10:42:59,100,100,0,2,100,0,Full
10:43:00,100,100,0,2,100,0,Full
10:43:00,100,100,0,2,100,0,Full
10:43:01,100,100,0,2,100,0,Full
10:43:01,100,100,0,2,100,0,Full
10:43:02,100,100,0,2,100,0,Full
10:43:02,100,100,0,2,100,0,Full
10:43:03,100,100,0,2,100,0,Full
10:43:03,100,100,0,2,100,0,Full
10:43:04,100,100,0,2,100,0,Full
10:43:04,100,100,0,2,100,0,Full
10:43:05,100,100,0,2,100,0,Full
10:43:05,100,100,0,2,100,0,Full
10:43:06,100,100,0,2,100,0,Full
10:43:06,100,100,0,2,100,0,Full
10:43:07,100,100,0,2,100,0,Full
10:43:07,100,100,0,2,100,0,Full
10:43:08,100,100,0,2,100,0,Full
10:43:08,100,100,0,2,100,0,Full
10:43:09,100,100,0,2,100,0,Full
10:43:09,100,100,0,2,100,0,Full
10:43:10,100,100,0,2,100,0,Full
10:43:10,100,100,0,2,100,0,Full
10:43:11,100,100,0,2,100,0,Full
10:43:11,100,100,0,2,100,0,Full
10:43:12,100,100,0,2,100,0,Full
10:43:12,100,100,0,2,100,0,Full
10:43:13,100,100,0,2,100,0,Full
10:43:13,100,100,0,2,100,0,Full
10:43:14,100,100,0,2,100,0,Full
10:43:14,100,100,0,2,100,0,Full
10:43:15,100,100,0,2,100,0,Full
10:43:15,100,100,0,2,100,0,Full
10:43:16,100,100,0,2,100,0,Full
10:43:16,100,100,0,2,100,0,Full
10:43:17,100,100,0,2,100,0,Full
10:43:17,100,100,0,2,100,0,Full
10:43:18,100,100,0,2,100,0,Full
10:43:18,100,100,0,2,100,0,Full
10:43:19,100,100,0,2,100,0,Full
10:43:19,100,100,0,2,100,0,Full
10:43:20,100,100,0,2,100,0,Full
10:43:20,100,100,0,2,100,0,Full
10:43:21,100,100,0,2,100,0,Full
10:43:21,100,100,0,2,100,0,Full
10:43:22,100,100,0,2,100,0,Full
10:43:22,100,100,0,2,100,0,Full
10:43:23,100,100,0,2,100,0,Full
10:43:23,100,100,0,2,100,0,Full
10:43:24,100,100,0,2,100,0,Full
10:43:24,100,100,0,2,100,0,Full
10:43:25,100,100,0,2,100,0,Full
10:43:25,100,100,0,2,100,0,Full
10:43:26,100,100,0,2,100,0,Full
10:43:26,100,100,0,2,100,0,Full
10:43:27,100,100,0,2,100,0,Full
10:43:27,100,100,0,2,100,0,Full
10:43:28,100,100,0,2,100,0,Full
10:43:28,100,100,0,2,100,0,Full
10:43:29,100,100,0,2,100,0,Full
10:43:29,100,100,0,2,100,0,Full
10:43:30,100,100,0,2,100,0,Full
10:43:30,100,100,0,2,100,0,Full
10:43:31,100,100,0,2,100,0,Full
10:43:31,100,100,0,2,100,0,Full
10:43:32,100,100,0,2,100,0,Full
10:43:32,100,100,0,2,100,0,Full
10:43:33,100,100,0,2,100,0,Full
10:43:33,100,100,0,2,100,0,Full
10:43:34,100,100,0,2,100,0,Full
10:43:34,100,100,0,2,100,0,Full
10:43:35,100,100,0,2,100,0,Full
10:43:35,100,100,0,2,100,0,Full
10:43:36,100,100,0,2,100,0,Full
10:43:36,100,100,0,2,100,0,Full
10:43:37,100,100,0,2,100,0,Full
10:43:37,100,100,0,2,100,0,Full
10:43:38,100,100,0,2,100,0,Full
10:43:38,100,100,0,2,100,0,Full
10:43:39,100,100,0,2,100,0,Full
10:43:39,100,100,0,2,100,0,Full
10:43:40,100,100,0,2,100,0,Full
10:43:40,100,100,0,2,100,0,Full
10:43:41,100,100,0,2,100,0,Full
10:43:41,100,100,0,2,100,0,Full
10:43:42,100,100,0,2,100,0,Full
10:43:42,100,100,0,2,100,0,Full
10:43:43,100,100,0,2,100,0,Full
10:43:43,100,100,0,2,100,0,Full
10:43:44,100,100,0,2,100,0,Full
10:43:44,100,100,0,2,100,0,Full
10:43:45,100,100,0,2,100,0,Full
10:43:45,100,100,0,2,100,0,Full
10:43:46,100,100,0,2,100,0,Full
10:43:46,100,100,0,2,100,0,Full
10:43:47,100,100,0,2,100,0,Full
10:43:47,100,100,0,2,100,0,Full
10:43:48,100,100,0,2,100,0,Full
10:43:48,100,100,0,2,100,0,Full
10:43:49,100,100,0,2,100,0,Full
10:43:49,100,100,0,2,100,0,Full
10:43:50,100,100,0,2,100,0,Full
10:43:50,100,100,0,2,100,0,Full
10:43:51,100,100,0,2,100,0,Full
10:43:51,100,100,0,2,100,0,Full
10:43:52,100,100,0,2,100,0,Full
10:43:52,100,100,0,2,100,0,Full
10:43:53,100,100,0,2,100,0,Full
10:43:53,100,100,0,2,100,0,Full
10:43:54,100,100,0,2,100,0,Full
10:43:54,100,100,0,2,100,0,Full
10:43:55,100,100,0,2,100,0,Full
10:43:55,100,100,0,2,100,0,Full
10:43:56,100,100,0,2,100,0,Full
10:43:56,100,100,0,2,100,0,Full
10:43:57,100,100,0,2,100,0,Full
10:43:57,100,100,0,2,100,0,Full
10:43:58,100,100,0,2,100,0,Full
10:43:58,100,100,0,2,100,0,Full
10:43:59,100,100,0,2,100,0,Full
10:43:59,100,100,0,2,100,0,Full
10:44:00,100,100,0,2,100,0,Full
10:44:00,100,100,0,2,100,0,Full
10:44:01,100,100,0,2,100,0,Full
10:44:01,100,100,0,2,100,0,Full
10:44:02,100,100,0,2,100,0,Full
10:44:02,100,100,0,2,100,0,Full
10:44:03,100,100,0,2,100,0,Full
10:44:03,100,100,0,2,100,0,Full
10:44:04,100,100,0,2,100,0,Full
10:44:04,100,100,0,2,100,0,Full
10:44:05,100,100,0,2,100,0,Full
10:44:05,100,100,0,2,100,0,Full
10:44:06,100,100,0,2,100,0,Full
10:44:06,100,100,0,2,100,0,Full
10:44:07,100,100,0,2,100,0,Full
10:44:07,100,100,0,2,100,0,Full
10:44:08,100,100,0,2,100,0,Full
10:44:08,100,100,0,2,100,0,Full
10:44:09,100,100,0,2,100,0,Full
10:44:09,100,100,0,2,100,0,Full
10:44:10,100,100,0,2,100,0,Full
10:44:10,100,100,0,2,100,0,Full
10:44:11,100,100,0,2,100,0,Full
10:44:11,100,100,0,2,100,0,Full
10:44:12,100,100,0,2,100,0,Full
10:44:12,100,100,0,2,100,0,Full
10:44:13,100,100,0,2,100,0,Full
10:44:13,100,100,0,2,100,0,Full
10:44:14,100,100,0,2,100,0,Full
10:44:14,100,100,0,2,100,0,Full
10:44:15,100,100,0,2,100,0,Full
10:44:15,100,100,0,2,100,0,Full
10:44:16,100,100,0,2,100,0,Full
10:44:16,100,100,0,2,100,0,Full
10:44:17,100,100,0,2,100,0,Full
10:44:17,100,100,0,2,100,0,Full
10:44:18,100,100,0,2,100,0,Full
10:44:18,100,100,0,2,100,0,Full
10:44:19,100,100,0,2,100,0,Full
10:44:19,100,100,0,2,100,0,Full
10:44:20,100,100,0,2,100,0,Full
10:44:20,100,100,0,2,100,0,Full
10:44:21,100,100,0,2,100,0,Full
10:44:21,100,100,0,2,100,0,Full
10:44:22,100,100,0,2,100,0,Full
10:44:22,100,100,0,2,100,0,Full
10:44:23,100,100,0,2,100,0,Full
10:44:23,100,100,0,2,100,0,Full
10:44:24,100,100,0,2,100,0,Full
10:44:24,100,100,0,2,100,0,Full
10:44:25,100,100,0,2,100,0,Full
10:44:25,100,100,0,2,100,0,Full
10:44:26,100,100,0,2,100,0,Full
10:44:26,100,100,0,2,100,0,Full
10:44:27,100,100,0,2,100,0,Full
10:44:27,100,100,0,2,100,0,Full
10:44:28,100,100,0,2,100,0,Full
10:44:28,100,100,0,2,100,0,Full
10:44:29,100,100,0,2,100,0,Full
10:44:29,100,100,0,2,100,0,Full
10:44:30,100,100,0,2,100,0,Full
10:44:30,100,100,0,2,100,0,Full
10:44:31,100,100,0,2,100,0,Full
10:44:31,100,100,0,2,100,0,Full
10:44:32,100,100,0,2,100,0,Full
10:44:32,100,100,0,2,100,0,Full
10:44:33,100,100,0,2,100,0,Full
10:44:33,100,100,0,2,100,0,Full
10:44:34,100,100,0,2,100,0,Full
10:44:34,100,100,0,2,100,0,Full
10:44:35,100,100,0,2,100,0,Full
10:44:35,100,100,0,2,100,0,Full
10:44:36,100,100,0,2,100,0,Full
10:44:36,100,100,0,2,100,0,Full
10:44:37,100,100,0,2,100,0,Full
10:44:37,100,100,0,2,100,0,Full
10:44:38,100,100,0,2,100,0,Full
10:44:38,100,100,0,2,100,0,Full
10:44:39,100,100,0,2,100,0,Full
10:44:39,100,100,0,2,100,0,Full
10:44:40,100,100,0,2,100,0,Full
10:44:40,100,100,0,2,100,0,Full
10:44:41,100,100,0,2,100,0,Full
10:44:41,100,100,0,2,100,0,Full
10:44:42,100,100,0,2,100,0,Full
10:44:42,100,100,0,2,100,0,Full
10:44:43,100,100,0,2,100,0,Full
10:44:43,100,100,0,2,100,0,Full
10:44:44,100,100,0,2,100,0,Full
10:44:44,100,100,0,2,100,0,Full
10:44:45,100,100,0,2,100,0,Full
10:44:45,100,100,0,2,100,0,Full
10:44:46,100,100,0,2,100,0,Full
10:44:46,100,100,0,2,100,0,Full
10:44:47,100,100,0,2,100,0,Full
10:44:47,100,100,0,2,100,0,Full
10:44:48,100,100,0,2,100,0,Full
10:44:48,100,100,0,2,100,0,Full
10:44:49,100,100,0,2,100,0,Full
10:44:49,100,100,0,2,100,0,Full
10:44:50,100,100,0,2,100,0,Full
10:44:50,100,100,0,2,100,0,Full
10:44:51,100,100,0,2,100,0,Full
10:44:51,100,100,0,2,100,0,Full
10:44:52,100,100,0,2,100,0,Full
10:44:52,100,100,0,2,100,0,Full
10:44:53,100,100,0,2,100,0,Full
10:44:53,100,100,0,2,100,0,Full
10:44:54,100,100,0,2,100,0,Full
10:44:54,100,100,0,2,100,0,Full
10:44:55,100,100,0,2,100,0,Full
10:44:55,100,100,0,2,100,0,Full
10:44:56,100,100,0,2,100,0,Full
10:44:56,100,100,0,2,100,0,Full
10:44:57,100,100,0,2,100,0,Full
10:44:57,100,100,0,2,100,0,Full
10:44:58,100,100,0,2,100,0,Full
10:44:58,100,100,0,2,100,0,Full
10:44:59,100,100,0,2,100,0,Full
10:44:59,100,100,0,2,100,0,Full
10:45:00,100,100,0,2,100,0,Full
10:45:00,100,100,0,2,100,0,Full
10:45:01,100,100,0,2,100,0,Full
10:45:01,100,100,0,2,100,0,Full
10:45:02,100,100,0,2,100,0,Full
10:45:02,100,100,0,2,100,0,Full
10:45:03,100,100,0,2,100,0,Full
10:45:03,100,100,0,2,100,0,Full
10:45:04,100,100,0,2,100,0,Full
10:45:04,100,100,0,2,100,0,Full
10:45:05,100,100,0,2,100,0,Full
10:45:05,100,100,0,2,100,0,Full
10:45:06,100,100,0,2,100,0,Full
10:45:06,100,100,0,2,100,0,Full
10:45:07,100,100,0,2,100,0,Full
10:45:07,100,100,0,2,100,0,Full
10:45:08,100,100,0,2,100,0,Full
10:45:08,100,100,0,2,100,0,Full
10:45:09,100,100,0,2,100,0,Full
10:45:09,100,100,0,2,100,0,Full
10:45:10,100,100,0,2,100,0,Full
10:45:10,100,100,0,2,100,0,Full
10:45:11,100,100,0,2,100,0,Full
10:45:11,100,100,0,2,100,0,Full
10:45:12,100,100,0,2,100,0,Full
10:45:12,100,100,0,2,100,0,Full
10:45:13,100,100,0,2,100,0,Full
10:45:13,100,100,0,2,100,0,Full
10:45:14,100,100,0,2,100,0,Full
10:45:14,100,100,0,2,100,0,Full
10:45:15,100,100,0,2,100,0,Full
10:45:15,100,100,0,2,100,0,Full
10:45:16,100,100,0,2,100,0,Full
10:45:16,100,100,0,2,100,0,Full
10:45:17,100,100,0,2,100,0,Full
10:45:17,100,100,0,2,100,0,Full
10:45:18,100,100,0,2,100,0,Full
10:45:18,100,100,0,2,100,0,Full
10:45:19,100,100,0,2,100,0,Full
10:45:19,100,100,0,2,100,0,Full
10:45:20,100,100,0,2,100,0,Full
10:45:20,100,100,0,2,100,0,Full
10:45:21,100,100,0,2,100,0,Full
10:45:21,100,100,0,2,100,0,Full
10:45:22,100,100,0,2,100,0,Full
10:45:22,100,100,0,2,100,0,Full
10:45:23,100,100,0,2,100,0,Full
10:45:23,100,100,0,2,100,0,Full
10:45:24,100,100,0,2,100,0,Full
10:45:24,100,100,0,2,100,0,Full
10:45:25,100,100,0,2,100,0,Full
10:45:25,100,100,0,2,100,0,Full
10:45:26,100,100,0,2,100,0,Full
10:45:26,100,100,0,2,100,0,Full
10:45:27,100,100,0,2,100,0,Full
10:45:27,100,100,0,2,100,0,Full
10:45:28,100,100,0,2,100,0,Full
10:45:28,100,100,0,2,100,0,Full
10:45:29,100,100,0,2,100,0,Full
10:45:29,100,100,0,2,100,0,Full
10:45:30,100,100,0,2,100,0,Full
10:45:30,100,100,0,2,100,0,Full
10:45:31,100,100,0,2,100,0,Full
10:45:31,100,100,0,2,100,0,Full
10:45:32,100,100,0,2,100,0,Full
10:45:32,100,100,0,2,100,0,Full
10:45:33,100,100,0,2,100,0,Full
10:45:33,100,100,0,2,100,0,Full
10:45:34,100,100,0,2,100,0,Full
10:45:34,100,100,0,2,100,0,Full
10:45:35,100,100,0,2,100,0,Full
10:45:35,100,100,0,2,100,0,Full
10:45:36,100,100,0,2,100,0,Full
10:45:36,100,100,0,2,100,0,Full
10:45:37,100,100,0,2,100,0,Full
10:45:37,100,100,0,2,100,0,Full
10:45:38,100,100,0,2,100,0,Full
10:45:38,100,100,0,2,100,0,Full
10:45:39,100,100,0,2,100,0,Full
10:45:39,100,100,0,2,100,0,Full
10:45:40,100,100,0,2,100,0,Full
10:45:40,100,100,0,2,100,0,Full
10:45:41,100,100,0,2,100,0,Full
10:45:41,100,100,0,2,100,0,Full
10:45:42,100,100,0,2,100,0,Full
10:45:42,100,100,0,2,100,0,Full
10:45:43,100,100,0,2,100,0,Full
10:45:43,100,100,0,2,100,0,Full
10:45:44,100,100,0,2,100,0,Full
10:45:44,100,100,0,2,100,0,Full
10:45:45,100,100,0,2,100,0,Full
10:45:45,100,100,0,2,100,0,Full
10:45:46,100,100,0,2,100,0,Full
10:45:46,100,100,0,2,100,0,Full
10:45:47,100,100,0,2,100,0,Full
10:45:47,100,100,0,2,100,0,Full
10:45:48,100,100,0,2,100,0,Full
10:45:48,100,100,0,2,100,0,Full
10:45:49,100,100,0,2,100,0,Full
10:45:49,100,100,0,2,100,0,Full
10:45:50,100,100,0,2,100,0,Full
10:45:50,100,100,0,2,100,0,Full
10:45:51,100,100,0,2,100,0,Full
10:45:51,100,100,0,2,100,0,Full
10:45:52,100,100,0,2,100,0,Full
10:45:52,100,100,0,2,100,0,Full
10:45:53,100,100,0,2,100,0,Full
10:45:53,100,100,0,2,100,0,Full
10:45:54,100,100,0,2,100,0,Full
10:45:54,100,100,0,2,100,0,Full
10:45:55,100,100,0,2,100,0,Full
10:45:55,100,100,0,2,100,0,Full
10:45:56,100,100,0,2,100,0,Full
10:45:56,100,100,0,2,100,0,Full
10:45:57,100,100,0,2,100,0,Full
10:45:57,100,100,0,2,100,0,Full
10:45:58,100,100,0,2,100,0,Full
10:45:58,100,100,0,2,100,0,Full
10:45:59,100,100,0,2,100,0,Full
10:45:59,100,100,0,2,100,0,Full
10:46:00,100,100,0,2,100,0,Full
10:46:00,100,100,0,2,100,0,Full
10:46:01,100,100,0,2,100,0,Full
10:46:01,100,100,0,2,100,0,Full
10:46:02,100,100,0,2,100,0,Full
10:46:02,100,100,0,2,100,0,Full
10:46:03,100,100,0,2,100,0,Full
10:46:03,100,100,0,2,100,0,Full
10:46:04,100,100,0,2,100,0,Full
10:46:04,100,100,0,2,100,0,Full
10:46:05,100,100,0,2,100,0,Full
10:46:05,100,100,0,2,100,0,Full
10:46:06,100,100,0,2,100,0,Full
10:46:06,100,100,0,2,100,0,Full
10:46:07,100,100,0,2,100,0,Full
10:46:07,100,100,0,2,100,0,Full
10:46:08,100,100,0,2,100,0,Full
10:46:08,100,100,0,2,100,0,Full
10:46:09,100,100,0,2,100,0,Full
10:46:09,100,100,0,2,100,0,Full
10:46:10,100,100,0,2,100,0,Full
10:46:10,100,100,0,2,100,0,Full
10:46:11,100,100,0,2,100,0,Full
10:46:11,100,100,0,2,100,0,Full
10:46:12,100,100,0,2,100,0,Full
10:46:12,100,100,0,2,100,0,Full
10:46:13,100,100,0,2,100,0,Full
10:46:13,100,100,0,2,100,0,Full
10:46:14,100,100,0,2,100,0,Full
10:46:14,100,100,0,2,100,0,Full
10:46:15,100,100,0,2,100,0,Full
10:46:15,100,100,0,2,100,0,Full
10:46:16,100,100,0,2,100,0,Full
10:46:16,100,100,0,2,100,0,Full
10:46:17,100,100,0,2,100,0,Full
10:46:17,100,100,0,2,100,0,Full
10:46:18,100,100,0,2,100,0,Full
10:46:18,100,100,0,2,100,0,Full
10:46:19,100,100,0,2,100,0,Full
10:46:19,100,100,0,2,100,0,Full
10:46:20,100,100,0,2,100,0,Full
10:46:20,100,100,0,2,100,0,Full
10:46:21,100,100,0,2,100,0,Full
10:46:21,100,100,0,2,100,0,Full
10:46:22,100,100,0,2,100,0,Full
10:46:22,100,100,0,2,100,0,Full
10:46:23,100,100,0,2,100,0,Full
10:46:23,100,100,0,2,100,0,Full
10:46:24,100,100,0,2,100,0,Full
10:46:24,100,100,0,2,100,0,Full
10:46:25,100,100,0,2,100,0,Full
10:46:25,100,100,0,2,100,0,Full
10:46:26,100,100,0,2,100,0,Full
10:46:26,100,100,0,2,100,0,Full
10:46:27,100,100,0,2,100,0,Full
10:46:27,100,100,0,2,100,0,Full
10:46:28,100,100,0,2,100,0,Full
10:46:28,100,100,0,2,100,0,Full
10:46:29,100,100,0,2,100,0,Full
10:46:29,100,100,0,2,100,0,Full
10:46:30,100,100,0,2,100,0,Full
10:46:30,100,100,0,2,100,0,Full
10:46:31,100,100,0,2,100,0,Full
10:46:31,100,100,0,2,100,0,Full
10:46:32,100,100,0,2,100,0,Full
10:46:32,100,100,0,2,100,0,Full
10:46:33,100,100,0,2,100,0,Full
10:46:33,100,100,0,2,100,0,Full
10:46:34,100,100,0,2,100,0,Full
10:46:34,100,100,0,2,100,0,Full
10:46:35,100,100,0,2,100,0,Full
10:46:35,100,100,0,2,100,0,Full
10:46:36,100,100,0,2,100,0,Full
10:46:36,100,100,0,2,100,0,Full
10:46:37,100,100,0,2,100,0,Full
10:46:37,100,100,0,2,100,0,Full
10:46:38,100,100,0,2,100,0,Full
10:46:38,100,100,0,2,100,0,Full
10:46:39,100,100,0,2,100,0,Full
10:46:39,100,100,0,2,100,0,Full
10:46:40,100,100,0,2,100,0,Full
10:46:40,100,100,0,2,100,0,Full
10:46:41,100,100,0,2,100,0,Full
10:46:41,100,100,0,2,100,0,Full
10:46:42,100,100,0,2,100,0,Full
10:46:42,100,100,0,2,100,0,Full
10:46:43,100,100,0,2,100,0,Full
10:46:43,100,100,0,2,100,0,Full
10:46:44,100,100,0,2,100,0,Full
10:46:44,100,100,0,2,100,0,Full
10:46:45,100,100,0,2,100,0,Full
10:46:45,100,100,0,2,100,0,Full
10:46:46,100,100,0,2,100,0,Full
10:46:46,100,100,0,2,100,0,Full
10:46:47,100,100,0,2,100,0,Full
10:46:47,100,100,0,2,100,0,Full
10:46:48,100,100,0,2,100,0,Full
10:46:48,100,100,0,2,100,0,Full
10:46:49,100,100,0,2,100,0,Full
10:46:49,100,100,0,2,100,0,Full
10:46:50,100,100,0,2,100,0,Full
10:46:50,100,100,0,2,100,0,Full
10:46:51,100,100,0,2,100,0,Full
10:46:51,100,100,0,2,100,0,Full
10:46:52,100,100,0,2,100,0,Full
10:46:52,100,100,0,2,100,0,Full
10:46:53,100,100,0,2,100,0,Full
10:46:53,100,100,0,2,100,0,Full
10:46:54,100,100,0,2,100,0,Full
10:46:54,100,100,0,2,100,0,Full
10:46:55,100,100,0,2,100,0,Full
10:46:55,100,100,0,2,100,0,Full
10:46:56,100,100,0,2,100,0,Full
10:46:56,100,100,0,2,100,0,Full
10:46:57,100,100,0,2,100,0,Full
10:46:57,100,100,0,2,100,0,Full
10:46:58,100,100,0,2,100,0,Full
10:46:58,100,100,0,2,100,0,Full
10:46:59,100,100,0,2,100,0,Full
10:46:59,100,100,0,2,100,0,Full
10:47:00,100,100,0,2,100,0,Full
10:47:00,100,100,0,2,100,0,Full
10:47:01,100,100,0,2,100,0,Full
10:47:01,100,100,0,2,100,0,Full
10:47:02,100,100,0,2,100,0,Full
10:47:02,100,100,0,2,100,0,Full
10:47:03,100,100,0,2,100,0,Full
10:47:03,100,100,0,2,100,0,Full
10:47:04,100,100,0,2,100,0,Full
10:47:04,100,100,0,2,100,0,Full
10:47:05,100,100,0,2,100,0,Full
10:47:05,100,100,0,2,100,0,Full
10:47:06,100,100,0,2,100,0,Full
10:47:06,100,100,0,2,100,0,Full
10:47:07,100,100,0,2,100,0,Full
10:47:07,100,100,0,2,100,0,Full
10:47:08,100,100,0,2,100,0,Full
10:47:08,100,100,0,2,100,0,Full
10:47:09,100,100,0,2,100,0,Full
10:47:09,100,100,0,2,100,0,Full
10:47:10,100,100,0,2,100,0,Full
10:47:10,100,100,0,2,100,0,Full
10:47:11,100,100,0,2,100,0,Full
10:47:11,100,100,0,2,100,0,Full
10:47:12,100,100,0,2,100,0,Full
10:47:12,100,100,0,2,100,0,Full
10:47:13,100,100,0,2,100,0,Full
10:47:13,100,100,0,2,100,0,Full
10:47:14,100,100,0,2,100,0,Full
10:47:14,100,100,0,2,100,0,Full
10:47:15,100,100,0,2,100,0,Full
10:47:15,100,100,0,2,100,0,Full
10:47:16,100,100,0,2,100,0,Full
10:47:16,100,100,0,2,100,0,Full
10:47:17,100,100,0,2,100,0,Full
10:47:17,100,100,0,2,100,0,Full
10:47:18,100,100,0,2,100,0,Full
10:47:18,100,100,0,2,100,0,Full
10:47:19,100,100,0,2,100,0,Full
10:47:19,100,100,0,2,100,0,Full
10:47:20,100,100,0,2,100,0,Full
10:47:20,100,100,0,2,100,0,Full
10:47:21,100,100,0,2,100,0,Full
10:47:21,100,100,0,2,100,0,Full
10:47:22,100,100,0,2,100,0,Full
10:47:22,100,100,0,2,100,0,Full
10:47:23,100,100,0,2,100,0,Full
10:47:23,100,100,0,2,100,0,Full
10:47:24,100,100,0,2,100,0,Full
10:47:24,100,100,0,2,100,0,Full
10:47:25,100,100,0,2,100,0,Full
10:47:25,100,100,0,2,100,0,Full
10:47:26,100,100,0,2,100,0,Full
10:47:26,100,100,0,2,100,0,Full
10:47:27,100,100,0,2,100,0,Full
10:47:27,100,100,0,2,100,0,Full
10:47:28,100,100,0,2,100,0,Full
10:47:28,100,100,0,2,100,0,Full
10:47:29,100,100,0,2,100,0,Full
10:47:29,100,100,0,2,100,0,Full
10:47:30,100,100,0,2,100,0,Full
10:47:30,100,100,0,2,100,0,Full
10:47:31,100,100,0,2,100,0,Full
10:47:31,100,100,0,2,100,0,Full
10:47:32,100,100,0,2,100,0,Full
10:47:32,100,100,0,2,100,0,Full
10:47:33,100,100,0,2,100,0,Full
10:47:33,100,100,0,2,100,0,Full
10:47:34,100,100,0,2,100,0,Full
10:47:34,100,100,0,2,100,0,Full
10:47:35,100,100,0,2,100,0,Full
10:47:35,100,100,0,2,100,0,Full
10:47:36,100,100,0,2,100,0,Full
10:47:36,100,100,0,2,100,0,Full
10:47:37,100,100,0,2,100,0,Full
10:47:37,100,100,0,2,100,0,Full
10:47:38,100,100,0,2,100,0,Full
10:47:38,100,100,0,2,100,0,Full
10:47:39,100,100,0,2,100,0,Full
10:47:39,100,100,0,2,100,0,Full
10:47:40,100,100,0,2,100,0,Full
10:47:40,100,100,0,2,100,0,Full
10:47:41,100,100,0,2,100,0,Full
10:47:41,100,100,0,2,100,0,Full
10:47:42,100,100,0,2,100,0,Full
10:47:42,100,100,0,2,100,0,Full
10:47:43,100,100,0,2,100,0,Full
10:47:43,100,100,0,2,100,0,Full
10:47:44,100,100,0,2,100,0,Full
10:47:44,100,100,0,2,100,0,Full
10:47:45,100,100,0,2,100,0,Full
10:47:45,100,100,0,2,100,0,Full
10:47:46,100,100,0,2,100,0,Full
10:47:46,100,100,0,2,100,0,Full
10:47:47,100,100,0,2,100,0,Full
10:47:47,100,100,0,2,100,0,Full
10:47:48,100,100,0,2,100,0,Full
10:47:48,100,100,0,2,100,0,Full
10:47:49,100,100,0,2,100,0,Full
10:47:49,100,100,0,2,100,0,Full
10:47:50,100,100,0,2,100,0,Full
10:47:50,100,100,0,2,100,0,Full
10:47:51,100,100,0,2,100,0,Full
10:47:51,100,100,0,2,100,0,Full
10:47:52,100,100,0,2,100,0,Full
10:47:52,100,100,0,2,100,0,Full
10:47:53,100,100,0,2,100,0,Full
10:47:53,100,100,0,2,100,0,Full
10:47:54,100,100,0,2,100,0,Full
10:47:54,100,100,0,2,100,0,Full
10:47:55,100,100,0,2,100,0,Full
10:47:55,100,100,0,2,100,0,Full
10:47:56,100,100,0,2,100,0,Full
10:47:56,100,100,0,2,100,0,Full
10:47:57,100,100,0,2,100,0,Full
10:47:57,100,100,0,2,100,0,Full
10:47:58,100,100,0,2,100,0,Full
10:47:58,100,100,0,2,100,0,Full
10:47:59,100,100,0,2,100,0,Full
10:47:59,100,100,0,2,100,0,Full
10:48:00,100,100,0,2,100,0,Full
10:48:00,100,100,0,2,100,0,Full
10:48:01,100,100,0,2,100,0,Full
10:48:01,100,100,0,2,100,0,Full
10:48:02,100,100,0,2,100,0,Full
10:48:02,100,100,0,2,100,0,Full
10:48:03,100,100,0,2,100,0,Full
10:48:03,100,100,0,2,100,0,Full
10:48:04,100,100,0,2,100,0,Full
10:48:04,100,100,0,2,100,0,Full
10:48:05,100,100,0,2,100,0,Full
10:48:05,100,100,0,2,100,0,Full
10:48:06,100,100,0,2,100,0,Full
10:48:06,100,100,0,2,100,0,Full
10:48:07,100,100,0,2,100,0,Full
10:48:07,100,100,0,2,100,0,Full
10:48:08,100,100,0,2,100,0,Full
10:48:08,100,100,0,2,100,0,Full
10:48:09,100,100,0,2,100,0,Full
10:48:09,100,100,0,2,100,0,Full
10:48:10,100,100,0,2,100,0,Full
10:48:10,100,100,0,2,100,0,Full
10:48:11,100,100,0,2,100,0,Full
10:48:11,100,100,0,2,100,0,Full
10:48:12,100,100,0,2,100,0,Full
10:48:12,100,100,0,2,100,0,Full
10:48:13,100,100,0,2,100,0,Full
10:48:13,100,100,0,2,100,0,Full
10:48:14,100,100,0,2,100,0,Full
10:48:14,100,100,0,2,100,0,Full
10:48:15,100,100,0,2,100,0,Full
10:48:15,100,100,0,2,100,0,Full
10:48:16,100,100,0,2,100,0,Full
10:48:16,100,100,0,2,100,0,Full
10:48:17,100,100,0,2,100,0,Full
10:48:17,100,100,0,2,100,0,Full
10:48:18,100,100,0,2,100,0,Full
10:48:18,100,100,0,2,100,0,Full
10:48:19,100,100,0,2,100,0,Full
10:48:19,100,100,0,2,100,0,Full
10:48:20,100,100,0,2,100,0,Full
10:48:20,100,100,0,2,100,0,Full
10:48:21,100,100,0,2,100,0,Full
10:48:21,100,100,0,2,100,0,Full
10:48:22,100,100,0,2,100,0,Full
10:48:22,100,100,0,2,100,0,Full
10:48:23,100,100,0,2,100,0,Full
10:48:23,100,100,0,2,100,0,Full
10:48:24,100,100,0,2,100,0,Full
10:48:24,100,100,0,2,100,0,Full
10:48:25,100,100,0,2,100,0,Full
10:48:25,100,100,0,2,100,0,Full
10:48:26,100,100,0,2,100,0,Full
10:48:26,100,100,0,2,100,0,Full
10:48:27,100,100,0,2,100,0,Full
10:48:27,100,100,0,2,100,0,Full
10:48:28,100,100,0,2,100,0,Full
10:48:28,100,100,0,2,100,0,Full
10:48:29,100,100,0,2,100,0,Full
10:48:29,100,100,0,2,100,0,Full
10:48:30,100,100,0,2,100,0,Full
10:48:30,100,100,0,2,100,0,Full
10:48:31,100,100,0,2,100,0,Full
10:48:31,100,100,0,2,100,0,Full
10:48:32,100,100,0,2,100,0,Full
10:48:32,100,100,0,2,100,0,Full
10:48:33,100,100,0,2,100,0,Full
10:48:33,100,100,0,2,100,0,Full
10:48:34,100,100,0,2,100,0,Full
10:48:34,100,100,0,2,100,0,Full
10:48:35,100,100,0,2,100,0,Full
10:48:35,100,100,0,2,100,0,Full
10:48:36,100,100,0,2,100,0,Full
10:48:36,100,100,0,2,100,0,Full
10:48:37,100,100,0,2,100,0,Full
10:48:37,100,100,0,2,100,0,Full
10:48:38,100,100,0,2,100,0,Full
10:48:38,100,100,0,2,100,0,Full
10:48:39,100,100,0,2,100,0,Full
10:48:39,100,100,0,2,100,0,Full
10:48:40,100,100,0,2,100,0,Full
10:48:40,100,100,0,2,100,0,Full
10:48:41,100,100,0,2,100,0,Full
10:48:41,100,100,0,2,100,0,Full
10:48:42,100,100,0,2,100,0,Full
10:48:42,100,100,0,2,100,0,Full
10:48:43,100,100,0,2,100,0,Full
10:48:43,100,100,0,2,100,0,Full
10:48:44,100,100,0,2,100,0,Full
10:48:44,100,100,0,2,100,0,Full
10:48:45,100,100,0,2,100,0,Full
10:48:45,100,100,0,2,100,0,Full
10:48:46,100,100,0,2,100,0,Full
10:48:46,100,100,0,2,100,0,Full
10:48:47,100,100,0,2,100,0,Full
10:48:47,100,100,0,2,100,0,Full
10:48:48,100,100,0,2,100,0,Full
10:48:48,100,100,0,2,100,0,Full
10:48:49,100,100,0,2,100,0,Full
10:48:49,100,100,0,2,100,0,Full
10:48:50,100,100,0,2,100,0,Full
10:48:50,100,100,0,2,100,0,Full
10:48:51,100,100,0,2,100,0,Full
10:48:51,100,100,0,2,100,0,Full
10:48:52,100,100,0,2,100,0,Full
10:48:52,100,100,0,2,100,0,Full
10:48:53,100,100,0,2,100,0,Full
10:48:53,100,100,0,2,100,0,Full
10:48:54,100,100,0,2,100,0,Full
10:48:54,100,100,0,2,100,0,Full
10:48:55,100,100,0,2,100,0,Full
10:48:55,100,100,0,2,100,0,Full
10:48:56,100,100,0,2,100,0,Full
10:48:56,100,100,0,2,100,0,Full
10:48:57,100,100,0,2,100,0,Full
10:48:57,100,100,0,2,100,0,Full
10:48:58,100,100,0,2,100,0,Full
10:48:58,100,100,0,2,100,0,Full
10:48:59,100,100,0,2,100,0,Full
10:48:59,100,100,0,2,100,0,Full
10:49:00,100,100,0,2,100,0,Full
10:49:00,100,100,0,2,100,0,Full
10:49:01,100,100,0,2,100,0,Full
10:49:01,100,100,0,2,100,0,Full
10:49:02,100,100,0,2,100,0,Full
10:49:02,100,100,0,2,100,0,Full
10:49:03,100,100,0,2,100,0,Full
10:49:03,100,100,0,2,100,0,Full
10:49:04,100,100,0,2,100,0,Full
10:49:04,100,100,0,2,100,0,Full
10:49:05,100,100,0,2,100,0,Full
10:49:05,100,100,0,2,100,0,Full
10:49:06,100,100,0,2,100,0,Full
10:49:06,100,100,0,2,100,0,Full
10:49:07,100,100,0,2,100,0,Full
10:49:07,100,100,0,2,100,0,Full
10:49:08,100,100,0,2,100,0,Full
10:49:08,100,100,0,2,100,0,Full
10:49:09,100,100,0,2,100,0,Full
10:49:09,100,100,0,2,100,0,Full
10:49:10,100,100,0,2,100,0,Full
10:49:10,100,100,0,2,100,0,Full
10:49:11,100,100,0,2,100,0,Full
10:49:11,100,100,0,2,100,0,Full
10:49:12,100,100,0,2,100,0,Full
10:49:12,100,100,0,2,100,0,Full
10:49:13,100,100,0,2,100,0,Full
10:49:13,100,100,0,2,100,0,Full
10:49:14,100,100,0,2,100,0,Full
10:49:14,100,100,0,2,100,0,Full
10:49:15,100,100,0,2,100,0,Full
10:49:15,100,100,0,2,100,0,Full
10:49:16,100,100,0,2,100,0,Full
10:49:16,100,100,0,2,100,0,Full
10:49:17,100,100,0,2,100,0,Full
10:49:17,100,100,0,2,100,0,Full
10:49:18,100,100,0,2,100,0,Full
10:49:18,100,100,0,2,100,0,Full
10:49:19,100,100,0,2,100,0,Full
10:49:19,100,100,0,2,100,0,Full
10:49:20,100,100,0,2,100,0,Full
10:49:20,100,100,0,2,100,0,Full
10:49:21,100,100,0,2,100,0,Full
10:49:21,100,100,0,2,100,0,Full
10:49:22,100,100,0,2,100,0,Full
10:49:22,100,100,0,2,100,0,Full
10:49:23,100,100,0,2,100,0,Full
10:49:23,100,100,0,2,100,0,Full
10:49:24,100,100,0,2,100,0,Full
10:49:24,100,100,0,2,100,0,Full
10:49:25,100,100,0,2,100,0,Full
10:49:25,100,100,0,2,100,0,Full
10:49:26,100,100,0,2,100,0,Full
10:49:26,100,100,0,2,100,0,Full
10:49:27,100,100,0,2,100,0,Full
10:49:27,100,100,0,2,100,0,Full
10:49:28,100,100,0,2,100,0,Full
10:49:28,100,100,0,2,100,0,Full
10:49:29,100,100,0,2,100,0,Full
10:49:29,100,100,0,2,100,0,Full
10:49:30,100,100,0,2,100,0,Full
10:49:30,100,100,0,2,100,0,Full
10:49:31,100,100,0,2,100,0,Full
10:49:31,100,100,0,2,100,0,Full
10:49:32,100,100,0,2,100,0,Full
10:49:32,100,100,0,2,100,0,Full
10:49:33,100,100,0,2,100,0,Full
10:49:33,100,100,0,2,100,0,Full
10:49:34,100,100,0,2,100,0,Full
10:49:34,100,100,0,2,100,0,Full
10:49:35,100,100,0,2,100,0,Full
10:49:35,100,100,0,2,100,0,Full
10:49:36,100,100,0,2,100,0,Full
10:49:37,100,100,0,2,100,0,Full
10:49:37,100,100,0,2,100,0,Full
10:49:38,100,100,0,2,100,0,Full
10:49:38,100,100,0,2,100,0,Full
10:49:39,100,100,0,2,100,0,Full
10:49:39,100,100,0,2,100,0,Full
10:49:40,100,100,0,2,100,0,Full
10:49:40,100,100,0,2,100,0,Full
10:49:41,100,100,0,2,100,0,Full
10:49:41,100,100,0,2,100,0,Full
10:49:42,100,100,0,2,100,0,Full
10:49:42,100,100,0,2,100,0,Full
10:49:43,100,100,0,2,100,0,Full
10:49:43,100,100,0,2,100,0,Full
10:49:44,100,100,0,2,100,0,Full
10:49:44,100,100,0,2,100,0,Full
10:49:45,100,100,0,2,100,0,Full
10:49:45,100,100,0,2,100,0,Full
10:49:46,100,100,0,2,100,0,Full
10:49:46,100,100,0,2,100,0,Full
10:49:47,100,100,0,2,100,0,Full
10:49:47,100,100,0,2,100,0,Full
10:49:48,100,100,0,2,100,0,Full
10:49:48,100,100,0,2,100,0,Full
10:49:49,100,100,0,2,100,0,Full
10:49:49,100,100,0,2,100,0,Full
10:49:50,100,100,0,2,100,0,Full
10:49:50,100,100,0,2,100,0,Full
10:49:51,100,100,0,2,100,0,Full
10:49:51,100,100,0,2,100,0,Full
10:49:52,100,100,0,2,100,0,Full
10:49:52,100,100,0,2,100,0,Full
10:49:53,100,100,0,2,100,0,Full
10:49:53,100,100,0,2,100,0,Full
10:49:54,100,100,0,2,100,0,Full
10:49:54,100,100,0,2,100,0,Full
10:49:55,100,100,0,2,100,0,Full
10:49:55,100,100,0,2,100,0,Full
10:49:56,100,100,0,2,100,0,Full
10:49:56,100,100,0,2,100,0,Full
10:49:57,100,100,0,2,100,0,Full
10:49:57,100,100,0,2,100,0,Full
10:49:58,100,100,0,2,100,0,Full
10:49:58,100,100,0,2,100,0,Full
10:49:59,100,100,0,2,100,0,Full
10:49:59,100,100,0,2,100,0,Full
10:50:00,100,100,0,2,100,0,Full
10:50:00,100,100,0,2,100,0,Full
10:50:01,100,100,0,2,100,0,Full
10:50:01,100,100,0,2,100,0,Full
10:50:02,100,100,0,2,100,0,Full
10:50:02,100,100,0,2,100,0,Full
10:50:03,100,100,0,2,100,0,Full
10:50:03,100,100,0,2,100,0,Full
10:50:04,100,100,0,2,100,0,Full
10:50:04,100,100,0,2,100,0,Full
10:50:05,100,100,0,2,100,0,Full
10:50:05,100,100,0,2,100,0,Full
10:50:06,100,100,0,2,100,0,Full
10:50:06,100,100,0,2,100,0,Full
10:50:07,100,100,0,2,100,0,Full
10:50:07,100,100,0,2,100,0,Full
10:50:08,100,100,0,2,100,0,Full
10:50:08,100,100,0,2,100,0,Full
10:50:09,100,100,0,2,100,0,Full
10:50:09,100,100,0,2,100,0,Full
10:50:10,100,100,0,2,100,0,Full
10:50:10,100,100,0,2,100,0,Full
10:50:11,100,100,0,2,100,0,Full
10:50:11,100,100,0,2,100,0,Full
10:50:12,100,100,0,2,100,0,Full
10:50:12,100,100,0,2,100,0,Full
10:50:13,100,100,0,2,100,0,Full
10:50:13,100,100,0,2,100,0,Full
10:50:14,100,100,0,2,100,0,Full
10:50:14,100,100,0,2,100,0,Full
10:50:15,100,100,0,2,100,0,Full
10:50:15,100,100,0,2,100,0,Full
10:50:16,100,100,0,2,100,0,Full
10:50:16,100,100,0,2,100,0,Full
10:50:17,100,100,0,2,100,0,Full
10:50:17,100,100,0,2,100,0,Full
10:50:18,100,100,0,2,100,0,Full
10:50:18,100,100,0,2,100,0,Full
10:50:19,100,100,0,2,100,0,Full
10:50:19,100,100,0,2,100,0,Full
10:50:20,100,100,0,2,100,0,Full
10:50:20,100,100,0,2,100,0,Full
10:50:21,100,100,0,2,100,0,Full
10:50:21,100,100,0,2,100,0,Full
10:50:22,100,100,0,2,100,0,Full
10:50:22,100,100,0,2,100,0,Full
10:50:23,100,100,0,2,100,0,Full
10:50:23,100,100,0,2,100,0,Full
10:50:24,100,100,0,2,100,0,Full
10:50:24,100,100,0,2,100,0,Full
10:50:25,100,100,0,2,100,0,Full
10:50:25,100,100,0,2,100,0,Full
10:50:26,100,100,0,2,100,0,Full
10:50:26,100,100,0,2,100,0,Full
10:50:27,100,100,0,2,100,0,Full
10:50:27,100,100,0,2,100,0,Full
10:50:28,100,100,0,2,100,0,Full
10:50:28,100,100,0,2,100,0,Full
10:50:29,100,100,0,2,100,0,Full
10:50:29,100,100,0,2,100,0,Full
10:50:30,100,100,0,2,100,0,Full
10:50:30,100,100,0,2,100,0,Full
10:50:31,100,100,0,2,100,0,Full
10:50:31,100,100,0,2,100,0,Full
10:50:32,100,100,0,2,100,0,Full
10:50:32,100,100,0,2,100,0,Full
10:50:33,100,100,0,2,100,0,Full
10:50:33,100,100,0,2,100,0,Full
10:50:34,100,100,0,2,100,0,Full
10:50:34,100,100,0,2,100,0,Full
10:50:35,100,100,0,2,100,0,Full
10:50:35,100,100,0,2,100,0,Full
10:50:36,100,100,0,2,100,0,Full
10:50:36,100,100,0,2,100,0,Full
10:50:37,100,100,0,2,100,0,Full
10:50:37,100,100,0,2,100,0,Full
10:50:38,100,100,0,2,100,0,Full
10:50:38,100,100,0,2,100,0,Full
10:50:39,100,100,0,2,100,0,Full
10:50:39,100,100,0,2,100,0,Full
10:50:40,100,100,0,2,100,0,Full
10:50:40,100,100,0,2,100,0,Full
10:50:41,100,100,0,2,100,0,Full
10:50:41,100,100,0,2,100,0,Full
10:50:42,100,100,0,2,100,0,Full
10:50:42,100,100,0,2,100,0,Full
10:50:43,100,100,0,2,100,0,Full
10:50:43,100,100,0,2,100,0,Full
10:50:44,100,100,0,2,100,0,Full
10:50:44,100,100,0,2,100,0,Full
10:50:45,100,100,0,2,100,0,Full
10:50:45,100,100,0,2,100,0,Full
10:50:46,100,100,0,2,100,0,Full
10:50:46,100,100,0,2,100,0,Full
10:50:47,100,100,0,2,100,0,Full
10:50:47,100,100,0,2,100,0,Full
10:50:48,100,100,0,2,100,0,Full
10:50:48,100,100,0,2,100,0,Full
10:50:49,100,100,0,2,100,0,Full
10:50:49,100,100,0,2,100,0,Full
10:50:50,100,100,0,2,100,0,Full
10:50:50,100,100,0,2,100,0,Full
10:50:51,100,100,0,2,100,0,Full
10:50:51,100,100,0,2,100,0,Full
10:50:52,100,100,0,2,100,0,Full
10:50:52,100,100,0,2,100,0,Full
10:50:53,100,100,0,2,100,0,Full
10:50:53,100,100,0,2,100,0,Full
10:50:54,100,100,0,2,100,0,Full
10:50:54,100,100,0,2,100,0,Full
10:50:55,100,100,0,2,100,0,Full
10:50:55,100,100,0,2,100,0,Full
10:50:56,100,100,0,2,100,0,Full
10:50:56,100,100,0,2,100,0,Full
10:50:57,100,100,0,2,100,0,Full
10:50:57,100,100,0,2,100,0,Full
10:50:58,100,100,0,2,100,0,Full
10:50:58,100,100,0,2,100,0,Full
10:50:59,100,100,0,2,100,0,Full
10:50:59,100,100,0,2,100,0,Full
10:51:00,100,100,0,2,100,0,Full
10:51:00,100,100,0,2,100,0,Full
10:51:01,100,100,0,2,100,0,Full
10:51:01,100,100,0,2,100,0,Full
10:51:02,100,100,0,2,100,0,Full
10:51:02,100,100,0,2,100,0,Full
10:51:03,100,100,0,2,100,0,Full
10:51:03,100,100,0,2,100,0,Full
10:51:04,100,100,0,2,100,0,Full
10:51:04,100,100,0,2,100,0,Full
10:51:05,100,100,0,2,100,0,Full
10:51:05,100,100,0,2,100,0,Full
10:51:06,100,100,0,2,100,0,Full
10:51:06,100,100,0,2,100,0,Full
10:51:07,100,100,0,2,100,0,Full
10:51:07,100,100,0,2,100,0,Full
10:51:08,100,100,0,2,100,0,Full
10:51:08,100,100,0,2,100,0,Full
10:51:09,100,100,0,2,100,0,Full
10:51:09,100,100,0,2,100,0,Full
10:51:10,100,100,0,2,100,0,Full
10:51:10,100,100,0,2,100,0,Full
10:51:11,100,100,0,2,100,0,Full
10:51:11,100,100,0,2,100,0,Full
10:51:12,100,100,0,2,100,0,Full
10:51:12,100,100,0,2,100,0,Full
10:51:13,100,100,0,2,100,0,Full
10:51:13,100,100,0,2,100,0,Full
10:51:14,100,100,0,2,100,0,Full
10:51:14,100,100,0,2,100,0,Full
10:51:15,100,100,0,2,100,0,Full
10:51:15,100,100,0,2,100,0,Full
10:51:16,100,100,0,2,100,0,Full
10:51:16,100,100,0,2,100,0,Full
10:51:17,100,100,0,2,100,0,Full
10:51:17,100,100,0,2,100,0,Full
10:51:18,100,100,0,2,100,0,Full
10:51:18,100,100,0,2,100,0,Full
10:51:19,100,100,0,2,100,0,Full
10:51:19,100,100,0,2,100,0,Full
10:51:20,100,100,0,2,100,0,Full
10:51:20,100,100,0,2,100,0,Full
10:51:21,100,100,0,2,100,0,Full
10:51:21,100,100,0,2,100,0,Full
10:51:22,100,100,0,2,100,0,Full
10:51:22,100,100,0,2,100,0,Full
10:51:23,100,100,0,2,100,0,Full
10:51:23,100,100,0,2,100,0,Full
10:51:24,100,100,0,2,100,0,Full
10:51:24,100,100,0,2,100,0,Full
10:51:25,100,100,0,2,100,0,Full
10:51:25,100,100,0,2,100,0,Full
10:51:26,100,100,0,2,100,0,Full
10:51:26,100,100,0,2,100,0,Full
10:51:27,100,100,0,2,100,0,Full
10:51:27,100,100,0,2,100,0,Full
10:51:28,100,100,0,2,100,0,Full
10:51:28,100,100,0,2,100,0,Full
10:51:29,100,100,0,2,100,0,Full
10:51:29,100,100,0,2,100,0,Full
10:51:30,100,100,0,2,100,0,Full
10:51:30,100,100,0,2,100,0,Full
10:51:31,100,100,0,2,100,0,Full
10:51:31,100,100,0,2,100,0,Full
10:51:32,100,100,0,2,100,0,Full
10:51:32,100,100,0,2,100,0,Full
10:51:33,100,100,0,2,100,0,Full
10:51:33,100,100,0,2,100,0,Full
10:51:34,100,100,0,2,100,0,Full
10:51:34,100,100,0,2,100,0,Full
10:51:35,100,100,0,2,100,0,Full
10:51:35,100,100,0,2,100,0,Full
10:51:36,100,100,0,2,100,0,Full
10:51:36,100,100,0,2,100,0,Full
10:51:37,100,100,0,2,100,0,Full
10:51:37,100,100,0,2,100,0,Full
10:51:38,100,100,0,2,100,0,Full
10:51:38,100,100,0,2,100,0,Full
10:51:39,100,100,0,2,100,0,Full
10:51:39,100,100,0,2,100,0,Full
10:51:40,100,100,0,2,100,0,Full
10:51:40,100,100,0,2,100,0,Full
10:51:41,100,100,0,2,100,0,Full
10:51:41,100,100,0,2,100,0,Full
10:51:42,100,100,0,2,100,0,Full
10:51:42,100,100,0,2,100,0,Full
10:51:43,100,100,0,2,100,0,Full
10:51:43,100,100,0,2,100,0,Full
10:51:44,100,100,0,2,100,0,Full
10:51:44,100,100,0,2,100,0,Full
10:51:45,100,100,0,2,100,0,Full
10:51:45,100,100,0,2,100,0,Full
10:51:46,100,100,0,2,100,0,Full
10:51:46,100,100,0,2,100,0,Full
10:51:47,100,100,0,2,100,0,Full
10:51:47,100,100,0,2,100,0,Full
10:51:48,100,100,0,2,100,0,Full
10:51:48,100,100,0,2,100,0,Full
10:51:49,100,100,0,2,100,0,Full
10:51:49,100,100,0,2,100,0,Full
10:51:50,100,100,0,2,100,0,Full
10:51:50,100,100,0,2,100,0,Full
10:51:51,100,100,0,2,100,0,Full
10:51:51,100,100,0,2,100,0,Full
10:51:52,100,100,0,2,100,0,Full
10:51:52,100,100,0,2,100,0,Full
10:51:53,100,100,0,2,100,0,Full
10:51:53,100,100,0,2,100,0,Full
10:51:54,100,100,0,2,100,0,Full
10:51:54,100,100,0,2,100,0,Full
10:51:55,100,100,0,2,100,0,Full
10:51:55,100,100,0,2,100,0,Full
10:51:56,100,100,0,2,100,0,Full
10:51:56,100,100,0,2,100,0,Full
10:51:57,100,100,0,2,100,0,Full
10:51:57,100,100,0,2,100,0,Full
10:51:58,100,100,0,2,100,0,Full
10:51:58,100,100,0,2,100,0,Full
10:51:59,100,100,0,2,100,0,Full
10:51:59,100,100,0,2,100,0,Full
10:52:00,100,100,0,2,100,0,Full
10:52:00,100,100,0,2,100,0,Full
10:52:01,100,100,0,2,100,0,Full
10:52:01,100,100,0,2,100,0,Full
10:52:02,100,100,0,2,100,0,Full
10:52:02,100,100,0,2,100,0,Full
10:52:03,100,100,0,2,100,0,Full
10:52:03,100,100,0,2,100,0,Full
10:52:04,100,100,0,2,100,0,Full
10:52:04,100,100,0,2,100,0,Full
10:52:05,100,100,0,2,100,0,Full
10:52:05,100,100,0,2,100,0,Full
10:52:06,100,100,0,2,100,0,Full
10:52:06,100,100,0,2,100,0,Full
10:52:07,100,100,0,2,100,0,Full
10:52:07,100,100,0,2,100,0,Full
10:52:08,100,100,0,2,100,0,Full
10:52:08,100,100,0,2,100,0,Full
10:52:09,100,100,0,2,100,0,Full
10:52:09,100,100,0,2,100,0,Full
10:52:10,100,100,0,2,100,0,Full
10:52:10,100,100,0,2,100,0,Full
10:52:11,100,100,0,2,100,0,Full
10:52:11,100,100,0,2,100,0,Full
10:52:12,100,100,0,2,100,0,Full
10:52:12,100,100,0,2,100,0,Full
10:52:13,100,100,0,2,100,0,Full
10:52:13,100,100,0,2,100,0,Full
10:52:14,100,100,0,2,100,0,Full
10:52:14,100,100,0,2,100,0,Full
10:52:15,100,100,0,2,100,0,Full
10:52:15,100,100,0,2,100,0,Full
10:52:16,100,100,0,2,100,0,Full
10:52:16,100,100,0,2,100,0,Full
10:52:17,100,100,0,2,100,0,Full
10:52:17,100,100,0,2,100,0,Full
10:52:18,100,100,0,2,100,0,Full
10:52:18,100,100,0,2,100,0,Full
10:52:19,100,100,0,2,100,0,Full
10:52:19,100,100,0,2,100,0,Full
10:52:20,100,100,0,2,100,0,Full
10:52:20,100,100,0,2,100,0,Full
10:52:21,100,100,0,2,100,0,Full
10:52:21,100,100,0,2,100,0,Full
10:52:22,100,100,0,2,100,0,Full
10:52:22,100,100,0,2,100,0,Full
10:52:23,100,100,0,2,100,0,Full
10:52:23,100,100,0,2,100,0,Full
10:52:24,100,100,0,2,100,0,Full
10:52:24,100,100,0,2,100,0,Full
10:52:25,100,100,0,2,100,0,Full
10:52:25,100,100,0,2,100,0,Full
10:52:26,100,100,0,2,100,0,Full
10:52:26,100,100,0,2,100,0,Full
10:52:27,100,100,0,2,100,0,Full
10:52:27,100,100,0,2,100,0,Full
10:52:28,100,100,0,2,100,0,Full
10:52:28,100,100,0,2,100,0,Full
10:52:29,100,100,0,2,100,0,Full
10:52:29,100,100,0,2,100,0,Full
10:52:30,100,100,0,2,100,0,Full
10:52:30,100,100,0,2,100,0,Full
10:52:31,100,100,0,2,100,0,Full
10:52:31,100,100,0,2,100,0,Full
10:52:32,100,100,0,2,100,0,Full
10:52:32,100,100,0,2,100,0,Full
10:52:33,100,100,0,2,100,0,Full
10:52:33,100,100,0,2,100,0,Full
10:52:34,100,100,0,2,100,0,Full
10:52:34,100,100,0,2,100,0,Full
10:52:35,100,100,0,2,100,0,Full
10:52:35,100,100,0,2,100,0,Full
10:52:36,100,100,0,2,100,0,Full
10:52:36,100,100,0,2,100,0,Full
10:52:37,100,100,0,2,100,0,Full
10:52:37,100,100,0,2,100,0,Full
10:52:38,100,100,0,2,100,0,Full
10:52:38,100,100,0,2,100,0,Full
10:52:39,100,100,0,2,100,0,Full
10:52:39,100,100,0,2,100,0,Full
10:52:40,100,100,0,2,100,0,Full
10:52:40,100,100,0,2,100,0,Full
10:52:41,100,100,0,2,100,0,Full
10:52:41,100,100,0,2,100,0,Full
10:52:42,100,100,0,2,100,0,Full
10:52:42,100,100,0,2,100,0,Full
10:52:43,100,100,0,2,100,0,Full
10:52:43,100,100,0,2,100,0,Full
10:52:44,100,100,0,2,100,0,Full
10:52:44,100,100,0,2,100,0,Full
10:52:45,100,100,0,2,100,0,Full
10:52:45,100,100,0,2,100,0,Full
10:52:46,100,100,0,2,100,0,Full
10:52:46,100,100,0,2,100,0,Full
10:52:47,100,100,0,2,100,0,Full
10:52:47,100,100,0,2,100,0,Full
10:52:48,100,100,0,2,100,0,Full
10:52:48,100,100,0,2,100,0,Full
10:52:49,100,100,0,2,100,0,Full
10:52:49,100,100,0,2,100,0,Full
10:52:50,100,100,0,2,100,0,Full
10:52:50,100,100,0,2,100,0,Full
10:52:51,100,100,0,2,100,0,Full
10:52:51,100,100,0,2,100,0,Full
10:52:52,100,100,0,2,100,0,Full
10:52:52,100,100,0,2,100,0,Full
10:52:53,100,100,0,2,100,0,Full
10:52:53,100,100,0,2,100,0,Full
10:52:54,100,100,0,2,100,0,Full
10:52:54,100,100,0,2,100,0,Full
10:52:55,100,100,0,2,100,0,Full
10:52:55,100,100,0,2,100,0,Full
10:52:56,100,100,0,2,100,0,Full
10:52:56,100,100,0,2,100,0,Full
10:52:57,100,100,0,2,100,0,Full
10:52:57,100,100,0,2,100,0,Full
10:52:58,100,100,0,2,100,0,Full
10:52:58,100,100,0,2,100,0,Full
10:52:59,100,100,0,2,100,0,Full
10:52:59,100,100,0,2,100,0,Full
10:53:00,100,100,0,2,100,0,Full
10:53:00,100,100,0,2,100,0,Full
10:53:01,100,100,0,2,100,0,Full
10:53:01,100,100,0,2,100,0,Full
10:53:02,100,100,0,2,100,0,Full
10:53:02,100,100,0,2,100,0,Full
10:53:03,100,100,0,2,100,0,Full
10:53:03,100,100,0,2,100,0,Full
10:53:04,100,100,0,2,100,0,Full
10:53:04,100,100,0,2,100,0,Full
10:53:05,100,100,0,2,100,0,Full
10:53:05,100,100,0,2,100,0,Full
10:53:06,100,100,0,2,100,0,Full
10:53:06,100,100,0,2,100,0,Full
10:53:07,100,100,0,2,100,0,Full
10:53:07,100,100,0,2,100,0,Full
10:53:08,100,100,0,2,100,0,Full
10:53:08,100,100,0,2,100,0,Full
10:53:09,100,100,0,2,100,0,Full
10:53:09,100,100,0,2,100,0,Full
10:53:10,100,100,0,2,100,0,Full
10:53:10,100,100,0,2,100,0,Full
10:53:11,100,100,0,2,100,0,Full
10:53:11,100,100,0,2,100,0,Full
10:53:12,100,100,0,2,100,0,Full
10:53:12,100,100,0,2,100,0,Full
10:53:13,100,100,0,2,100,0,Full
10:53:13,100,100,0,2,100,0,Full
10:53:14,100,100,0,2,100,0,Full
10:53:14,100,100,0,2,100,0,Full
10:53:15,100,100,0,2,100,0,Full
10:53:15,100,100,0,2,100,0,Full
10:53:16,100,100,0,2,100,0,Full
10:53:16,100,100,0,2,100,0,Full
10:53:17,100,100,0,2,100,0,Full
10:53:17,100,100,0,2,100,0,Full
10:53:18,100,100,0,2,100,0,Full
10:53:18,100,100,0,2,100,0,Full
10:53:19,100,100,0,2,100,0,Full
10:53:19,100,100,0,2,100,0,Full
10:53:20,100,100,0,2,100,0,Full
10:53:20,100,100,0,2,100,0,Full
10:53:21,100,100,0,2,100,0,Full
10:53:21,100,100,0,2,100,0,Full
10:53:22,100,100,0,2,100,0,Full
10:53:22,100,100,0,2,100,0,Full
10:53:23,100,100,0,2,100,0,Full
10:53:23,100,100,0,2,100,0,Full
10:53:24,100,100,0,2,100,0,Full
10:53:24,100,100,0,2,100,0,Full
10:53:25,100,100,0,2,100,0,Full
10:53:25,100,100,0,2,100,0,Full
10:53:26,100,100,0,2,100,0,Full
10:53:26,100,100,0,2,100,0,Full
10:53:27,100,100,0,2,100,0,Full
10:53:27,100,100,0,2,100,0,Full
10:53:28,100,100,0,2,100,0,Full
10:53:28,100,100,0,2,100,0,Full
10:53:29,100,100,0,2,100,0,Full
10:53:29,100,100,0,2,100,0,Full
10:53:30,100,100,0,2,100,0,Full
10:53:30,100,100,0,2,100,0,Full
10:53:31,100,100,0,2,100,0,Full
10:53:31,100,100,0,2,100,0,Full
10:53:32,100,100,0,2,100,0,Full
10:53:32,100,100,0,2,100,0,Full
10:53:33,100,100,0,2,100,0,Full
10:53:33,100,100,0,2,100,0,Full
10:53:34,100,100,0,2,100,0,Full
10:53:34,100,100,0,2,100,0,Full
10:53:35,100,100,0,2,100,0,Full
10:53:35,100,100,0,2,100,0,Full
10:53:36,100,100,0,2,100,0,Full
10:53:36,100,100,0,2,100,0,Full
10:53:37,100,100,0,2,100,0,Full
10:53:37,100,100,0,2,100,0,Full
10:53:38,100,100,0,2,100,0,Full
10:53:38,100,100,0,2,100,0,Full
10:53:39,100,100,0,2,100,0,Full
10:53:39,100,100,0,2,100,0,Full
10:53:40,100,100,0,2,100,0,Full
10:53:40,100,100,0,2,100,0,Full
10:53:41,100,100,0,2,100,0,Full
10:53:41,100,100,0,2,100,0,Full
10:53:42,100,100,0,2,100,0,Full
10:53:42,100,100,0,2,100,0,Full
10:53:43,100,100,0,2,100,0,Full
10:53:43,100,100,0,2,100,0,Full
10:53:44,100,100,0,2,100,0,Full
10:53:44,100,100,0,2,100,0,Full
10:53:45,100,100,0,2,100,0,Full
10:53:45,100,100,0,2,100,0,Full
10:53:46,100,100,0,2,100,0,Full
10:53:46,100,100,0,2,100,0,Full
10:53:47,100,100,0,2,100,0,Full
10:53:47,100,100,0,2,100,0,Full
10:53:48,100,100,0,2,100,0,Full
10:53:48,100,100,0,2,100,0,Full
10:53:49,100,100,0,2,100,0,Full
10:53:49,100,100,0,2,100,0,Full
10:53:50,100,100,0,2,100,0,Full
10:53:50,100,100,0,2,100,0,Full
10:53:51,100,100,0,2,100,0,Full
10:53:51,100,100,0,2,100,0,Full
10:53:52,100,100,0,2,100,0,Full
10:53:52,100,100,0,2,100,0,Full
10:53:53,100,100,0,2,100,0,Full
10:53:53,100,100,0,2,100,0,Full
10:53:54,100,100,0,2,100,0,Full
10:53:54,100,100,0,2,100,0,Full
10:53:55,100,100,0,2,100,0,Full
10:53:55,100,100,0,2,100,0,Full
10:53:56,100,100,0,2,100,0,Full
10:53:56,100,100,0,2,100,0,Full
10:53:57,100,100,0,2,100,0,Full
10:53:57,100,100,0,2,100,0,Full
10:53:58,100,100,0,2,100,0,Full
10:53:58,100,100,0,2,100,0,Full
10:53:59,100,100,0,2,100,0,Full
10:53:59,100,100,0,2,100,0,Full
10:54:00,100,100,0,2,100,0,Full
10:54:00,100,100,0,2,100,0,Full
10:54:01,100,100,0,2,100,0,Full
10:54:01,100,100,0,2,100,0,Full
10:54:02,100,100,0,2,100,0,Full
10:54:02,100,100,0,2,100,0,Full
10:54:03,100,100,0,2,100,0,Full
10:54:03,100,100,0,2,100,0,Full
10:54:04,100,100,0,2,100,0,Full
10:54:04,100,100,0,2,100,0,Full
10:54:05,100,100,0,2,100,0,Full
10:54:05,100,100,0,2,100,0,Full
10:54:06,100,100,0,2,100,0,Full
10:54:06,100,100,0,2,100,0,Full
10:54:07,100,100,0,2,100,0,Full
10:54:07,100,100,0,2,100,0,Full
10:54:08,100,100,0,2,100,0,Full
10:54:08,100,100,0,2,100,0,Full
10:54:09,100,100,0,2,100,0,Full
10:54:09,100,100,0,2,100,0,Full
10:54:10,100,100,0,2,100,0,Full
10:54:10,100,100,0,2,100,0,Full
10:54:11,100,100,0,2,100,0,Full
10:54:11,100,100,0,2,100,0,Full
10:54:12,100,100,0,2,100,0,Full
10:54:12,100,100,0,2,100,0,Full
10:54:13,100,100,0,2,100,0,Full
10:54:13,100,100,0,2,100,0,Full
10:54:14,100,100,0,2,100,0,Full
10:54:14,100,100,0,2,100,0,Full
10:54:15,100,100,0,2,100,0,Full
10:54:15,100,100,0,2,100,0,Full
10:54:16,100,100,0,2,100,0,Full
10:54:16,100,100,0,2,100,0,Full
10:54:17,100,100,0,2,100,0,Full
10:54:17,100,100,0,2,100,0,Full
10:54:18,100,100,0,2,100,0,Full
10:54:18,100,100,0,2,100,0,Full
10:54:19,100,100,0,2,100,0,Full
10:54:19,100,100,0,2,100,0,Full
10:54:20,100,100,0,2,100,0,Full
10:54:20,100,100,0,2,100,0,Full
10:54:21,100,100,0,2,100,0,Full
10:54:21,100,100,0,2,100,0,Full
10:54:22,100,100,0,2,100,0,Full
10:54:22,100,100,0,2,100,0,Full
10:54:23,100,100,0,2,100,0,Full
10:54:23,100,100,0,2,100,0,Full
10:54:24,100,100,0,2,100,0,Full
10:54:24,100,100,0,2,100,0,Full
10:54:25,100,100,0,2,100,0,Full
10:54:25,100,100,0,2,100,0,Full
10:54:26,100,100,0,2,100,0,Full
10:54:26,100,100,0,2,100,0,Full
10:54:27,100,100,0,2,100,0,Full
10:54:27,100,100,0,2,100,0,Full
10:54:28,100,100,0,2,100,0,Full
10:54:28,100,100,0,2,100,0,Full
10:54:29,100,100,0,2,100,0,Full
10:54:29,100,100,0,2,100,0,Full
10:54:30,100,100,0,2,100,0,Full
10:54:30,100,100,0,2,100,0,Full
10:54:31,100,100,0,2,100,0,Full
10:54:31,100,100,0,2,100,0,Full
10:54:32,100,100,0,2,100,0,Full
10:54:32,100,100,0,2,100,0,Full
10:54:33,100,100,0,2,100,0,Full
10:54:33,100,100,0,2,100,0,Full
10:54:34,100,100,0,2,100,0,Full
10:54:34,100,100,0,2,100,0,Full
10:54:35,100,100,0,2,100,0,Full
10:54:35,100,100,0,2,100,0,Full
10:54:36,100,100,0,2,100,0,Full
10:54:36,100,100,0,2,100,0,Full
10:54:37,100,100,0,2,100,0,Full
10:54:37,100,100,0,2,100,0,Full
10:54:38,100,100,0,2,100,0,Full
10:54:38,100,100,0,2,100,0,Full
10:54:39,100,100,0,2,100,0,Full
10:54:39,100,100,0,2,100,0,Full
10:54:40,100,100,0,2,100,0,Full
10:54:40,100,100,0,2,100,0,Full
10:54:41,100,100,0,2,100,0,Full
10:54:41,100,100,0,2,100,0,Full
10:54:42,100,100,0,2,100,0,Full
10:54:42,100,100,0,2,100,0,Full
10:54:43,100,100,0,2,100,0,Full
10:54:43,100,100,0,2,100,0,Full
10:54:44,100,100,0,2,100,0,Full
10:54:44,100,100,0,2,100,0,Full
10:54:45,100,100,0,2,100,0,Full
10:54:45,100,100,0,2,100,0,Full
10:54:46,100,100,0,2,100,0,Full
10:54:46,100,100,0,2,100,0,Full
10:54:47,100,100,0,2,100,0,Full
10:54:47,100,100,0,2,100,0,Full
10:54:48,100,100,0,2,100,0,Full
10:54:48,100,100,0,2,100,0,Full
10:54:49,100,100,0,2,100,0,Full
10:54:49,100,100,0,2,100,0,Full
10:54:50,100,100,0,2,100,0,Full
10:54:50,100,100,0,2,100,0,Full
10:54:51,100,100,0,2,100,0,Full
10:54:51,100,100,0,2,100,0,Full
10:54:52,100,100,0,2,100,0,Full
10:54:52,100,100,0,2,100,0,Full
10:54:53,100,100,0,2,100,0,Full
10:54:53,100,100,0,2,100,0,Full
10:54:54,100,100,0,2,100,0,Full
10:54:54,100,100,0,2,100,0,Full
10:54:55,100,100,0,2,100,0,Full
10:54:55,100,100,0,2,100,0,Full
10:54:56,100,100,0,2,100,0,Full
10:54:56,100,100,0,2,100,0,Full
10:54:57,100,100,0,2,100,0,Full
10:54:57,100,100,0,2,100,0,Full
10:54:58,100,100,0,2,100,0,Full
10:54:58,100,100,0,2,100,0,Full
10:54:59,100,100,0,2,100,0,Full
10:54:59,100,100,0,2,100,0,Full
10:55:00,100,100,0,2,100,0,Full
10:55:00,100,100,0,2,100,0,Full
10:55:01,100,100,0,2,100,0,Full
10:55:01,100,100,0,2,100,0,Full
10:55:02,100,100,0,2,100,0,Full
10:55:02,100,100,0,2,100,0,Full
10:55:03,100,100,0,2,100,0,Full
10:55:03,100,100,0,2,100,0,Full
10:55:04,100,100,0,2,100,0,Full
10:55:04,100,100,0,2,100,0,Full
10:55:05,100,100,0,2,100,0,Full
10:55:05,100,100,0,2,100,0,Full
10:55:06,100,100,0,2,100,0,Full
10:55:06,100,100,0,2,100,0,Full
10:55:07,100,100,0,2,100,0,Full
10:55:07,100,100,0,2,100,0,Full
10:55:08,100,100,0,2,100,0,Full
10:55:08,100,100,0,2,100,0,Full
10:55:09,100,100,0,2,100,0,Full
10:55:09,100,100,0,2,100,0,Full
10:55:10,100,100,0,2,100,0,Full
10:55:10,100,100,0,2,100,0,Full
10:55:11,100,100,0,2,100,0,Full
10:55:11,100,100,0,2,100,0,Full
10:55:12,100,100,0,2,100,0,Full
10:55:12,100,100,0,2,100,0,Full
10:55:13,100,100,0,2,100,0,Full
10:55:13,100,100,0,2,100,0,Full
10:55:14,100,100,0,2,100,0,Full
10:55:14,100,100,0,2,100,0,Full
10:55:15,100,100,0,2,100,0,Full
10:55:15,100,100,0,2,100,0,Full
10:55:16,100,100,0,2,100,0,Full
10:55:16,100,100,0,2,100,0,Full
10:55:17,100,100,0,2,100,0,Full
10:55:17,100,100,0,2,100,0,Full
10:55:18,100,100,0,2,100,0,Full
10:55:18,100,100,0,2,100,0,Full
10:55:19,100,100,0,2,100,0,Full
10:55:19,100,100,0,2,100,0,Full
10:55:20,100,100,0,2,100,0,Full
10:55:20,100,100,0,2,100,0,Full
10:55:21,100,100,0,2,100,0,Full
10:55:21,100,100,0,2,100,0,Full
10:55:22,100,100,0,2,100,0,Full
10:55:22,100,100,0,2,100,0,Full
10:55:23,100,100,0,2,100,0,Full
10:55:23,100,100,0,2,100,0,Full
10:55:24,100,100,0,2,100,0,Full
10:55:24,100,100,0,2,100,0,Full
10:55:25,100,100,0,2,100,0,Full
10:55:25,100,100,0,2,100,0,Full
10:55:26,100,100,0,2,100,0,Full
10:55:26,100,100,0,2,100,0,Full
10:55:27,100,100,0,2,100,0,Full
10:55:27,100,100,0,2,100,0,Full
10:55:28,100,100,0,2,100,0,Full
10:55:28,100,100,0,2,100,0,Full
10:55:29,100,100,0,2,100,0,Full
10:55:29,100,100,0,2,100,0,Full
10:55:30,100,100,0,2,100,0,Full
10:55:30,100,100,0,2,100,0,Full
10:55:31,100,100,0,2,100,0,Full
10:55:31,100,100,0,2,100,0,Full
10:55:32,100,100,0,2,100,0,Full
10:55:32,100,100,0,2,100,0,Full
10:55:33,100,100,0,2,100,0,Full
10:55:33,100,100,0,2,100,0,Full
10:55:34,100,100,0,2,100,0,Full
10:55:34,100,100,0,2,100,0,Full
10:55:35,100,100,0,2,100,0,Full
10:55:35,100,100,0,2,100,0,Full
10:55:36,100,100,0,2,100,0,Full
10:55:36,100,100,0,2,100,0,Full
10:55:37,100,100,0,2,100,0,Full
10:55:37,100,100,0,2,100,0,Full
10:55:38,100,100,0,2,100,0,Full
10:55:38,100,100,0,2,100,0,Full
10:55:39,100,100,0,2,100,0,Full
10:55:39,100,100,0,2,100,0,Full
10:55:40,100,100,0,2,100,0,Full
10:55:40,100,100,0,2,100,0,Full
10:55:41,100,100,0,2,100,0,Full
10:55:41,100,100,0,2,100,0,Full
10:55:42,100,100,0,2,100,0,Full
10:55:42,100,100,0,2,100,0,Full
10:55:43,100,100,0,2,100,0,Full
10:55:43,100,100,0,2,100,0,Full
10:55:44,100,100,0,2,100,0,Full
10:55:44,100,100,0,2,100,0,Full
10:55:45,100,100,0,2,100,0,Full
10:55:45,100,100,0,2,100,0,Full
10:55:46,100,100,0,2,100,0,Full
10:55:46,100,100,0,2,100,0,Full
10:55:47,100,100,0,2,100,0,Full
10:55:47,100,100,0,2,100,0,Full
10:55:48,100,100,0,2,100,0,Full
10:55:48,100,100,0,2,100,0,Full
10:55:49,100,100,0,2,100,0,Full
10:55:49,100,100,0,2,100,0,Full
10:55:50,100,100,0,2,100,0,Full
10:55:50,100,100,0,2,100,0,Full
10:55:51,100,100,0,2,100,0,Full
10:55:51,100,100,0,2,100,0,Full
10:55:52,100,100,0,2,100,0,Full
10:55:52,100,100,0,2,100,0,Full
10:55:53,100,100,0,2,100,0,Full
10:55:53,100,100,0,2,100,0,Full
10:55:54,100,100,0,2,100,0,Full
10:55:54,100,100,0,2,100,0,Full
10:55:55,100,100,0,2,100,0,Full
10:55:55,100,100,0,2,100,0,Full
10:55:56,100,100,0,2,100,0,Full
10:55:56,100,100,0,2,100,0,Full
10:55:57,100,100,0,2,100,0,Full
10:55:57,100,100,0,2,100,0,Full
10:55:58,100,100,0,2,100,0,Full
10:55:58,100,100,0,2,100,0,Full
10:55:59,100,100,0,2,100,0,Full
10:55:59,100,100,0,2,100,0,Full
10:56:00,100,100,0,2,100,0,Full
10:56:00,100,100,0,2,100,0,Full
10:56:01,100,100,0,2,100,0,Full
10:56:01,100,100,0,2,100,0,Full
10:56:02,100,100,0,2,100,0,Full
10:56:02,100,100,0,2,100,0,Full
10:56:03,100,100,0,2,100,0,Full
10:56:03,100,100,0,2,100,0,Full
10:56:04,100,100,0,2,100,0,Full
10:56:04,100,100,0,2,100,0,Full
10:56:05,100,100,0,2,100,0,Full
10:56:05,100,100,0,2,100,0,Full
10:56:06,100,100,0,2,100,0,Full
10:56:06,100,100,0,2,100,0,Full
10:56:07,100,100,0,2,100,0,Full
10:56:07,100,100,0,2,100,0,Full
10:56:08,100,100,0,2,100,0,Full
10:56:08,100,100,0,2,100,0,Full
10:56:09,100,100,0,2,100,0,Full
10:56:09,100,100,0,2,100,0,Full
10:56:10,100,100,0,2,100,0,Full
10:56:10,100,100,0,2,100,0,Full
10:56:11,100,100,0,2,100,0,Full
10:56:11,100,100,0,2,100,0,Full
10:56:12,100,100,0,2,100,0,Full
10:56:12,100,100,0,2,100,0,Full
10:56:13,100,100,0,2,100,0,Full
10:56:13,100,100,0,2,100,0,Full
10:56:14,100,100,0,2,100,0,Full
10:56:14,100,100,0,2,100,0,Full
10:56:15,100,100,0,2,100,0,Full
10:56:15,100,100,0,2,100,0,Full
10:56:16,100,100,0,2,100,0,Full
10:56:16,100,100,0,2,100,0,Full
10:56:17,100,100,0,2,100,0,Full
10:56:17,100,100,0,2,100,0,Full
10:56:18,100,100,0,2,100,0,Full
10:56:18,100,100,0,2,100,0,Full
10:56:19,100,100,0,2,100,0,Full
10:56:19,100,100,0,2,100,0,Full
10:56:20,100,100,0,2,100,0,Full
10:56:20,100,100,0,2,100,0,Full
10:56:21,100,100,0,2,100,0,Full
10:56:21,100,100,0,2,100,0,Full
10:56:22,100,100,0,2,100,0,Full
10:56:22,100,100,0,2,100,0,Full
10:56:23,100,100,0,2,100,0,Full
10:56:23,100,100,0,2,100,0,Full
10:56:24,100,100,0,2,100,0,Full
10:56:24,100,100,0,2,100,0,Full
10:56:25,100,100,0,2,100,0,Full
10:56:25,100,100,0,2,100,0,Full
10:56:26,100,100,0,2,100,0,Full
10:56:26,100,100,0,2,100,0,Full
10:56:27,100,100,0,2,100,0,Full
10:56:27,100,100,0,2,100,0,Full
10:56:28,100,100,0,2,100,0,Full
10:56:28,100,100,0,2,100,0,Full
10:56:29,100,100,0,2,100,0,Full
10:56:29,100,100,0,2,100,0,Full
10:56:30,100,100,0,2,100,0,Full
10:56:30,100,100,0,2,100,0,Full
10:56:31,100,100,0,2,100,0,Full
10:56:31,100,100,0,2,100,0,Full
10:56:32,100,100,0,2,100,0,Full
10:56:32,100,100,0,2,100,0,Full
10:56:33,100,100,0,2,100,0,Full
10:56:33,100,100,0,2,100,0,Full
10:56:34,100,100,0,2,100,0,Full
10:56:34,100,100,0,2,100,0,Full
10:56:35,100,100,0,2,100,0,Full
10:56:35,100,100,0,2,100,0,Full
10:56:36,100,100,0,2,100,0,Full
10:56:36,100,100,0,2,100,0,Full
10:56:37,100,100,0,2,100,0,Full
10:56:37,100,100,0,2,100,0,Full
10:56:38,100,100,0,2,100,0,Full
10:56:38,100,100,0,2,100,0,Full
10:56:39,100,100,0,2,100,0,Full
10:56:39,100,100,0,2,100,0,Full
10:56:40,100,100,0,2,100,0,Full
10:56:40,100,100,0,2,100,0,Full
10:56:41,100,100,0,2,100,0,Full
10:56:41,100,100,0,2,100,0,Full
10:56:42,100,100,0,2,100,0,Full
10:56:42,100,100,0,2,100,0,Full
10:56:43,100,100,0,2,100,0,Full
10:56:43,100,100,0,2,100,0,Full
10:56:44,100,100,0,2,100,0,Full
10:56:44,100,100,0,2,100,0,Full
10:56:45,100,100,0,2,100,0,Full
10:56:45,100,100,0,2,100,0,Full
10:56:46,100,100,0,2,100,0,Full
10:56:46,100,100,0,2,100,0,Full
10:56:47,100,100,0,2,100,0,Full
10:56:47,100,100,0,2,100,0,Full
10:56:48,100,100,0,2,100,0,Full
10:56:48,100,100,0,2,100,0,Full
10:56:49,100,100,0,2,100,0,Full
10:56:49,100,100,0,2,100,0,Full
10:56:50,100,100,0,2,100,0,Full
10:56:50,100,100,0,2,100,0,Full
10:56:51,100,100,0,2,100,0,Full
10:56:51,100,100,0,2,100,0,Full
10:56:52,100,100,0,2,100,0,Full
10:56:52,100,100,0,2,100,0,Full
10:56:53,100,100,0,2,100,0,Full
10:56:53,100,100,0,2,100,0,Full
10:56:54,100,100,0,2,100,0,Full
10:56:54,100,100,0,2,100,0,Full
10:56:55,100,100,0,2,100,0,Full
10:56:55,100,100,0,2,100,0,Full
10:56:56,100,100,0,2,100,0,Full
10:56:56,100,100,0,2,100,0,Full
10:56:57,100,100,0,2,100,0,Full
10:56:57,100,100,0,2,100,0,Full
10:56:58,100,100,0,2,100,0,Full
10:56:58,100,100,0,2,100,0,Full
10:56:59,100,100,0,2,100,0,Full
10:56:59,100,100,0,2,100,0,Full
10:57:00,100,100,0,2,100,0,Full
10:57:00,100,100,0,2,100,0,Full
10:57:01,100,100,0,2,100,0,Full
10:57:01,100,100,0,2,100,0,Full
10:57:02,100,100,0,2,100,0,Full
10:57:02,100,100,0,2,100,0,Full
10:57:03,100,100,0,2,100,0,Full
10:57:03,100,100,0,2,100,0,Full
10:57:04,100,100,0,2,100,0,Full
10:57:04,100,100,0,2,100,0,Full
10:57:05,100,100,0,2,100,0,Full
10:57:05,100,100,0,2,100,0,Full
10:57:06,100,100,0,2,100,0,Full
10:57:06,100,100,0,2,100,0,Full
10:57:07,100,100,0,2,100,0,Full
10:57:07,100,100,0,2,100,0,Full
10:57:08,100,100,0,2,100,0,Full
10:57:08,100,100,0,2,100,0,Full
10:57:09,100,100,0,2,100,0,Full
10:57:09,100,100,0,2,100,0,Full
10:57:10,100,100,0,2,100,0,Full
10:57:10,100,100,0,2,100,0,Full
10:57:11,100,100,0,2,100,0,Full
10:57:11,100,100,0,2,100,0,Full
10:57:12,100,100,0,2,100,0,Full
10:57:12,100,100,0,2,100,0,Full
10:57:13,100,100,0,2,100,0,Full
10:57:13,100,100,0,2,100,0,Full
10:57:14,100,100,0,2,100,0,Full
10:57:14,100,100,0,2,100,0,Full
10:57:15,100,100,0,2,100,0,Full
10:57:15,100,100,0,2,100,0,Full
10:57:16,100,100,0,2,100,0,Full
10:57:16,100,100,0,2,100,0,Full
10:57:17,100,100,0,2,100,0,Full
10:57:17,100,100,0,2,100,0,Full
10:57:18,100,100,0,2,100,0,Full
10:57:18,100,100,0,2,100,0,Full
10:57:19,100,100,0,2,100,0,Full
10:57:19,100,100,0,2,100,0,Full
10:57:20,100,100,0,2,100,0,Full
10:57:20,100,100,0,2,100,0,Full
10:57:21,100,100,0,2,100,0,Full
10:57:21,100,100,0,2,100,0,Full
10:57:22,100,100,0,2,100,0,Full
10:57:22,100,100,0,2,100,0,Full
10:57:23,100,100,0,2,100,0,Full
10:57:23,100,100,0,2,100,0,Full
10:57:24,100,100,0,2,100,0,Full
10:57:24,100,100,0,2,100,0,Full
10:57:25,100,100,0,2,100,0,Full
10:57:25,100,100,0,2,100,0,Full
10:57:26,100,100,0,2,100,0,Full
10:57:26,100,100,0,2,100,0,Full
10:57:27,100,100,0,2,100,0,Full
10:57:27,100,100,0,2,100,0,Full
10:57:28,100,100,0,2,100,0,Full
10:57:29,100,100,0,2,100,0,Full
10:57:29,100,100,0,2,100,0,Full
10:57:30,100,100,0,2,100,0,Full
10:57:30,100,100,0,2,100,0,Full
10:57:31,100,100,0,2,100,0,Full
10:57:31,100,100,0,2,100,0,Full
10:57:32,100,100,0,2,100,0,Full
10:57:32,100,100,0,2,100,0,Full
10:57:33,100,100,0,2,100,0,Full
10:57:33,100,100,0,2,100,0,Full
10:57:34,100,100,0,2,100,0,Full
10:57:34,100,100,0,2,100,0,Full
10:57:35,100,100,0,2,100,0,Full
10:57:35,100,100,0,2,100,0,Full
10:57:36,100,100,0,2,100,0,Full
10:57:36,100,100,0,2,100,0,Full
10:57:37,100,100,0,2,100,0,Full
10:57:37,100,100,0,2,100,0,Full
10:57:38,100,100,0,2,100,0,Full
10:57:38,100,100,0,2,100,0,Full
10:57:39,100,100,0,2,100,0,Full
10:57:39,100,100,0,2,100,0,Full
10:57:40,100,100,0,2,100,0,Full
10:57:40,100,100,0,2,100,0,Full
10:57:41,100,100,0,2,100,0,Full
10:57:41,100,100,0,2,100,0,Full
10:57:42,100,100,0,2,100,0,Full
10:57:42,100,100,0,2,100,0,Full
10:57:43,100,100,0,2,100,0,Full
10:57:43,100,100,0,2,100,0,Full
10:57:44,100,100,0,2,100,0,Full
10:57:44,100,100,0,2,100,0,Full
10:57:45,100,100,0,2,100,0,Full
10:57:45,100,100,0,2,100,0,Full
10:57:46,100,100,0,2,100,0,Full
10:57:46,100,100,0,2,100,0,Full
10:57:47,100,100,0,2,100,0,Full
10:57:47,100,100,0,2,100,0,Full
10:57:48,100,100,0,2,100,0,Full
10:57:48,100,100,0,2,100,0,Full
10:57:49,100,100,0,2,100,0,Full
10:57:49,100,100,0,2,100,0,Full
10:57:50,100,100,0,2,100,0,Full
10:57:50,100,100,0,2,100,0,Full
10:57:51,100,100,0,2,100,0,Full
10:57:51,100,100,0,2,100,0,Full
10:57:52,100,100,0,2,100,0,Full
10:57:52,100,100,0,2,100,0,Full
10:57:53,100,100,0,2,100,0,Full
10:57:53,100,100,0,2,100,0,Full
10:57:54,100,100,0,2,100,0,Full
10:57:54,100,100,0,2,100,0,Full
10:57:55,100,100,0,2,100,0,Full
10:57:55,100,100,0,2,100,0,Full
10:57:56,100,100,0,2,100,0,Full
10:57:56,100,100,0,2,100,0,Full
10:57:57,100,100,0,2,100,0,Full
10:57:57,100,100,0,2,100,0,Full
10:57:58,100,100,0,2,100,0,Full
10:57:58,100,100,0,2,100,0,Full
10:57:59,100,100,0,2,100,0,Full
10:57:59,100,100,0,2,100,0,Full
10:58:00,100,100,0,2,100,0,Full
10:58:00,100,100,0,2,100,0,Full
10:58:01,100,100,0,2,100,0,Full
10:58:01,100,100,0,2,100,0,Full
10:58:02,100,100,0,2,100,0,Full
10:58:02,100,100,0,2,100,0,Full
10:58:03,100,100,0,2,100,0,Full
10:58:03,100,100,0,2,100,0,Full
10:58:04,100,100,0,2,100,0,Full
10:58:04,100,100,0,2,100,0,Full
10:58:05,100,100,0,2,100,0,Full
10:58:05,100,100,0,2,100,0,Full
10:58:06,100,100,0,2,100,0,Full
10:58:06,100,100,0,2,100,0,Full
10:58:07,100,100,0,2,100,0,Full
10:58:07,100,100,0,2,100,0,Full
10:58:08,100,100,0,2,100,0,Full
10:58:08,100,100,0,2,100,0,Full
10:58:09,100,100,0,2,100,0,Full
10:58:09,100,100,0,2,100,0,Full
10:58:10,100,100,0,2,100,0,Full
10:58:10,100,100,0,2,100,0,Full
10:58:11,100,100,0,2,100,0,Full
10:58:11,100,100,0,2,100,0,Full
10:58:12,100,100,0,2,100,0,Full
10:58:12,100,100,0,2,100,0,Full
10:58:13,100,100,0,2,100,0,Full
10:58:13,100,100,0,2,100,0,Full
10:58:14,100,100,0,2,100,0,Full
10:58:14,100,100,0,2,100,0,Full
10:58:15,100,100,0,2,100,0,Full
10:58:15,100,100,0,2,100,0,Full
10:58:16,100,100,0,2,100,0,Full
10:58:16,100,100,0,2,100,0,Full
10:58:17,100,100,0,2,100,0,Full
10:58:17,100,100,0,2,100,0,Full
10:58:18,100,100,0,2,100,0,Full
10:58:18,100,100,0,2,100,0,Full
10:58:19,100,100,0,2,100,0,Full
10:58:19,100,100,0,2,100,0,Full
10:58:20,100,100,0,2,100,0,Full
10:58:20,100,100,0,2,100,0,Full
10:58:21,100,100,0,2,100,0,Full
10:58:21,100,100,0,2,100,0,Full
10:58:22,100,100,0,2,100,0,Full
10:58:22,100,100,0,2,100,0,Full
10:58:23,100,100,0,2,100,0,Full
10:58:23,100,100,0,2,100,0,Full
10:58:24,100,100,0,2,100,0,Full
10:58:24,100,100,0,2,100,0,Full
10:58:25,100,100,0,2,100,0,Full
10:58:25,100,100,0,2,100,0,Full
10:58:26,100,100,0,2,100,0,Full
10:58:26,100,100,0,2,100,0,Full
10:58:27,100,100,0,2,100,0,Full
10:58:27,100,100,0,2,100,0,Full
10:58:28,100,100,0,2,100,0,Full
10:58:28,100,100,0,2,100,0,Full
10:58:29,100,100,0,2,100,0,Full
10:58:29,100,100,0,2,100,0,Full
10:58:30,100,100,0,2,100,0,Full
10:58:30,100,100,0,2,100,0,Full
10:58:31,100,100,0,2,100,0,Full
10:58:31,100,100,0,2,100,0,Full
10:58:32,100,100,0,2,100,0,Full
10:58:32,100,100,0,2,100,0,Full
10:58:33,100,100,0,2,100,0,Full
10:58:33,100,100,0,2,100,0,Full
10:58:34,100,100,0,2,100,0,Full
10:58:34,100,100,0,2,100,0,Full
10:58:35,100,100,0,2,100,0,Full
10:58:35,100,100,0,2,100,0,Full
10:58:36,100,100,0,2,100,0,Full
10:58:36,100,100,0,2,100,0,Full
10:58:37,100,100,0,2,100,0,Full
10:58:37,100,100,0,2,100,0,Full
10:58:38,100,100,0,2,100,0,Full
10:58:38,100,100,0,2,100,0,Full
10:58:39,100,100,0,2,100,0,Full
10:58:39,100,100,0,2,100,0,Full
10:58:40,100,100,0,2,100,0,Full
10:58:40,100,100,0,2,100,0,Full
10:58:41,100,100,0,2,100,0,Full
10:58:41,100,100,0,2,100,0,Full
10:58:42,100,100,0,2,100,0,Full
10:58:42,100,100,0,2,100,0,Full
10:58:43,100,100,0,2,100,0,Full
10:58:43,100,100,0,2,100,0,Full
10:58:44,100,100,0,2,100,0,Full
10:58:44,100,100,0,2,100,0,Full
10:58:45,100,100,0,2,100,0,Full
10:58:45,100,100,0,2,100,0,Full
10:58:46,100,100,0,2,100,0,Full
10:58:46,100,100,0,2,100,0,Full
10:58:47,100,100,0,2,100,0,Full
10:58:47,100,100,0,2,100,0,Full
10:58:48,100,100,0,2,100,0,Full
10:58:48,100,100,0,2,100,0,Full
10:58:49,100,100,0,2,100,0,Full
10:58:49,100,100,0,2,100,0,Full
10:58:50,100,100,0,2,100,0,Full
10:58:50,100,100,0,2,100,0,Full
10:58:51,100,100,0,2,100,0,Full
10:58:51,100,100,0,2,100,0,Full
10:58:52,100,100,0,2,100,0,Full
10:58:52,100,100,0,2,100,0,Full
10:58:53,100,100,0,2,100,0,Full
10:58:53,100,100,0,2,100,0,Full
10:58:54,100,100,0,2,100,0,Full
10:58:54,100,100,0,2,100,0,Full
10:58:55,100,100,0,2,100,0,Full
10:58:55,100,100,0,2,100,0,Full
10:58:56,100,100,0,2,100,0,Full
10:58:56,100,100,0,2,100,0,Full
10:58:57,100,100,0,2,100,0,Full
10:58:57,100,100,0,2,100,0,Full
10:58:58,100,100,0,2,100,0,Full
10:58:58,100,100,0,2,100,0,Full
10:58:59,100,100,0,2,100,0,Full
10:58:59,100,100,0,2,100,0,Full
10:59:00,100,100,0,2,100,0,Full
10:59:00,100,100,0,2,100,0,Full
10:59:01,100,100,0,2,100,0,Full
10:59:01,100,100,0,2,100,0,Full
10:59:02,100,100,0,2,100,0,Full
10:59:02,100,100,0,2,100,0,Full
10:59:03,100,100,0,2,100,0,Full
10:59:03,100,100,0,2,100,0,Full
10:59:04,100,100,0,2,100,0,Full
10:59:04,100,100,0,2,100,0,Full
10:59:05,100,100,0,2,100,0,Full
10:59:05,100,100,0,2,100,0,Full
10:59:06,100,100,0,2,100,0,Full
10:59:06,100,100,0,2,100,0,Full
10:59:07,100,100,0,2,100,0,Full
10:59:07,100,100,0,2,100,0,Full
10:59:08,100,100,0,2,100,0,Full
10:59:08,100,100,0,2,100,0,Full
10:59:09,100,100,0,2,100,0,Full
10:59:09,100,100,0,2,100,0,Full
10:59:10,100,100,0,2,100,0,Full
10:59:10,100,100,0,2,100,0,Full
10:59:11,100,100,0,2,100,0,Full
10:59:11,100,100,0,2,100,0,Full
10:59:12,100,100,0,2,100,0,Full
10:59:12,100,100,0,2,100,0,Full
10:59:13,100,100,0,2,100,0,Full
10:59:13,100,100,0,2,100,0,Full
10:59:14,100,100,0,2,100,0,Full
10:59:14,100,100,0,2,100,0,Full
10:59:15,100,100,0,2,100,0,Full
10:59:15,100,100,0,2,100,0,Full
10:59:16,100,100,0,2,100,0,Full
10:59:16,100,100,0,2,100,0,Full
10:59:17,100,100,0,2,100,0,Full
10:59:17,100,100,0,2,100,0,Full
10:59:18,100,100,0,2,100,0,Full
10:59:18,100,100,0,2,100,0,Full
10:59:19,100,100,0,2,100,0,Full
10:59:19,100,100,0,2,100,0,Full
10:59:20,100,100,0,2,100,0,Full
10:59:20,100,100,0,2,100,0,Full
10:59:21,100,100,0,2,100,0,Full
10:59:21,100,100,0,2,100,0,Full
10:59:22,100,100,0,2,100,0,Full
10:59:22,100,100,0,2,100,0,Full
10:59:23,100,100,0,2,100,0,Full
10:59:23,100,100,0,2,100,0,Full
10:59:24,100,100,0,2,100,0,Full
10:59:24,100,100,0,2,100,0,Full
10:59:25,100,100,0,2,100,0,Full
10:59:25,100,100,0,2,100,0,Full
10:59:26,100,100,0,2,100,0,Full
10:59:26,100,100,0,2,100,0,Full
10:59:27,100,100,0,2,100,0,Full
10:59:27,100,100,0,2,100,0,Full
10:59:28,100,100,0,2,100,0,Full
10:59:28,100,100,0,2,100,0,Full
10:59:29,100,100,0,2,100,0,Full
10:59:29,100,100,0,2,100,0,Full
10:59:30,100,100,0,2,100,0,Full
10:59:30,100,100,0,2,100,0,Full
10:59:31,100,100,0,2,100,0,Full
10:59:31,100,100,0,2,100,0,Full
10:59:32,100,100,0,2,100,0,Full
10:59:32,100,100,0,2,100,0,Full
10:59:33,100,100,0,2,100,0,Full
10:59:33,100,100,0,2,100,0,Full
10:59:34,100,100,0,2,100,0,Full
10:59:34,100,100,0,2,100,0,Full
10:59:35,100,100,0,2,100,0,Full
10:59:35,100,100,0,2,100,0,Full
10:59:36,100,100,0,2,100,0,Full
10:59:36,100,100,0,2,100,0,Full
10:59:37,100,100,0,2,100,0,Full
10:59:37,100,100,0,2,100,0,Full
10:59:38,100,100,0,2,100,0,Full
10:59:38,100,100,0,2,100,0,Full
10:59:39,100,100,0,2,100,0,Full
10:59:39,100,100,0,2,100,0,Full
10:59:40,100,100,0,2,100,0,Full
10:59:40,100,100,0,2,100,0,Full
10:59:41,100,100,0,2,100,0,Full
10:59:41,100,100,0,2,100,0,Full
10:59:42,100,100,0,2,100,0,Full
10:59:42,100,100,0,2,100,0,Full
10:59:43,100,100,0,2,100,0,Full
10:59:43,100,100,0,2,100,0,Full
10:59:44,100,100,0,2,100,0,Full
10:59:44,100,100,0,2,100,0,Full
10:59:45,100,100,0,2,100,0,Full
10:59:45,100,100,0,2,100,0,Full
10:59:46,100,100,0,2,100,0,Full
10:59:46,100,100,0,2,100,0,Full
10:59:47,100,100,0,2,100,0,Full
10:59:47,100,100,0,2,100,0,Full
10:59:48,100,100,0,2,100,0,Full
10:59:48,100,100,0,2,100,0,Full
10:59:49,100,100,0,2,100,0,Full
10:59:49,100,100,0,2,100,0,Full
10:59:50,100,100,0,2,100,0,Full
10:59:50,100,100,0,2,100,0,Full
10:59:51,100,100,0,2,100,0,Full
10:59:51,100,100,0,2,100,0,Full
10:59:52,100,100,0,2,100,0,Full
10:59:52,100,100,0,2,100,0,Full
10:59:53,100,100,0,2,100,0,Full
10:59:53,100,100,0,2,100,0,Full
10:59:54,100,100,0,2,100,0,Full
10:59:54,100,100,0,2,100,0,Full
10:59:55,100,100,0,2,100,0,Full
10:59:55,100,100,0,2,100,0,Full
10:59:56,100,100,0,2,100,0,Full
10:59:56,100,100,0,2,100,0,Full
10:59:57,100,100,0,2,100,0,Full
10:59:57,100,100,0,2,100,0,Full
10:59:58,100,100,0,2,100,0,Full
10:59:58,100,100,0,2,100,0,Full
10:59:59,100,100,0,2,100,0,Full
10:59:59,100,100,0,2,100,0,Full
11:00:00,100,100,0,2,100,0,Full
11:00:00,100,100,0,2,100,0,Full
11:00:01,100,100,0,2,100,0,Full
11:00:01,100,100,0,2,100,0,Full
11:00:02,100,100,0,2,100,0,Full
11:00:02,100,100,0,2,100,0,Full
11:00:03,100,100,0,2,100,0,Full
11:00:03,100,100,0,2,100,0,Full
11:00:04,100,100,0,2,100,0,Full
11:00:04,100,100,0,2,100,0,Full
11:00:05,100,100,0,2,100,0,Full
11:00:05,100,100,0,2,100,0,Full
11:00:06,100,100,0,2,100,0,Full
11:00:06,100,100,0,2,100,0,Full
11:00:07,100,100,0,2,100,0,Full
11:00:07,100,100,0,2,100,0,Full
11:00:08,100,100,0,2,100,0,Full
11:00:08,100,100,0,2,100,0,Full
11:00:09,100,100,0,2,100,0,Full
11:00:09,100,100,0,2,100,0,Full
11:00:10,100,100,0,2,100,0,Full
11:00:10,100,100,0,2,100,0,Full
11:00:11,100,100,0,2,100,0,Full
11:00:11,100,100,0,2,100,0,Full
11:00:12,100,100,0,2,100,0,Full
11:00:12,100,100,0,2,100,0,Full
11:00:13,100,100,0,2,100,0,Full
11:00:13,100,100,0,2,100,0,Full
11:00:14,100,100,0,2,100,0,Full
11:00:14,100,100,0,2,100,0,Full
11:00:15,100,100,0,2,100,0,Full
11:00:15,100,100,0,2,100,0,Full
11:00:16,100,100,0,2,100,0,Full
11:00:16,100,100,0,2,100,0,Full
11:00:17,100,100,0,2,100,0,Full
11:00:17,100,100,0,2,100,0,Full
11:00:18,100,100,0,2,100,0,Full
11:00:18,100,100,0,2,100,0,Full
11:00:19,100,100,0,2,100,0,Full
11:00:19,100,100,0,2,100,0,Full
11:00:20,100,100,0,2,100,0,Full
11:00:20,100,100,0,2,100,0,Full
11:00:21,100,100,0,2,100,0,Full
11:00:21,100,100,0,2,100,0,Full
11:00:22,100,100,0,2,100,0,Full
11:00:22,100,100,0,2,100,0,Full
11:00:23,100,100,0,2,100,0,Full
11:00:23,100,100,0,2,100,0,Full
11:00:24,100,100,0,2,100,0,Full
11:00:24,100,100,0,2,100,0,Full
11:00:25,100,100,0,2,100,0,Full
11:00:25,100,100,0,2,100,0,Full
11:00:26,100,100,0,2,100,0,Full
11:00:26,100,100,0,2,100,0,Full
11:00:27,100,100,0,2,100,0,Full
11:00:27,100,100,0,2,100,0,Full
11:00:28,100,100,0,2,100,0,Full
11:00:28,100,100,0,2,100,0,Full
11:00:29,100,100,0,2,100,0,Full
11:00:29,100,100,0,2,100,0,Full
11:00:30,100,100,0,2,100,0,Full
11:00:30,100,100,0,2,100,0,Full
11:00:31,100,100,0,2,100,0,Full
11:00:31,100,100,0,2,100,0,Full
11:00:32,100,100,0,2,100,0,Full
11:00:32,100,100,0,2,100,0,Full
11:00:33,100,100,0,2,100,0,Full
11:00:33,100,100,0,2,100,0,Full
11:00:34,100,100,0,2,100,0,Full
11:00:34,100,100,0,2,100,0,Full
11:00:35,100,100,0,2,100,0,Full
11:00:35,100,100,0,2,100,0,Full
11:00:36,100,100,0,2,100,0,Full
11:00:36,100,100,0,2,100,0,Full
11:00:37,100,100,0,2,100,0,Full
11:00:37,100,100,0,2,100,0,Full
11:00:38,100,100,0,2,100,0,Full
11:00:38,100,100,0,2,100,0,Full
11:00:39,100,100,0,2,100,0,Full
11:00:39,100,100,0,2,100,0,Full
11:00:40,100,100,0,2,100,0,Full
11:00:40,100,100,0,2,100,0,Full
11:00:41,100,100,0,2,100,0,Full
11:00:41,100,100,0,2,100,0,Full
11:00:42,100,100,0,2,100,0,Full
11:00:42,100,100,0,2,100,0,Full
11:00:43,100,100,0,2,100,0,Full
11:00:43,100,100,0,2,100,0,Full
11:00:44,100,100,0,2,100,0,Full
11:00:44,100,100,0,2,100,0,Full
11:00:45,100,100,0,2,100,0,Full
11:00:45,100,100,0,2,100,0,Full
11:00:46,100,100,0,2,100,0,Full
11:00:46,100,100,0,2,100,0,Full
11:00:47,100,100,0,2,100,0,Full
11:00:47,100,100,0,2,100,0,Full
11:00:48,100,100,0,2,100,0,Full
11:00:48,100,100,0,2,100,0,Full
11:00:49,100,100,0,2,100,0,Full
11:00:49,100,100,0,2,100,0,Full
11:00:50,100,100,0,2,100,0,Full
11:00:50,100,100,0,2,100,0,Full
11:00:51,100,100,0,2,100,0,Full
11:00:51,100,100,0,2,100,0,Full
11:00:52,100,100,0,2,100,0,Full
11:00:52,100,100,0,2,100,0,Full
11:00:53,100,100,0,2,100,0,Full
11:00:53,100,100,0,2,100,0,Full
11:00:54,100,100,0,2,100,0,Full
11:00:54,100,100,0,2,100,0,Full
11:00:55,100,100,0,2,100,0,Full
11:00:55,100,100,0,2,100,0,Full
11:00:56,100,100,0,2,100,0,Full
11:00:56,100,100,0,2,100,0,Full
11:00:57,100,100,0,2,100,0,Full
11:00:57,100,100,0,2,100,0,Full
11:00:58,100,100,0,2,100,0,Full
11:00:58,100,100,0,2,100,0,Full
11:00:59,100,100,0,2,100,0,Full
11:00:59,100,100,0,2,100,0,Full
11:01:00,100,100,0,2,100,0,Full
11:01:00,100,100,0,2,100,0,Full
11:01:01,100,100,0,2,100,0,Full
11:01:01,100,100,0,2,100,0,Full
11:01:02,100,100,0,2,100,0,Full
11:01:02,100,100,0,2,100,0,Full
11:01:03,100,100,0,2,100,0,Full
11:01:03,100,100,0,2,100,0,Full
11:01:04,100,100,0,2,100,0,Full
11:01:04,100,100,0,2,100,0,Full
11:01:05,100,100,0,2,100,0,Full
11:01:05,100,100,0,2,100,0,Full
11:01:06,100,100,0,2,100,0,Full
11:01:06,100,100,0,2,100,0,Full
11:01:07,100,100,0,2,100,0,Full
11:01:07,100,100,0,2,100,0,Full
11:01:08,100,100,0,2,100,0,Full
11:01:08,100,100,0,2,100,0,Full
11:01:09,100,100,0,2,100,0,Full
11:01:09,100,100,0,2,100,0,Full
11:01:10,100,100,0,2,100,0,Full
11:01:10,100,100,0,2,100,0,Full
11:01:11,100,100,0,2,100,0,Full
11:01:11,100,100,0,2,100,0,Full
11:01:12,100,100,0,2,100,0,Full
11:01:12,100,100,0,2,100,0,Full
11:01:13,100,100,0,2,100,0,Full
11:01:13,100,100,0,2,100,0,Full
11:01:14,100,100,0,2,100,0,Full
11:01:14,100,100,0,2,100,0,Full
11:01:15,100,100,0,2,100,0,Full
11:01:15,100,100,0,2,100,0,Full
11:01:16,100,100,0,2,100,0,Full
11:01:16,100,100,0,2,100,0,Full
11:01:17,100,100,0,2,100,0,Full
11:01:17,100,100,0,2,100,0,Full
11:01:18,100,100,0,2,100,0,Full
11:01:18,100,100,0,2,100,0,Full
11:01:19,100,100,0,2,100,0,Full
11:01:19,100,100,0,2,100,0,Full
11:01:20,100,100,0,2,100,0,Full
11:01:20,100,100,0,2,100,0,Full
11:01:21,100,100,0,2,100,0,Full
11:01:21,100,100,0,2,100,0,Full
11:01:22,100,100,0,2,100,0,Full
11:01:22,100,100,0,2,100,0,Full
11:01:23,100,100,0,2,100,0,Full
11:01:23,100,100,0,2,100,0,Full
11:01:24,100,100,0,2,100,0,Full
11:01:24,100,100,0,2,100,0,Full
11:01:25,100,100,0,2,100,0,Full
11:01:25,100,100,0,2,100,0,Full
11:01:26,100,100,0,2,100,0,Full
11:01:26,100,100,0,2,100,0,Full
11:01:27,100,100,0,2,100,0,Full
11:01:27,100,100,0,2,100,0,Full
11:01:28,100,100,0,2,100,0,Full
11:01:28,100,100,0,2,100,0,Full
11:01:29,100,100,0,2,100,0,Full
11:01:29,100,100,0,2,100,0,Full
11:01:30,100,100,0,2,100,0,Full
11:01:30,100,100,0,2,100,0,Full
11:01:31,100,100,0,2,100,0,Full
11:01:31,100,100,0,2,100,0,Full
11:01:32,100,100,0,2,100,0,Full
11:01:32,100,100,0,2,100,0,Full
11:01:33,100,100,0,2,100,0,Full
11:01:33,100,100,0,2,100,0,Full
11:01:34,100,100,0,2,100,0,Full
11:01:34,100,100,0,2,100,0,Full
11:01:35,100,100,0,2,100,0,Full
11:01:35,100,100,0,2,100,0,Full
11:01:36,100,100,0,2,100,0,Full
11:01:36,100,100,0,2,100,0,Full
11:01:37,100,100,0,2,100,0,Full
11:01:37,100,100,0,2,100,0,Full
11:01:38,100,100,0,2,100,0,Full
11:01:38,100,100,0,2,100,0,Full
11:01:39,100,100,0,2,100,0,Full
11:01:39,100,100,0,2,100,0,Full
11:01:40,100,100,0,2,100,0,Full
11:01:40,100,100,0,2,100,0,Full
11:01:41,100,100,0,2,100,0,Full
11:01:41,100,100,0,2,100,0,Full
11:01:42,100,100,0,2,100,0,Full
11:01:42,100,100,0,2,100,0,Full
11:01:43,100,100,0,2,100,0,Full
11:01:43,100,100,0,2,100,0,Full
11:01:44,100,100,0,2,100,0,Full
11:01:44,100,100,0,2,100,0,Full
11:01:45,100,100,0,2,100,0,Full
11:01:45,100,100,0,2,100,0,Full
11:01:46,100,100,0,2,100,0,Full
11:01:46,100,100,0,2,100,0,Full
11:01:47,100,100,0,2,100,0,Full
11:01:47,100,100,0,2,100,0,Full
11:01:48,100,100,0,2,100,0,Full
11:01:48,100,100,0,2,100,0,Full
11:01:49,100,100,0,2,100,0,Full
11:01:49,100,100,0,2,100,0,Full
11:01:50,100,100,0,2,100,0,Full
11:01:50,100,100,0,2,100,0,Full
11:01:51,100,100,0,2,100,0,Full
11:01:51,100,100,0,2,100,0,Full
11:01:52,100,100,0,2,100,0,Full
11:01:52,100,100,0,2,100,0,Full
11:01:53,100,100,0,2,100,0,Full
11:01:53,100,100,0,2,100,0,Full
11:01:54,100,100,0,2,100,0,Full
11:01:54,100,100,0,2,100,0,Full
11:01:55,100,100,0,2,100,0,Full
11:01:55,100,100,0,2,100,0,Full
11:01:56,100,100,0,2,100,0,Full
11:01:56,100,100,0,2,100,0,Full
11:01:57,100,100,0,2,100,0,Full
11:01:57,100,100,0,2,100,0,Full
11:01:58,100,100,0,2,100,0,Full
11:01:58,100,100,0,2,100,0,Full
11:01:59,100,100,0,2,100,0,Full
11:01:59,100,100,0,2,100,0,Full
11:02:00,100,100,0,2,100,0,Full
11:02:00,100,100,0,2,100,0,Full
11:02:01,100,100,0,2,100,0,Full
11:02:01,100,100,0,2,100,0,Full
11:02:02,100,100,0,2,100,0,Full
11:02:02,100,100,0,2,100,0,Full
11:02:03,100,100,0,2,100,0,Full
11:02:03,100,100,0,2,100,0,Full
11:02:04,100,100,0,2,100,0,Full
11:02:04,100,100,0,2,100,0,Full
11:02:05,100,100,0,2,100,0,Full
11:02:05,100,100,0,2,100,0,Full
11:02:06,100,100,0,2,100,0,Full
11:02:06,100,100,0,2,100,0,Full
11:02:07,100,100,0,2,100,0,Full
11:02:07,100,100,0,2,100,0,Full
11:02:08,100,100,0,2,100,0,Full
11:02:08,100,100,0,2,100,0,Full
11:02:09,100,100,0,2,100,0,Full
11:02:09,100,100,0,2,100,0,Full
11:02:10,100,100,0,2,100,0,Full
11:02:10,100,100,0,2,100,0,Full
11:02:11,100,100,0,2,100,0,Full
11:02:11,100,100,0,2,100,0,Full
11:02:12,100,100,0,2,100,0,Full
11:02:12,100,100,0,2,100,0,Full
11:02:13,100,100,0,2,100,0,Full
11:02:13,100,100,0,2,100,0,Full
11:02:14,100,100,0,2,100,0,Full
11:02:14,100,100,0,2,100,0,Full
11:02:15,100,100,0,2,100,0,Full
11:02:15,100,100,0,2,100,0,Full
11:02:16,100,100,0,2,100,0,Full
11:02:16,100,100,0,2,100,0,Full
11:02:17,100,100,0,2,100,0,Full
11:02:17,100,100,0,2,100,0,Full
11:02:18,100,100,0,2,100,0,Full
11:02:18,100,100,0,2,100,0,Full
11:02:19,100,100,0,2,100,0,Full
11:02:19,100,100,0,2,100,0,Full
11:02:20,100,100,0,2,100,0,Full
11:02:20,100,100,0,2,100,0,Full
11:02:21,100,100,0,2,100,0,Full
11:02:21,100,100,0,2,100,0,Full
11:02:22,100,100,0,2,100,0,Full
11:02:22,100,100,0,2,100,0,Full
11:02:23,100,100,0,2,100,0,Full
11:02:23,100,100,0,2,100,0,Full
11:02:24,100,100,0,2,100,0,Full
11:02:24,100,100,0,2,100,0,Full
11:02:25,100,100,0,2,100,0,Full
11:02:25,100,100,0,2,100,0,Full
11:02:26,100,100,0,2,100,0,Full
11:02:26,100,100,0,2,100,0,Full
11:02:27,100,100,0,2,100,0,Full
11:02:27,100,100,0,2,100,0,Full
11:02:28,100,100,0,2,100,0,Full
11:02:28,100,100,0,2,100,0,Full
11:02:29,100,100,0,2,100,0,Full
11:02:29,100,100,0,2,100,0,Full
11:02:30,100,100,0,2,100,0,Full
11:02:30,100,100,0,2,100,0,Full
11:02:31,100,100,0,2,100,0,Full
11:02:31,100,100,0,2,100,0,Full
11:02:32,100,100,0,2,100,0,Full
11:02:32,100,100,0,2,100,0,Full
11:02:33,100,100,0,2,100,0,Full
11:02:33,100,100,0,2,100,0,Full
11:02:34,100,100,0,2,100,0,Full
11:02:34,100,100,0,2,100,0,Full
11:02:35,100,100,0,2,100,0,Full
11:02:35,100,100,0,2,100,0,Full
11:02:36,100,100,0,2,100,0,Full
11:02:36,100,100,0,2,100,0,Full
11:02:37,100,100,0,2,100,0,Full
11:02:37,100,100,0,2,100,0,Full
11:02:38,100,100,0,2,100,0,Full
11:02:38,100,100,0,2,100,0,Full
11:02:39,100,100,0,2,100,0,Full
11:02:39,100,100,0,2,100,0,Full
11:02:40,100,100,0,2,100,0,Full
11:02:40,100,100,0,2,100,0,Full
11:02:41,100,100,0,2,100,0,Full
11:02:41,100,100,0,2,100,0,Full
11:02:42,100,100,0,2,100,0,Full
11:02:42,100,100,0,2,100,0,Full
11:02:43,100,100,0,2,100,0,Full
11:02:43,100,100,0,2,100,0,Full
11:02:44,100,100,0,2,100,0,Full
11:02:44,100,100,0,2,100,0,Full
11:02:45,100,100,0,2,100,0,Full
11:02:45,100,100,0,2,100,0,Full
11:02:46,100,100,0,2,100,0,Full
11:02:46,100,100,0,2,100,0,Full
11:02:47,100,100,0,2,100,0,Full
11:02:47,100,100,0,2,100,0,Full
11:02:48,100,100,0,2,100,0,Full
11:02:48,100,100,0,2,100,0,Full
11:02:49,100,100,0,2,100,0,Full
11:02:49,100,100,0,2,100,0,Full
11:02:50,100,100,0,2,100,0,Full
11:02:50,100,100,0,2,100,0,Full
11:02:51,100,100,0,2,100,0,Full
11:02:51,100,100,0,2,100,0,Full
11:02:52,100,100,0,2,100,0,Full
11:02:52,100,100,0,2,100,0,Full
11:02:53,100,100,0,2,100,0,Full
11:02:53,100,100,0,2,100,0,Full
11:02:54,100,100,0,2,100,0,Full
11:02:54,100,100,0,2,100,0,Full
11:02:55,100,100,0,2,100,0,Full
11:02:55,100,100,0,2,100,0,Full
11:02:56,100,100,0,2,100,0,Full
11:02:56,100,100,0,2,100,0,Full
11:02:57,100,100,0,2,100,0,Full
11:02:57,100,100,0,2,100,0,Full
11:02:58,100,100,0,2,100,0,Full
11:02:58,100,100,0,2,100,0,Full
11:02:59,100,100,0,2,100,0,Full
11:02:59,100,100,0,2,100,0,Full
11:03:00,100,100,0,2,100,0,Full
11:03:00,100,100,0,2,100,0,Full
11:03:01,100,100,0,2,100,0,Full
11:03:01,100,100,0,2,100,0,Full
11:03:02,100,100,0,2,100,0,Full
11:03:02,100,100,0,2,100,0,Full
11:03:03,100,100,0,2,100,0,Full
11:03:03,100,100,0,2,100,0,Full
11:03:04,100,100,0,2,100,0,Full
11:03:04,100,100,0,2,100,0,Full
11:03:05,100,100,0,2,100,0,Full
11:03:05,100,100,0,2,100,0,Full
11:03:06,100,100,0,2,100,0,Full
11:03:06,100,100,0,2,100,0,Full
11:03:07,100,100,0,2,100,0,Full
11:03:07,100,100,0,2,100,0,Full
11:03:08,100,100,0,2,100,0,Full
11:03:08,100,100,0,2,100,0,Full
11:03:09,100,100,0,2,100,0,Full
11:03:09,100,100,0,2,100,0,Full
11:03:10,100,100,0,2,100,0,Full
11:03:10,100,100,0,2,100,0,Full
11:03:11,100,100,0,2,100,0,Full
11:03:11,100,100,0,2,100,0,Full
11:03:12,100,100,0,2,100,0,Full
11:03:12,100,100,0,2,100,0,Full
11:03:13,100,100,0,2,100,0,Full
11:03:13,100,100,0,2,100,0,Full
11:03:14,100,100,0,2,100,0,Full
11:03:14,100,100,0,2,100,0,Full
11:03:15,100,100,0,2,100,0,Full
11:03:15,100,100,0,2,100,0,Full
11:03:16,100,100,0,2,100,0,Full
11:03:16,100,100,0,2,100,0,Full
11:03:17,100,100,0,2,100,0,Full
11:03:17,100,100,0,2,100,0,Full
11:03:18,100,100,0,2,100,0,Full
11:03:18,100,100,0,2,100,0,Full
11:03:19,100,100,0,2,100,0,Full
11:03:19,100,100,0,2,100,0,Full
11:03:20,100,100,0,2,100,0,Full
11:03:20,100,100,0,2,100,0,Full
11:03:21,100,100,0,2,100,0,Full
11:03:21,100,100,0,2,100,0,Full
11:03:22,100,100,0,2,100,0,Full
11:03:22,100,100,0,2,100,0,Full
11:03:23,100,100,0,2,100,0,Full
11:03:23,100,100,0,2,100,0,Full
11:03:24,100,100,0,2,100,0,Full
11:03:24,100,100,0,2,100,0,Full
11:03:25,100,100,0,2,100,0,Full
11:03:25,100,100,0,2,100,0,Full
11:03:26,100,100,0,2,100,0,Full
11:03:26,100,100,0,2,100,0,Full
11:03:27,100,100,0,2,100,0,Full
11:03:27,100,100,0,2,100,0,Full
11:03:28,100,100,0,2,100,0,Full
11:03:28,100,100,0,2,100,0,Full
11:03:29,100,100,0,2,100,0,Full
11:03:29,100,100,0,2,100,0,Full
11:03:30,100,100,0,2,100,0,Full
11:03:30,100,100,0,2,100,0,Full
11:03:31,100,100,0,2,100,0,Full
11:03:31,100,100,0,2,100,0,Full
11:03:32,100,100,0,2,100,0,Full
11:03:32,100,100,0,2,100,0,Full
11:03:33,100,100,0,2,100,0,Full
11:03:33,100,100,0,2,100,0,Full
11:03:34,100,100,0,2,100,0,Full
11:03:34,100,100,0,2,100,0,Full
11:03:35,100,100,0,2,100,0,Full
11:03:35,100,100,0,2,100,0,Full
11:03:36,100,100,0,2,100,0,Full
11:03:36,100,100,0,2,100,0,Full
11:03:37,100,100,0,2,100,0,Full
11:03:37,100,100,0,2,100,0,Full
11:03:38,100,100,0,2,100,0,Full
11:03:38,100,100,0,2,100,0,Full
11:03:39,100,100,0,2,100,0,Full
11:03:39,100,100,0,2,100,0,Full
11:03:40,100,100,0,2,100,0,Full
11:03:40,100,100,0,2,100,0,Full
11:03:41,100,100,0,2,100,0,Full
11:03:41,100,100,0,2,100,0,Full
11:03:42,100,100,0,2,100,0,Full
11:03:42,100,100,0,2,100,0,Full
11:03:43,100,100,0,2,100,0,Full
11:03:43,100,100,0,2,100,0,Full
11:03:44,100,100,0,2,100,0,Full
11:03:44,100,100,0,2,100,0,Full
11:03:45,100,100,0,2,100,0,Full
11:03:45,100,100,0,2,100,0,Full
11:03:46,100,100,0,2,100,0,Full
11:03:46,100,100,0,2,100,0,Full
11:03:47,100,100,0,2,100,0,Full
11:03:47,100,100,0,2,100,0,Full
11:03:48,100,100,0,2,100,0,Full
11:03:48,100,100,0,2,100,0,Full
11:03:49,100,100,0,2,100,0,Full
11:03:49,100,100,0,2,100,0,Full
11:03:50,100,100,0,2,100,0,Full
11:03:50,100,100,0,2,100,0,Full
11:03:51,100,100,0,2,100,0,Full
11:03:51,100,100,0,2,100,0,Full
11:03:52,100,100,0,2,100,0,Full
11:03:52,100,100,0,2,100,0,Full
11:03:53,100,100,0,2,100,0,Full
11:03:53,100,100,0,2,100,0,Full
11:03:54,100,100,0,2,100,0,Full
11:03:54,100,100,0,2,100,0,Full
11:03:55,100,100,0,2,100,0,Full
11:03:55,100,100,0,2,100,0,Full
11:03:56,100,100,0,2,100,0,Full
11:03:56,100,100,0,2,100,0,Full
11:03:57,100,100,0,2,100,0,Full
11:03:57,100,100,0,2,100,0,Full
11:03:58,100,100,0,2,100,0,Full
11:03:58,100,100,0,2,100,0,Full
11:03:59,100,100,0,2,100,0,Full
11:03:59,100,100,0,2,100,0,Full
11:04:00,100,100,0,2,100,0,Full
11:04:00,100,100,0,2,100,0,Full
11:04:01,100,100,0,2,100,0,Full
11:04:01,100,100,0,2,100,0,Full
11:04:02,100,100,0,2,100,0,Full
11:04:02,100,100,0,2,100,0,Full
11:04:03,100,100,0,2,100,0,Full
11:04:03,100,100,0,2,100,0,Full
11:04:04,100,100,0,2,100,0,Full
11:04:04,100,100,0,2,100,0,Full
11:04:05,100,100,0,2,100,0,Full
11:04:05,100,100,0,2,100,0,Full
11:04:06,100,100,0,2,100,0,Full
11:04:06,100,100,0,2,100,0,Full
11:04:07,100,100,0,2,100,0,Full
11:04:07,100,100,0,2,100,0,Full
11:04:08,100,100,0,2,100,0,Full
11:04:08,100,100,0,2,100,0,Full
11:04:09,100,100,0,2,100,0,Full
11:04:09,100,100,0,2,100,0,Full
11:04:10,100,100,0,2,100,0,Full
11:04:10,100,100,0,2,100,0,Full
11:04:11,100,100,0,2,100,0,Full
11:04:11,100,100,0,2,100,0,Full
11:04:12,100,100,0,2,100,0,Full
11:04:12,100,100,0,2,100,0,Full
11:04:13,100,100,0,2,100,0,Full
11:04:13,100,100,0,2,100,0,Full
11:04:14,100,100,0,2,100,0,Full
11:04:14,100,100,0,2,100,0,Full
11:04:15,100,100,0,2,100,0,Full
11:04:15,100,100,0,2,100,0,Full
11:04:16,100,100,0,2,100,0,Full
11:04:16,100,100,0,2,100,0,Full
11:04:17,100,100,0,2,100,0,Full
11:04:17,100,100,0,2,100,0,Full
11:04:18,100,100,0,2,100,0,Full
11:04:18,100,100,0,2,100,0,Full
11:04:19,100,100,0,2,100,0,Full
11:04:19,100,100,0,2,100,0,Full
11:04:20,100,100,0,2,100,0,Full
11:04:20,100,100,0,2,100,0,Full
11:04:21,100,100,0,2,100,0,Full
11:04:21,100,100,0,2,100,0,Full
11:04:22,100,100,0,2,100,0,Full
11:04:22,100,100,0,2,100,0,Full
11:04:23,100,100,0,2,100,0,Full
11:04:23,100,100,0,2,100,0,Full
11:04:24,100,100,0,2,100,0,Full
11:04:24,100,100,0,2,100,0,Full
11:04:25,100,100,0,2,100,0,Full
11:04:25,100,100,0,2,100,0,Full
11:04:26,100,100,0,2,100,0,Full
11:04:26,100,100,0,2,100,0,Full
11:04:27,100,100,0,2,100,0,Full
11:04:27,100,100,0,2,100,0,Full
11:04:28,100,100,0,2,100,0,Full
11:04:28,100,100,0,2,100,0,Full
11:04:29,100,100,0,2,100,0,Full
11:04:29,100,100,0,2,100,0,Full
11:04:30,100,100,0,2,100,0,Full
11:04:30,100,100,0,2,100,0,Full
11:04:31,100,100,0,2,100,0,Full
11:04:31,100,100,0,2,100,0,Full
11:04:32,100,100,0,2,100,0,Full
11:04:32,100,100,0,2,100,0,Full
11:04:33,100,100,0,2,100,0,Full
11:04:33,100,100,0,2,100,0,Full
11:04:34,100,100,0,2,100,0,Full
11:04:34,100,100,0,2,100,0,Full
11:04:35,100,100,0,2,100,0,Full
11:04:35,100,100,0,2,100,0,Full
11:04:36,100,100,0,2,100,0,Full
11:04:36,100,100,0,2,100,0,Full
11:04:37,100,100,0,2,100,0,Full
11:04:37,100,100,0,2,100,0,Full
11:04:38,100,100,0,2,100,0,Full
11:04:38,100,100,0,2,100,0,Full
11:04:39,100,100,0,2,100,0,Full
11:04:39,100,100,0,2,100,0,Full
11:04:40,100,100,0,2,100,0,Full
11:04:40,100,100,0,2,100,0,Full
11:04:41,100,100,0,2,100,0,Full
11:04:41,100,100,0,2,100,0,Full
11:04:42,100,100,0,2,100,0,Full
11:04:42,100,100,0,2,100,0,Full
11:04:43,100,100,0,2,100,0,Full
11:04:43,100,100,0,2,100,0,Full
11:04:44,100,100,0,2,100,0,Full
11:04:44,100,100,0,2,100,0,Full
11:04:45,100,100,0,2,100,0,Full
11:04:45,100,100,0,2,100,0,Full
11:04:46,100,100,0,2,100,0,Full
11:04:46,100,100,0,2,100,0,Full
11:04:47,100,100,0,2,100,0,Full
11:04:47,100,100,0,2,100,0,Full
11:04:48,100,100,0,2,100,0,Full
11:04:48,100,100,0,2,100,0,Full
11:04:49,100,100,0,2,100,0,Full
11:04:49,100,100,0,2,100,0,Full
11:04:50,100,100,0,2,100,0,Full
11:04:50,100,100,0,2,100,0,Full
11:04:51,100,100,0,2,100,0,Full
11:04:51,100,100,0,2,100,0,Full
11:04:52,100,100,0,2,100,0,Full
11:04:52,100,100,0,2,100,0,Full
11:04:53,100,100,0,2,100,0,Full
11:04:53,100,100,0,2,100,0,Full
11:04:54,100,100,0,2,100,0,Full
11:04:54,100,100,0,2,100,0,Full
11:04:55,100,100,0,2,100,0,Full
11:04:55,100,100,0,2,100,0,Full
11:04:56,100,100,0,2,100,0,Full
11:04:56,100,100,0,2,100,0,Full
11:04:57,100,100,0,2,100,0,Full
11:04:57,100,100,0,2,100,0,Full
11:04:58,100,100,0,2,100,0,Full
11:04:58,100,100,0,2,100,0,Full
11:04:59,100,100,0,2,100,0,Full
11:04:59,100,100,0,2,100,0,Full
11:05:00,100,100,0,2,100,0,Full
11:05:00,100,100,0,2,100,0,Full
11:05:01,100,100,0,2,100,0,Full
11:05:01,100,100,0,2,100,0,Full
11:05:02,100,100,0,2,100,0,Full
11:05:02,100,100,0,2,100,0,Full
11:05:03,100,100,0,2,100,0,Full
11:05:03,100,100,0,2,100,0,Full
11:05:04,100,100,0,2,100,0,Full
11:05:04,100,100,0,2,100,0,Full
11:05:05,100,100,0,2,100,0,Full
11:05:05,100,100,0,2,100,0,Full
11:05:06,100,100,0,2,100,0,Full
11:05:06,100,100,0,2,100,0,Full
11:05:07,100,100,0,2,100,0,Full
11:05:07,100,100,0,2,100,0,Full
11:05:08,100,100,0,2,100,0,Full
11:05:08,100,100,0,2,100,0,Full
11:05:09,100,100,0,2,100,0,Full
11:05:09,100,100,0,2,100,0,Full
11:05:10,100,100,0,2,100,0,Full
11:05:10,100,100,0,2,100,0,Full
11:05:11,100,100,0,2,100,0,Full
11:05:11,100,100,0,2,100,0,Full
11:05:12,100,100,0,2,100,0,Full
11:05:13,100,100,0,2,100,0,Full
11:05:13,100,100,0,2,100,0,Full
11:05:14,100,100,0,2,100,0,Full
11:05:14,100,100,0,2,100,0,Full
11:05:15,100,100,0,2,100,0,Full
11:05:15,100,100,0,2,100,0,Full
11:05:16,100,100,0,2,100,0,Full
11:05:16,100,100,0,2,100,0,Full
11:05:17,100,100,0,2,100,0,Full
11:05:17,100,100,0,2,100,0,Full
11:05:18,100,100,0,2,100,0,Full
11:05:18,100,100,0,2,100,0,Full
11:05:19,100,100,0,2,100,0,Full
11:05:19,100,100,0,2,100,0,Full
11:05:20,100,100,0,2,100,0,Full
11:05:20,100,100,0,2,100,0,Full
11:05:21,100,100,0,2,100,0,Full
11:05:21,100,100,0,2,100,0,Full
11:05:22,100,100,0,2,100,0,Full
11:05:22,100,100,0,2,100,0,Full
11:05:23,100,100,0,2,100,0,Full
11:05:23,100,100,0,2,100,0,Full
11:05:24,100,100,0,2,100,0,Full
11:05:24,100,100,0,2,100,0,Full
11:05:25,100,100,0,2,100,0,Full
11:05:25,100,100,0,2,100,0,Full
11:05:26,100,100,0,2,100,0,Full
11:05:26,100,100,0,2,100,0,Full
11:05:27,100,100,0,2,100,0,Full
11:05:27,100,100,0,2,100,0,Full
11:05:28,100,100,0,2,100,0,Full
11:05:28,100,100,0,2,100,0,Full
11:05:29,100,100,0,2,100,0,Full
11:05:29,100,100,0,2,100,0,Full
11:05:30,100,100,0,2,100,0,Full
11:05:30,100,100,0,2,100,0,Full
11:05:31,100,100,0,2,100,0,Full
11:05:31,100,100,0,2,100,0,Full
11:05:32,100,100,0,2,100,0,Full
11:05:32,100,100,0,2,100,0,Full
11:05:33,100,100,0,2,100,0,Full
11:05:33,100,100,0,2,100,0,Full
11:05:34,100,100,0,2,100,0,Full
11:05:34,100,100,0,2,100,0,Full
11:05:35,100,100,0,2,100,0,Full
11:05:35,100,100,0,2,100,0,Full
11:05:36,100,100,0,2,100,0,Full
11:05:36,100,100,0,2,100,0,Full
11:05:37,100,100,0,2,100,0,Full
11:05:37,100,100,0,2,100,0,Full
11:05:38,100,100,0,2,100,0,Full
11:05:38,100,100,0,2,100,0,Full
11:05:39,100,100,0,2,100,0,Full
11:05:39,100,100,0,2,100,0,Full
11:05:40,100,100,0,2,100,0,Full
11:05:40,100,100,0,2,100,0,Full
11:05:41,100,100,0,2,100,0,Full
11:05:41,100,100,0,2,100,0,Full
11:05:42,100,100,0,2,100,0,Full
11:05:42,100,100,0,2,100,0,Full
11:05:43,100,100,0,2,100,0,Full
11:05:43,100,100,0,2,100,0,Full
11:05:44,100,100,0,2,100,0,Full
11:05:44,100,100,0,2,100,0,Full
11:05:45,100,100,0,2,100,0,Full
11:05:45,100,100,0,2,100,0,Full
11:05:46,100,100,0,2,100,0,Full
11:05:46,100,100,0,2,100,0,Full
11:05:47,100,100,0,2,100,0,Full
11:05:47,100,100,0,2,100,0,Full
11:05:48,100,100,0,2,100,0,Full
11:05:48,100,100,0,2,100,0,Full
11:05:49,100,100,0,2,100,0,Full
11:05:49,100,100,0,2,100,0,Full
11:05:50,100,100,0,2,100,0,Full
11:05:50,100,100,0,2,100,0,Full
11:05:51,100,100,0,2,100,0,Full
11:05:51,100,100,0,2,100,0,Full
11:05:52,100,100,0,2,100,0,Full
11:05:52,100,100,0,2,100,0,Full
11:05:53,100,100,0,2,100,0,Full
11:05:53,100,100,0,2,100,0,Full
11:05:54,100,100,0,2,100,0,Full
11:05:54,100,100,0,2,100,0,Full
11:05:55,100,100,0,2,100,0,Full
11:05:55,100,100,0,2,100,0,Full
11:05:56,100,100,0,2,100,0,Full
11:05:56,100,100,0,2,100,0,Full
11:05:57,100,100,0,2,100,0,Full
11:05:57,100,100,0,2,100,0,Full
11:05:58,100,100,0,2,100,0,Full
11:05:58,100,100,0,2,100,0,Full
11:05:59,100,100,0,2,100,0,Full
11:05:59,100,100,0,2,100,0,Full
11:06:00,100,100,0,2,100,0,Full
11:06:00,100,100,0,2,100,0,Full
11:06:01,100,100,0,2,100,0,Full
11:06:01,100,100,0,2,100,0,Full
11:06:02,100,100,0,2,100,0,Full
11:06:02,100,100,0,2,100,0,Full
11:06:03,100,100,0,2,100,0,Full
11:06:03,100,100,0,2,100,0,Full
11:06:04,100,100,0,2,100,0,Full
11:06:04,100,100,0,2,100,0,Full
11:06:05,100,100,0,2,100,0,Full
11:06:05,100,100,0,2,100,0,Full
11:06:06,100,100,0,2,100,0,Full
11:06:06,100,100,0,2,100,0,Full
11:06:07,100,100,0,2,100,0,Full
11:06:07,100,100,0,2,100,0,Full
11:06:08,100,100,0,2,100,0,Full
11:06:08,100,100,0,2,100,0,Full
11:06:09,100,100,0,2,100,0,Full
11:06:09,100,100,0,2,100,0,Full
11:06:10,100,100,0,2,100,0,Full
11:06:10,100,100,0,2,100,0,Full
11:06:11,100,100,0,2,100,0,Full
11:06:11,100,100,0,2,100,0,Full
11:06:12,100,100,0,2,100,0,Full
11:06:12,100,100,0,2,100,0,Full
11:06:13,100,100,0,2,100,0,Full
11:06:13,100,100,0,2,100,0,Full
11:06:14,100,100,0,2,100,0,Full
11:06:14,100,100,0,2,100,0,Full
11:06:15,100,100,0,2,100,0,Full
11:06:15,100,100,0,2,100,0,Full
11:06:16,100,100,0,2,100,0,Full
11:06:16,100,100,0,2,100,0,Full
11:06:17,100,100,0,2,100,0,Full
11:06:17,100,100,0,2,100,0,Full
11:06:18,100,100,0,2,100,0,Full
11:06:18,100,100,0,2,100,0,Full
11:06:19,100,100,0,2,100,0,Full
11:06:19,100,100,0,2,100,0,Full
11:06:20,100,100,0,2,100,0,Full
11:06:20,100,100,0,2,100,0,Full
11:06:21,100,100,0,2,100,0,Full
11:06:21,100,100,0,2,100,0,Full
11:06:22,100,100,0,2,100,0,Full
11:06:22,100,100,0,2,100,0,Full
11:06:23,100,100,0,2,100,0,Full
11:06:23,100,100,0,2,100,0,Full
11:06:24,100,100,0,2,100,0,Full
11:06:24,100,100,0,2,100,0,Full
11:06:25,100,100,0,2,100,0,Full
11:06:25,100,100,0,2,100,0,Full
11:06:26,100,100,0,2,100,0,Full
11:06:26,100,100,0,2,100,0,Full
11:06:27,100,100,0,2,100,0,Full
11:06:27,100,100,0,2,100,0,Full
11:06:28,100,100,0,2,100,0,Full
11:06:28,100,100,0,2,100,0,Full
11:06:29,100,100,0,2,100,0,Full
11:06:29,100,100,0,2,100,0,Full
11:06:30,100,100,0,2,100,0,Full
11:06:30,100,100,0,2,100,0,Full
11:06:31,100,100,0,2,100,0,Full
11:06:31,100,100,0,2,100,0,Full
11:06:32,100,100,0,2,100,0,Full
11:06:32,100,100,0,2,100,0,Full
11:06:33,100,100,0,2,100,0,Full
11:06:33,100,100,0,2,100,0,Full
11:06:34,100,100,0,2,100,0,Full
11:06:34,100,100,0,2,100,0,Full
11:06:35,100,100,0,2,100,0,Full
11:06:35,100,100,0,2,100,0,Full
11:06:36,100,100,0,2,100,0,Full
11:06:36,100,100,0,2,100,0,Full
11:06:37,100,100,0,2,100,0,Full
11:06:37,100,100,0,2,100,0,Full
11:06:38,100,100,0,2,100,0,Full
11:06:38,100,100,0,2,100,0,Full
11:06:39,100,100,0,2,100,0,Full
11:06:39,100,100,0,2,100,0,Full
11:06:40,100,100,0,2,100,0,Full
11:06:40,100,100,0,2,100,0,Full
11:06:41,100,100,0,2,100,0,Full
11:06:41,100,100,0,2,100,0,Full
11:06:42,100,100,0,2,100,0,Full
11:06:42,100,100,0,2,100,0,Full
11:06:43,100,100,0,2,100,0,Full
11:06:43,100,100,0,2,100,0,Full
11:06:44,100,100,0,2,100,0,Full
11:06:44,100,100,0,2,100,0,Full
11:06:45,100,100,0,2,100,0,Full
11:06:45,100,100,0,2,100,0,Full
11:06:46,100,100,0,2,100,0,Full
11:06:46,100,100,0,2,100,0,Full
11:06:47,100,100,0,2,100,0,Full
11:06:47,100,100,0,2,100,0,Full
11:06:48,100,100,0,2,100,0,Full
11:06:48,100,100,0,2,100,0,Full
11:06:49,100,100,0,2,100,0,Full
11:06:49,100,100,0,2,100,0,Full
11:06:50,100,100,0,2,100,0,Full
11:06:50,100,100,0,2,100,0,Full
11:06:51,100,100,0,2,100,0,Full
11:06:51,100,100,0,2,100,0,Full
11:06:52,100,100,0,2,100,0,Full
11:06:52,100,100,0,2,100,0,Full
11:06:53,100,100,0,2,100,0,Full
11:06:53,100,100,0,2,100,0,Full
11:06:54,100,100,0,2,100,0,Full
11:06:54,100,100,0,2,100,0,Full
11:06:55,100,100,0,2,100,0,Full
11:06:55,100,100,0,2,100,0,Full
11:06:56,100,100,0,2,100,0,Full
11:06:56,100,100,0,2,100,0,Full
11:06:57,100,100,0,2,100,0,Full
11:06:57,100,100,0,2,100,0,Full
11:06:58,100,100,0,2,100,0,Full
11:06:58,100,100,0,2,100,0,Full
11:06:59,100,100,0,2,100,0,Full
11:06:59,100,100,0,2,100,0,Full
11:07:00,100,100,0,2,100,0,Full
11:07:00,100,100,0,2,100,0,Full
11:07:01,100,100,0,2,100,0,Full
11:07:01,100,100,0,2,100,0,Full
11:07:02,100,100,0,2,100,0,Full
11:07:02,100,100,0,2,100,0,Full
11:07:03,100,100,0,2,100,0,Full
11:07:03,100,100,0,2,100,0,Full
11:07:04,100,100,0,2,100,0,Full
11:07:04,100,100,0,2,100,0,Full
11:07:05,100,100,0,2,100,0,Full
11:07:05,100,100,0,2,100,0,Full
11:07:06,100,100,0,2,100,0,Full
11:07:06,100,100,0,2,100,0,Full
11:07:07,100,100,0,2,100,0,Full
11:07:07,100,100,0,2,100,0,Full
11:07:08,100,100,0,2,100,0,Full
11:07:08,100,100,0,2,100,0,Full
11:07:09,100,100,0,2,100,0,Full
11:07:09,100,100,0,2,100,0,Full
11:07:10,100,100,0,2,100,0,Full
11:07:10,100,100,0,2,100,0,Full
11:07:11,100,100,0,2,100,0,Full
11:07:11,100,100,0,2,100,0,Full
11:07:12,100,100,0,2,100,0,Full
11:07:12,100,100,0,2,100,0,Full
11:07:13,100,100,0,2,100,0,Full
11:07:13,100,100,0,2,100,0,Full
11:07:14,100,100,0,2,100,0,Full
11:07:14,100,100,0,2,100,0,Full
11:07:15,100,100,0,2,100,0,Full
11:07:15,100,100,0,2,100,0,Full
11:07:16,100,100,0,2,100,0,Full
11:07:16,100,100,0,2,100,0,Full
11:07:17,100,100,0,2,100,0,Full
11:07:17,100,100,0,2,100,0,Full
11:07:18,100,100,0,2,100,0,Full
11:07:18,100,100,0,2,100,0,Full
11:07:19,100,100,0,2,100,0,Full
11:07:19,100,100,0,2,100,0,Full
11:07:20,100,100,0,2,100,0,Full
11:07:20,100,100,0,2,100,0,Full
11:07:21,100,100,0,2,100,0,Full
11:07:21,100,100,0,2,100,0,Full
11:07:22,100,100,0,2,100,0,Full
11:07:22,100,100,0,2,100,0,Full
11:07:23,100,100,0,2,100,0,Full
11:07:23,100,100,0,2,100,0,Full
11:07:24,100,100,0,2,100,0,Full
11:07:24,100,100,0,2,100,0,Full
11:07:25,100,100,0,2,100,0,Full
11:07:25,100,100,0,2,100,0,Full
11:07:26,100,100,0,2,100,0,Full
11:07:26,100,100,0,2,100,0,Full
11:07:27,100,100,0,2,100,0,Full
11:07:27,100,100,0,2,100,0,Full
11:07:28,100,100,0,2,100,0,Full
11:07:28,100,100,0,2,100,0,Full
11:07:29,100,100,0,2,100,0,Full
11:07:29,100,100,0,2,100,0,Full
11:07:30,100,100,0,2,100,0,Full
11:07:30,100,100,0,2,100,0,Full
11:07:31,100,100,0,2,100,0,Full
11:07:31,100,100,0,2,100,0,Full
11:07:32,100,100,0,2,100,0,Full
11:07:32,100,100,0,2,100,0,Full
11:07:33,100,100,0,2,100,0,Full
11:07:33,100,100,0,2,100,0,Full
11:07:34,100,100,0,2,100,0,Full
11:07:34,100,100,0,2,100,0,Full
11:07:35,100,100,0,2,100,0,Full
11:07:35,100,100,0,2,100,0,Full
11:07:36,100,100,0,2,100,0,Full
11:07:36,100,100,0,2,100,0,Full
11:07:37,100,100,0,2,100,0,Full
11:07:37,100,100,0,2,100,0,Full
11:07:38,100,100,0,2,100,0,Full
11:07:38,100,100,0,2,100,0,Full
11:07:39,100,100,0,2,100,0,Full
11:07:39,100,100,0,2,100,0,Full
11:07:40,100,100,0,2,100,0,Full
11:07:40,100,100,0,2,100,0,Full
11:07:41,100,100,0,2,100,0,Full
11:07:41,100,100,0,2,100,0,Full
11:07:42,100,100,0,2,100,0,Full
11:07:42,100,100,0,2,100,0,Full
11:07:43,100,100,0,2,100,0,Full
11:07:43,100,100,0,2,100,0,Full
11:07:44,100,100,0,2,100,0,Full
11:07:44,100,100,0,2,100,0,Full
11:07:45,100,100,0,2,100,0,Full
11:07:45,100,100,0,2,100,0,Full
11:07:46,100,100,0,2,100,0,Full
11:07:46,100,100,0,2,100,0,Full
11:07:47,100,100,0,2,100,0,Full
11:07:47,100,100,0,2,100,0,Full
11:07:48,100,100,0,2,100,0,Full
11:07:48,100,100,0,2,100,0,Full
11:07:49,100,100,0,2,100,0,Full
11:07:49,100,100,0,2,100,0,Full
11:07:50,100,100,0,2,100,0,Full
11:07:50,100,100,0,2,100,0,Full
11:07:51,100,100,0,2,100,0,Full
11:07:51,100,100,0,2,100,0,Full
11:07:52,100,100,0,2,100,0,Full
11:07:52,100,100,0,2,100,0,Full
11:07:53,100,100,0,2,100,0,Full
11:07:53,100,100,0,2,100,0,Full
11:07:54,100,100,0,2,100,0,Full
11:07:54,100,100,0,2,100,0,Full
11:07:55,100,100,0,2,100,0,Full
11:07:55,100,100,0,2,100,0,Full
11:07:56,100,100,0,2,100,0,Full
11:07:56,100,100,0,2,100,0,Full
11:07:57,100,100,0,2,100,0,Full
11:07:57,100,100,0,2,100,0,Full
11:07:58,100,100,0,2,100,0,Full
11:07:58,100,100,0,2,100,0,Full
11:07:59,100,100,0,2,100,0,Full
11:07:59,100,100,0,2,100,0,Full
11:08:00,100,100,0,2,100,0,Full
11:08:00,100,100,0,2,100,0,Full
11:08:01,100,100,0,2,100,0,Full
11:08:01,100,100,0,2,100,0,Full
11:08:02,100,100,0,2,100,0,Full
11:08:02,100,100,0,2,100,0,Full
11:08:03,100,100,0,2,100,0,Full
11:08:03,100,100,0,2,100,0,Full
11:08:04,100,100,0,2,100,0,Full
11:08:04,100,100,0,2,100,0,Full
11:08:05,100,100,0,2,100,0,Full
11:08:05,100,100,0,2,100,0,Full
11:08:06,100,100,0,2,100,0,Full
11:08:06,100,100,0,2,100,0,Full
11:08:07,100,100,0,2,100,0,Full
11:08:07,100,100,0,2,100,0,Full
11:08:08,100,100,0,2,100,0,Full
11:08:08,100,100,0,2,100,0,Full
11:08:09,100,100,0,2,100,0,Full
11:08:09,100,100,0,2,100,0,Full
11:08:10,100,100,0,2,100,0,Full
11:08:10,100,100,0,2,100,0,Full
11:08:11,100,100,0,2,100,0,Full
11:08:11,100,100,0,2,100,0,Full
11:08:12,100,100,0,2,100,0,Full
11:08:12,100,100,0,2,100,0,Full
11:08:13,100,100,0,2,100,0,Full
11:08:13,100,100,0,2,100,0,Full
11:08:14,100,100,0,2,100,0,Full
11:08:14,100,100,0,2,100,0,Full
11:08:15,100,100,0,2,100,0,Full
11:08:15,100,100,0,2,100,0,Full
11:08:16,100,100,0,2,100,0,Full
11:08:16,100,100,0,2,100,0,Full
11:08:17,100,100,0,2,100,0,Full
11:08:17,100,100,0,2,100,0,Full
11:08:18,100,100,0,2,100,0,Full
11:08:18,100,100,0,2,100,0,Full
11:08:19,100,100,0,2,100,0,Full
11:08:19,100,100,0,2,100,0,Full
11:08:20,100,100,0,2,100,0,Full
11:08:20,100,100,0,2,100,0,Full
11:08:21,100,100,0,2,100,0,Full
11:08:21,100,100,0,2,100,0,Full
11:08:22,100,100,0,2,100,0,Full
11:08:22,100,100,0,2,100,0,Full
11:08:23,100,100,0,2,100,0,Full
11:08:23,100,100,0,2,100,0,Full
11:08:24,100,100,0,2,100,0,Full
11:08:24,100,100,0,2,100,0,Full
11:08:25,100,100,0,2,100,0,Full
11:08:25,100,100,0,2,100,0,Full
11:08:26,100,100,0,2,100,0,Full
11:08:26,100,100,0,2,100,0,Full
11:08:27,100,100,0,2,100,0,Full
11:08:27,100,100,0,2,100,0,Full
11:08:28,100,100,0,2,100,0,Full
11:08:28,100,100,0,2,100,0,Full
11:08:29,100,100,0,2,100,0,Full
11:08:29,100,100,0,2,100,0,Full
11:08:30,100,100,0,2,100,0,Full
11:08:30,100,100,0,2,100,0,Full
11:08:31,100,100,0,2,100,0,Full
11:08:31,100,100,0,2,100,0,Full
11:08:32,100,100,0,2,100,0,Full
11:08:32,100,100,0,2,100,0,Full
11:08:33,100,100,0,2,100,0,Full
11:08:33,100,100,0,2,100,0,Full
11:08:34,100,100,0,2,100,0,Full
11:08:34,100,100,0,2,100,0,Full
11:08:35,100,100,0,2,100,0,Full
11:08:35,100,100,0,2,100,0,Full
11:08:36,100,100,0,2,100,0,Full
11:08:36,100,100,0,2,100,0,Full
11:08:37,100,100,0,2,100,0,Full
11:08:37,100,100,0,2,100,0,Full
11:08:38,100,100,0,2,100,0,Full
11:08:38,100,100,0,2,100,0,Full
11:08:39,100,100,0,2,100,0,Full
11:08:39,100,100,0,2,100,0,Full
11:08:40,100,100,0,2,100,0,Full
11:08:40,100,100,0,2,100,0,Full
11:08:41,100,100,0,2,100,0,Full
11:08:41,100,100,0,2,100,0,Full
11:08:42,100,100,0,2,100,0,Full
11:08:42,100,100,0,2,100,0,Full
11:08:43,100,100,0,2,100,0,Full
11:08:43,100,100,0,2,100,0,Full
11:08:44,100,100,0,2,100,0,Full
11:08:44,100,100,0,2,100,0,Full
11:08:45,100,100,0,2,100,0,Full
11:08:45,100,100,0,2,100,0,Full
11:08:46,100,100,0,2,100,0,Full
11:08:46,100,100,0,2,100,0,Full
11:08:47,100,100,0,2,100,0,Full
11:08:47,100,100,0,2,100,0,Full
11:08:48,100,100,0,2,100,0,Full
11:08:48,100,100,0,2,100,0,Full
11:08:49,100,100,0,2,100,0,Full
11:08:49,100,100,0,2,100,0,Full
11:08:50,100,100,0,2,100,0,Full
11:08:50,100,100,0,2,100,0,Full
11:08:51,100,100,0,2,100,0,Full
11:08:51,100,100,0,2,100,0,Full
11:08:52,100,100,0,2,100,0,Full
11:08:52,100,100,0,2,100,0,Full
11:08:53,100,100,0,2,100,0,Full
11:08:53,100,100,0,2,100,0,Full
11:08:54,100,100,0,2,100,0,Full
11:08:54,100,100,0,2,100,0,Full
11:08:55,100,100,0,2,100,0,Full
11:08:55,100,100,0,2,100,0,Full
11:08:56,100,100,0,2,100,0,Full
11:08:56,100,100,0,2,100,0,Full
11:08:57,100,100,0,2,100,0,Full
11:08:57,100,100,0,2,100,0,Full
11:08:58,100,100,0,2,100,0,Full
11:08:58,100,100,0,2,100,0,Full
11:08:59,100,100,0,2,100,0,Full
11:08:59,100,100,0,2,100,0,Full
11:09:00,100,100,0,2,100,0,Full
11:09:00,100,100,0,2,100,0,Full
11:09:01,100,100,0,2,100,0,Full
11:09:01,100,100,0,2,100,0,Full
11:09:02,100,100,0,2,100,0,Full
11:09:02,100,100,0,2,100,0,Full
11:09:03,100,100,0,2,100,0,Full
11:09:03,100,100,0,2,100,0,Full
11:09:04,100,100,0,2,100,0,Full
11:09:04,100,100,0,2,100,0,Full
11:09:05,100,100,0,2,100,0,Full
11:09:05,100,100,0,2,100,0,Full
11:09:06,100,100,0,2,100,0,Full
11:09:06,100,100,0,2,100,0,Full
11:09:07,100,100,0,2,100,0,Full
11:09:07,100,100,0,2,100,0,Full
11:09:08,100,100,0,2,100,0,Full
11:09:08,100,100,0,2,100,0,Full
11:09:09,100,100,0,2,100,0,Full
11:09:09,100,100,0,2,100,0,Full
11:09:10,100,100,0,2,100,0,Full
11:09:10,100,100,0,2,100,0,Full
11:09:11,100,100,0,2,100,0,Full
11:09:11,100,100,0,2,100,0,Full
11:09:12,100,100,0,2,100,0,Full
11:09:12,100,100,0,2,100,0,Full
11:09:13,100,100,0,2,100,0,Full
11:09:13,100,100,0,2,100,0,Full
11:09:14,100,100,0,2,100,0,Full
11:09:14,100,100,0,2,100,0,Full
11:09:15,100,100,0,2,100,0,Full
11:09:15,100,100,0,2,100,0,Full
11:09:16,100,100,0,2,100,0,Full
11:09:16,100,100,0,2,100,0,Full
11:09:17,100,100,0,2,100,0,Full
11:09:17,100,100,0,2,100,0,Full
11:09:18,100,100,0,2,100,0,Full
11:09:18,100,100,0,2,100,0,Full
11:09:19,100,100,0,2,100,0,Full
11:09:19,100,100,0,2,100,0,Full
11:09:20,100,100,0,2,100,0,Full
11:09:20,100,100,0,2,100,0,Full
11:09:21,100,100,0,2,100,0,Full
11:09:21,100,100,0,2,100,0,Full
11:09:22,100,100,0,2,100,0,Full
11:09:22,100,100,0,2,100,0,Full
11:09:23,100,100,0,2,100,0,Full
11:09:23,100,100,0,2,100,0,Full
11:09:24,100,100,0,2,100,0,Full
11:09:24,100,100,0,2,100,0,Full
11:09:25,100,100,0,2,100,0,Full
11:09:25,100,100,0,2,100,0,Full
11:09:26,100,100,0,2,100,0,Full
11:09:26,100,100,0,2,100,0,Full
11:09:27,100,100,0,2,100,0,Full
11:09:27,100,100,0,2,100,0,Full
11:09:28,100,100,0,2,100,0,Full
11:09:28,100,100,0,2,100,0,Full
11:09:29,100,100,0,2,100,0,Full
11:09:29,100,100,0,2,100,0,Full
11:09:30,100,100,0,2,100,0,Full
11:09:30,100,100,0,2,100,0,Full
11:09:31,100,100,0,2,100,0,Full
11:09:31,100,100,0,2,100,0,Full
11:09:32,100,100,0,2,100,0,Full
11:09:32,100,100,0,2,100,0,Full
11:09:33,100,100,0,2,100,0,Full
11:09:33,100,100,0,2,100,0,Full
11:09:34,100,100,0,2,100,0,Full
11:09:34,100,100,0,2,100,0,Full
11:09:35,100,100,0,2,100,0,Full
11:09:35,100,100,0,2,100,0,Full
11:09:36,100,100,0,2,100,0,Full
11:09:36,100,100,0,2,100,0,Full
11:09:37,100,100,0,2,100,0,Full
11:09:37,100,100,0,2,100,0,Full
11:09:38,100,100,0,2,100,0,Full
11:09:38,100,100,0,2,100,0,Full
11:09:39,100,100,0,2,100,0,Full
11:09:39,100,100,0,2,100,0,Full
11:09:40,100,100,0,2,100,0,Full
11:09:40,100,100,0,2,100,0,Full
11:09:41,100,100,0,2,100,0,Full
11:09:41,100,100,0,2,100,0,Full
11:09:42,100,100,0,2,100,0,Full
11:09:42,100,100,0,2,100,0,Full
11:09:43,100,100,0,2,100,0,Full
11:09:43,100,100,0,2,100,0,Full
11:09:44,100,100,0,2,100,0,Full
11:09:44,100,100,0,2,100,0,Full
11:09:45,100,100,0,2,100,0,Full
11:09:45,100,100,0,2,100,0,Full
11:09:46,100,100,0,2,100,0,Full
11:09:46,100,100,0,2,100,0,Full
11:09:47,100,100,0,2,100,0,Full
11:09:47,100,100,0,2,100,0,Full
11:09:48,100,100,0,2,100,0,Full
11:09:48,100,100,0,2,100,0,Full
11:09:49,100,100,0,2,100,0,Full
11:09:49,100,100,0,2,100,0,Full
11:09:50,100,100,0,2,100,0,Full
11:09:50,100,100,0,2,100,0,Full
11:09:51,100,100,0,2,100,0,Full
11:09:51,100,100,0,2,100,0,Full
11:09:52,100,100,0,2,100,0,Full
11:09:52,100,100,0,2,100,0,Full
11:09:53,100,100,0,2,100,0,Full
11:09:53,100,100,0,2,100,0,Full
11:09:54,100,100,0,2,100,0,Full
11:09:54,100,100,0,2,100,0,Full
11:09:55,100,100,0,2,100,0,Full
11:09:55,100,100,0,2,100,0,Full
11:09:56,100,100,0,2,100,0,Full
11:09:56,100,100,0,2,100,0,Full
11:09:57,100,100,0,2,100,0,Full
11:09:57,100,100,0,2,100,0,Full
11:09:58,100,100,0,2,100,0,Full
11:09:58,100,100,0,2,100,0,Full
11:09:59,100,100,0,2,100,0,Full
11:09:59,100,100,0,2,100,0,Full
11:10:00,100,100,0,2,100,0,Full
11:10:00,100,100,0,2,100,0,Full
11:10:01,100,100,0,2,100,0,Full
11:10:01,100,100,0,2,100,0,Full
11:10:02,100,100,0,2,100,0,Full
11:10:02,100,100,0,2,100,0,Full
11:10:03,100,100,0,2,100,0,Full
11:10:03,100,100,0,2,100,0,Full
11:10:04,100,100,0,2,100,0,Full
11:10:04,100,100,0,2,100,0,Full
11:10:05,100,100,0,2,100,0,Full
11:10:05,100,100,0,2,100,0,Full
11:10:06,100,100,0,2,100,0,Full
11:10:06,100,100,0,2,100,0,Full
11:10:07,100,100,0,2,100,0,Full
11:10:07,100,100,0,2,100,0,Full
11:10:08,100,100,0,2,100,0,Full
11:10:08,100,100,0,2,100,0,Full
11:10:09,100,100,0,2,100,0,Full
11:10:09,100,100,0,2,100,0,Full
11:10:10,100,100,0,2,100,0,Full
11:10:10,100,100,0,2,100,0,Full
11:10:11,100,100,0,2,100,0,Full
11:10:11,100,100,0,2,100,0,Full
11:10:12,100,100,0,2,100,0,Full
11:10:12,100,100,0,2,100,0,Full
11:10:13,100,100,0,2,100,0,Full
11:10:13,100,100,0,2,100,0,Full
11:10:14,100,100,0,2,100,0,Full
11:10:14,100,100,0,2,100,0,Full
11:10:15,100,100,0,2,100,0,Full
11:10:15,100,100,0,2,100,0,Full
11:10:16,100,100,0,2,100,0,Full
11:10:16,100,100,0,2,100,0,Full
11:10:17,100,100,0,2,100,0,Full
11:10:17,100,100,0,2,100,0,Full
11:10:18,100,100,0,2,100,0,Full
11:10:18,100,100,0,2,100,0,Full
11:10:19,100,100,0,2,100,0,Full
11:10:19,100,100,0,2,100,0,Full
11:10:20,100,100,0,2,100,0,Full
11:10:20,100,100,0,2,100,0,Full
11:10:21,100,100,0,2,100,0,Full
11:10:21,100,100,0,2,100,0,Full
11:10:22,100,100,0,2,100,0,Full
11:10:22,100,100,0,2,100,0,Full
11:10:23,100,100,0,2,100,0,Full
11:10:23,100,100,0,2,100,0,Full
11:10:24,100,100,0,2,100,0,Full
11:10:24,100,100,0,2,100,0,Full
11:10:25,100,100,0,2,100,0,Full
11:10:25,100,100,0,2,100,0,Full
11:10:26,100,100,0,2,100,0,Full
11:10:26,100,100,0,2,100,0,Full
11:10:27,100,100,0,2,100,0,Full
11:10:27,100,100,0,2,100,0,Full
11:10:28,100,100,0,2,100,0,Full
11:10:28,100,100,0,2,100,0,Full
11:10:29,100,100,0,2,100,0,Full
11:10:29,100,100,0,2,100,0,Full
11:10:30,100,100,0,2,100,0,Full
11:10:30,100,100,0,2,100,0,Full
11:10:31,100,100,0,2,100,0,Full
11:10:31,100,100,0,2,100,0,Full
11:10:32,100,100,0,2,100,0,Full
11:10:32,100,100,0,2,100,0,Full
11:10:33,100,100,0,2,100,0,Full
11:10:33,100,100,0,2,100,0,Full
11:10:34,100,100,0,2,100,0,Full
11:10:34,100,100,0,2,100,0,Full
11:10:35,100,100,0,2,100,0,Full
11:10:35,100,100,0,2,100,0,Full
11:10:36,100,100,0,2,100,0,Full
11:10:36,100,100,0,2,100,0,Full
11:10:37,100,100,0,2,100,0,Full
11:10:37,100,100,0,2,100,0,Full
11:10:38,100,100,0,2,100,0,Full
11:10:38,100,100,0,2,100,0,Full
11:10:39,100,100,0,2,100,0,Full
11:10:39,100,100,0,2,100,0,Full
11:10:40,100,100,0,2,100,0,Full
11:10:40,100,100,0,2,100,0,Full
11:10:41,100,100,0,2,100,0,Full
11:10:41,100,100,0,2,100,0,Full
11:10:42,100,100,0,2,100,0,Full
11:10:42,100,100,0,2,100,0,Full
11:10:43,100,100,0,2,100,0,Full
11:10:43,100,100,0,2,100,0,Full
11:10:44,100,100,0,2,100,0,Full
11:10:44,100,100,0,2,100,0,Full
11:10:45,100,100,0,2,100,0,Full
11:10:45,100,100,0,2,100,0,Full
11:10:46,100,100,0,2,100,0,Full
11:10:46,100,100,0,2,100,0,Full
11:10:47,100,100,0,2,100,0,Full
11:10:47,100,100,0,2,100,0,Full
11:10:48,100,100,0,2,100,0,Full
11:10:48,100,100,0,2,100,0,Full
11:10:49,100,100,0,2,100,0,Full
11:10:49,100,100,0,2,100,0,Full
11:10:50,100,100,0,2,100,0,Full
11:10:50,100,100,0,2,100,0,Full
11:10:51,100,100,0,2,100,0,Full
11:10:51,100,100,0,2,100,0,Full
11:10:52,100,100,0,2,100,0,Full
11:10:52,100,100,0,2,100,0,Full
11:10:53,100,100,0,2,100,0,Full
11:10:53,100,100,0,2,100,0,Full
11:10:54,100,100,0,2,100,0,Full
11:10:54,100,100,0,2,100,0,Full
11:10:55,100,100,0,2,100,0,Full
11:10:55,100,100,0,2,100,0,Full
11:10:56,100,100,0,2,100,0,Full
11:10:56,100,100,0,2,100,0,Full
11:10:57,100,100,0,2,100,0,Full
11:10:57,100,100,0,2,100,0,Full
11:10:58,100,100,0,2,100,0,Full
11:10:58,100,100,0,2,100,0,Full
11:10:59,100,100,0,2,100,0,Full
11:10:59,100,100,0,2,100,0,Full
11:11:00,100,100,0,2,100,0,Full
11:11:00,100,100,0,2,100,0,Full
11:11:01,100,100,0,2,100,0,Full
11:11:01,100,100,0,2,100,0,Full
11:11:02,100,100,0,2,100,0,Full
11:11:02,100,100,0,2,100,0,Full
11:11:03,100,100,0,2,100,0,Full
11:11:03,100,100,0,2,100,0,Full
11:11:04,100,100,0,2,100,0,Full
11:11:04,100,100,0,2,100,0,Full
11:11:05,100,100,0,2,100,0,Full
11:11:05,100,100,0,2,100,0,Full
11:11:06,100,100,0,2,100,0,Full
11:11:06,100,100,0,2,100,0,Full
11:11:07,100,100,0,2,100,0,Full
11:11:07,100,100,0,2,100,0,Full
11:11:08,100,100,0,2,100,0,Full
11:11:08,100,100,0,2,100,0,Full
11:11:09,100,100,0,2,100,0,Full
11:11:09,100,100,0,2,100,0,Full
11:11:10,100,100,0,2,100,0,Full
11:11:10,100,100,0,2,100,0,Full
11:11:11,100,100,0,2,100,0,Full
11:11:11,100,100,0,2,100,0,Full
11:11:12,100,100,0,2,100,0,Full
11:11:12,100,100,0,2,100,0,Full
11:11:13,100,100,0,2,100,0,Full
11:11:13,100,100,0,2,100,0,Full
11:11:14,100,100,0,2,100,0,Full
11:11:14,100,100,0,2,100,0,Full
11:11:15,100,100,0,2,100,0,Full
11:11:15,100,100,0,2,100,0,Full
11:11:16,100,100,0,2,100,0,Full
11:11:16,100,100,0,2,100,0,Full
11:11:17,100,100,0,2,100,0,Full
11:11:17,100,100,0,2,100,0,Full
11:11:18,100,100,0,2,100,0,Full
11:11:18,100,100,0,2,100,0,Full
11:11:19,100,100,0,2,100,0,Full
11:11:19,100,100,0,2,100,0,Full
11:11:20,100,100,0,2,100,0,Full
11:11:20,100,100,0,2,100,0,Full
11:11:21,100,100,0,2,100,0,Full
11:11:21,100,100,0,2,100,0,Full
11:11:22,100,100,0,2,100,0,Full
11:11:22,100,100,0,2,100,0,Full
11:11:23,100,100,0,2,100,0,Full
11:11:23,100,100,0,2,100,0,Full
11:11:24,100,100,0,2,100,0,Full
11:11:24,100,100,0,2,100,0,Full
11:11:25,100,100,0,2,100,0,Full
11:11:25,100,100,0,2,100,0,Full
11:11:26,100,100,0,2,100,0,Full
11:11:26,100,100,0,2,100,0,Full
11:11:27,100,100,0,2,100,0,Full
11:11:27,100,100,0,2,100,0,Full
11:11:28,100,100,0,2,100,0,Full
11:11:28,100,100,0,2,100,0,Full
11:11:29,100,100,0,2,100,0,Full
11:11:29,100,100,0,2,100,0,Full
11:11:30,100,100,0,2,100,0,Full
11:11:30,100,100,0,2,100,0,Full
11:11:31,100,100,0,2,100,0,Full
11:11:31,100,100,0,2,100,0,Full
11:11:32,100,100,0,2,100,0,Full
11:11:32,100,100,0,2,100,0,Full
11:11:33,100,100,0,2,100,0,Full
11:11:33,100,100,0,2,100,0,Full
11:11:34,100,100,0,2,100,0,Full
11:11:34,100,100,0,2,100,0,Full
11:11:35,100,100,0,2,100,0,Full
11:11:35,100,100,0,2,100,0,Full
11:11:36,100,100,0,2,100,0,Full
11:11:36,100,100,0,2,100,0,Full
11:11:37,100,100,0,2,100,0,Full
11:11:37,100,100,0,2,100,0,Full
11:11:38,100,100,0,2,100,0,Full
11:11:38,100,100,0,2,100,0,Full
11:11:39,100,100,0,2,100,0,Full
11:11:39,100,100,0,2,100,0,Full
11:11:40,100,100,0,2,100,0,Full
11:11:40,100,100,0,2,100,0,Full
11:11:41,100,100,0,2,100,0,Full
11:11:41,100,100,0,2,100,0,Full
11:11:42,100,100,0,2,100,0,Full
11:11:42,100,100,0,2,100,0,Full
11:11:43,100,100,0,2,100,0,Full
11:11:43,100,100,0,2,100,0,Full
11:11:44,100,100,0,2,100,0,Full
11:11:44,100,100,0,2,100,0,Full
11:11:45,100,100,0,2,100,0,Full
11:11:45,100,100,0,2,100,0,Full
11:11:46,100,100,0,2,100,0,Full
11:11:46,100,100,0,2,100,0,Full
11:11:47,100,100,0,2,100,0,Full
11:11:47,100,100,0,2,100,0,Full
11:11:48,100,100,0,2,100,0,Full
11:11:48,100,100,0,2,100,0,Full
11:11:49,100,100,0,2,100,0,Full
11:11:49,100,100,0,2,100,0,Full
11:11:50,100,100,0,2,100,0,Full
11:11:50,100,100,0,2,100,0,Full
11:11:51,100,100,0,2,100,0,Full
11:11:51,100,100,0,2,100,0,Full
11:11:52,100,100,0,2,100,0,Full
11:11:52,100,100,0,2,100,0,Full
11:11:53,100,100,0,2,100,0,Full
11:11:53,100,100,0,2,100,0,Full
11:11:54,100,100,0,2,100,0,Full
11:11:54,100,100,0,2,100,0,Full
11:11:55,100,100,0,2,100,0,Full
11:11:55,100,100,0,2,100,0,Full
11:11:56,100,100,0,2,100,0,Full
11:11:56,100,100,0,2,100,0,Full
11:11:57,100,100,0,2,100,0,Full
11:11:57,100,100,0,2,100,0,Full
11:11:58,100,100,0,2,100,0,Full
11:11:58,100,100,0,2,100,0,Full
11:11:59,100,100,0,2,100,0,Full
11:11:59,100,100,0,2,100,0,Full
11:12:00,100,100,0,2,100,0,Full
11:12:00,100,100,0,2,100,0,Full
11:12:01,100,100,0,2,100,0,Full
11:12:01,100,100,0,2,100,0,Full
11:12:02,100,100,0,2,100,0,Full
11:12:02,100,100,0,2,100,0,Full
11:12:03,100,100,0,2,100,0,Full
11:12:03,100,100,0,2,100,0,Full
11:12:04,100,100,0,2,100,0,Full
11:12:04,100,100,0,2,100,0,Full
11:12:05,100,100,0,2,100,0,Full
11:12:05,100,100,0,2,100,0,Full
11:12:06,100,100,0,2,100,0,Full
11:12:06,100,100,0,2,100,0,Full
11:12:07,100,100,0,2,100,0,Full
11:12:07,100,100,0,2,100,0,Full
11:12:08,100,100,0,2,100,0,Full
11:12:08,100,100,0,2,100,0,Full
11:12:09,100,100,0,2,100,0,Full
11:12:09,100,100,0,2,100,0,Full
11:12:10,100,100,0,2,100,0,Full
11:12:10,100,100,0,2,100,0,Full
11:12:11,100,100,0,2,100,0,Full
11:12:11,100,100,0,2,100,0,Full
11:12:12,100,100,0,2,100,0,Full
11:12:12,100,100,0,2,100,0,Full
11:12:13,100,100,0,2,100,0,Full
11:12:13,100,100,0,2,100,0,Full
11:12:14,100,100,0,2,100,0,Full
11:12:14,100,100,0,2,100,0,Full
11:12:15,100,100,0,2,100,0,Full
11:12:15,100,100,0,2,100,0,Full
11:12:16,100,100,0,2,100,0,Full
11:12:16,100,100,0,2,100,0,Full
11:12:17,100,100,0,2,100,0,Full
11:12:17,100,100,0,2,100,0,Full
11:12:18,100,100,0,2,100,0,Full
11:12:18,100,100,0,2,100,0,Full
11:12:19,100,100,0,2,100,0,Full
11:12:19,100,100,0,2,100,0,Full
11:12:20,100,100,0,2,100,0,Full
11:12:20,100,100,0,2,100,0,Full
11:12:21,100,100,0,2,100,0,Full
11:12:21,100,100,0,2,100,0,Full
11:12:22,100,100,0,2,100,0,Full
11:12:22,100,100,0,2,100,0,Full
11:12:23,100,100,0,2,100,0,Full
11:12:23,100,100,0,2,100,0,Full
11:12:24,100,100,0,2,100,0,Full
11:12:24,100,100,0,2,100,0,Full
11:12:25,100,100,0,2,100,0,Full
11:12:25,100,100,0,2,100,0,Full
11:12:26,100,100,0,2,100,0,Full
11:12:26,100,100,0,2,100,0,Full
11:12:27,100,100,0,2,100,0,Full
11:12:27,100,100,0,2,100,0,Full
11:12:28,100,100,0,2,100,0,Full
11:12:28,100,100,0,2,100,0,Full
11:12:29,100,100,0,2,100,0,Full
11:12:29,100,100,0,2,100,0,Full
11:12:30,100,100,0,2,100,0,Full
11:12:30,100,100,0,2,100,0,Full
11:12:31,100,100,0,2,100,0,Full
11:12:31,100,100,0,2,100,0,Full
11:12:32,100,100,0,2,100,0,Full
11:12:32,100,100,0,2,100,0,Full
11:12:33,100,100,0,2,100,0,Full
11:12:33,100,100,0,2,100,0,Full
11:12:34,100,100,0,2,100,0,Full
11:12:34,100,100,0,2,100,0,Full
11:12:35,100,100,0,2,100,0,Full
11:12:35,100,100,0,2,100,0,Full
11:12:36,100,100,0,2,100,0,Full
11:12:36,100,100,0,2,100,0,Full
11:12:37,100,100,0,2,100,0,Full
11:12:37,100,100,0,2,100,0,Full
11:12:38,100,100,0,2,100,0,Full
11:12:38,100,100,0,2,100,0,Full
11:12:39,100,100,0,2,100,0,Full
11:12:39,100,100,0,2,100,0,Full
11:12:40,100,100,0,2,100,0,Full
11:12:40,100,100,0,2,100,0,Full
11:12:41,100,100,0,2,100,0,Full
11:12:41,100,100,0,2,100,0,Full
11:12:42,100,100,0,2,100,0,Full
11:12:42,100,100,0,2,100,0,Full
11:12:43,100,100,0,2,100,0,Full
11:12:43,100,100,0,2,100,0,Full
11:12:44,100,100,0,2,100,0,Full
11:12:44,100,100,0,2,100,0,Full
11:12:45,100,100,0,2,100,0,Full
11:12:45,100,100,0,2,100,0,Full
11:12:46,100,100,0,2,100,0,Full
11:12:46,100,100,0,2,100,0,Full
11:12:47,100,100,0,2,100,0,Full
11:12:47,100,100,0,2,100,0,Full
11:12:48,100,100,0,2,100,0,Full
11:12:48,100,100,0,2,100,0,Full
11:12:49,100,100,0,2,100,0,Full
11:12:49,100,100,0,2,100,0,Full
11:12:50,100,100,0,2,100,0,Full
11:12:50,100,100,0,2,100,0,Full
11:12:51,100,100,0,2,100,0,Full
11:12:51,100,100,0,2,100,0,Full
11:12:52,100,100,0,2,100,0,Full
11:12:52,100,100,0,2,100,0,Full
11:12:53,100,100,0,2,100,0,Full
11:12:53,100,100,0,2,100,0,Full
11:12:54,100,100,0,2,100,0,Full
11:12:54,100,100,0,2,100,0,Full
11:12:55,100,100,0,2,100,0,Full
11:12:55,100,100,0,2,100,0,Full
11:12:56,100,100,0,2,100,0,Full
11:12:56,100,100,0,2,100,0,Full
11:12:57,100,100,0,2,100,0,Full
11:12:57,100,100,0,2,100,0,Full
11:12:58,100,100,0,2,100,0,Full
11:12:58,100,100,0,2,100,0,Full
11:12:59,100,100,0,2,100,0,Full
11:12:59,100,100,0,2,100,0,Full
11:13:00,100,100,0,2,100,0,Full
11:13:00,100,100,0,2,100,0,Full
11:13:01,100,100,0,2,100,0,Full
11:13:02,100,100,0,2,100,0,Full
11:13:02,100,100,0,2,100,0,Full
11:13:03,100,100,0,2,100,0,Full
11:13:03,100,100,0,2,100,0,Full
11:13:04,100,100,0,2,100,0,Full
11:13:04,100,100,0,2,100,0,Full
11:13:05,100,100,0,2,100,0,Full
11:13:05,100,100,0,2,100,0,Full
11:13:06,100,100,0,2,100,0,Full
11:13:06,100,100,0,2,100,0,Full
11:13:07,100,100,0,2,100,0,Full
11:13:07,100,100,0,2,100,0,Full
11:13:08,100,100,0,2,100,0,Full
11:13:08,100,100,0,2,100,0,Full
11:13:09,100,100,0,2,100,0,Full
11:13:09,100,100,0,2,100,0,Full
11:13:10,100,100,0,2,100,0,Full
11:13:10,100,100,0,2,100,0,Full
11:13:11,100,100,0,2,100,0,Full
11:13:11,100,100,0,2,100,0,Full
11:13:12,100,100,0,2,100,0,Full
11:13:12,100,100,0,2,100,0,Full
11:13:13,100,100,0,2,100,0,Full
11:13:13,100,100,0,2,100,0,Full
11:13:14,100,100,0,2,100,0,Full
11:13:14,100,100,0,2,100,0,Full
11:13:15,100,100,0,2,100,0,Full
11:13:15,100,100,0,2,100,0,Full
11:13:16,100,100,0,2,100,0,Full
11:13:16,100,100,0,2,100,0,Full
11:13:17,100,100,0,2,100,0,Full
11:13:17,100,100,0,2,100,0,Full
11:13:18,100,100,0,2,100,0,Full
11:13:18,100,100,0,2,100,0,Full
11:13:19,100,100,0,2,100,0,Full
11:13:19,100,100,0,2,100,0,Full
11:13:20,100,100,0,2,100,0,Full
11:13:20,100,100,0,2,100,0,Full
11:13:21,100,100,0,2,100,0,Full
11:13:21,100,100,0,2,100,0,Full
11:13:22,100,100,0,2,100,0,Full
11:13:22,100,100,0,2,100,0,Full
11:13:23,100,100,0,2,100,0,Full
11:13:23,100,100,0,2,100,0,Full
11:13:24,100,100,0,2,100,0,Full
11:13:24,100,100,0,2,100,0,Full
11:13:25,100,100,0,2,100,0,Full
11:13:25,100,100,0,2,100,0,Full
11:13:26,100,100,0,2,100,0,Full
11:13:26,100,100,0,2,100,0,Full
11:13:27,100,100,0,2,100,0,Full
11:13:27,100,100,0,2,100,0,Full
11:13:28,100,100,0,2,100,0,Full
11:13:28,100,100,0,2,100,0,Full
11:13:29,100,100,0,2,100,0,Full
11:13:29,100,100,0,2,100,0,Full
11:13:30,100,100,0,2,100,0,Full
11:13:30,100,100,0,2,100,0,Full
11:13:31,100,100,0,2,100,0,Full
11:13:31,100,100,0,2,100,0,Full
11:13:32,100,100,0,2,100,0,Full
11:13:32,100,100,0,2,100,0,Full
11:13:33,100,100,0,2,100,0,Full
11:13:33,100,100,0,2,100,0,Full
11:13:34,100,100,0,2,100,0,Full
11:13:34,100,100,0,2,100,0,Full
11:13:35,100,100,0,2,100,0,Full
11:13:35,100,100,0,2,100,0,Full
11:13:36,100,100,0,2,100,0,Full
11:13:36,100,100,0,2,100,0,Full
11:13:37,100,100,0,2,100,0,Full
11:13:37,100,100,0,2,100,0,Full
11:13:38,100,100,0,2,100,0,Full
11:13:38,100,100,0,2,100,0,Full
11:13:39,100,100,0,2,100,0,Full
11:13:39,100,100,0,2,100,0,Full
11:13:40,100,100,0,2,100,0,Full
11:13:40,100,100,0,2,100,0,Full
11:13:41,100,100,0,2,100,0,Full
11:13:41,100,100,0,2,100,0,Full
11:13:42,100,100,0,2,100,0,Full
11:13:42,100,100,0,2,100,0,Full
11:13:43,100,100,0,2,100,0,Full
11:13:43,100,100,0,2,100,0,Full
11:13:44,100,100,0,2,100,0,Full
11:13:44,100,100,0,2,100,0,Full
11:13:45,100,100,0,2,100,0,Full
11:13:45,100,100,0,2,100,0,Full
11:13:46,100,100,0,2,100,0,Full
11:13:46,100,100,0,2,100,0,Full
11:13:47,100,100,0,2,100,0,Full
11:13:47,100,100,0,2,100,0,Full
11:13:48,100,100,0,2,100,0,Full
11:13:48,100,100,0,2,100,0,Full
11:13:49,100,100,0,2,100,0,Full
11:13:49,100,100,0,2,100,0,Full
11:13:50,100,100,0,2,100,0,Full
11:13:50,100,100,0,2,100,0,Full
11:13:51,100,100,0,2,100,0,Full
11:13:51,100,100,0,2,100,0,Full
11:13:52,100,100,0,2,100,0,Full
11:13:52,100,100,0,2,100,0,Full
11:13:53,100,100,0,2,100,0,Full
11:13:53,100,100,0,2,100,0,Full
11:13:54,100,100,0,2,100,0,Full
11:13:54,100,100,0,2,100,0,Full
11:13:55,100,100,0,2,100,0,Full
11:13:55,100,100,0,2,100,0,Full
11:13:56,100,100,0,2,100,0,Full
11:13:56,100,100,0,2,100,0,Full
11:13:57,100,100,0,2,100,0,Full
11:13:57,100,100,0,2,100,0,Full
11:13:58,100,100,0,2,100,0,Full
11:13:58,100,100,0,2,100,0,Full
11:13:59,100,100,0,2,100,0,Full
11:13:59,100,100,0,2,100,0,Full
11:14:00,100,100,0,2,100,0,Full
11:14:00,100,100,0,2,100,0,Full
11:14:01,100,100,0,2,100,0,Full
11:14:01,100,100,0,2,100,0,Full
11:14:02,100,100,0,2,100,0,Full
11:14:02,100,100,0,2,100,0,Full
11:14:03,100,100,0,2,100,0,Full
11:14:03,100,100,0,2,100,0,Full
11:14:04,100,100,0,2,100,0,Full
11:14:04,100,100,0,2,100,0,Full
11:14:05,100,100,0,2,100,0,Full
11:14:05,100,100,0,2,100,0,Full
11:14:06,100,100,0,2,100,0,Full
11:14:06,100,100,0,2,100,0,Full
11:14:07,100,100,0,2,100,0,Full
11:14:07,100,100,0,2,100,0,Full
11:14:08,100,100,0,2,100,0,Full
11:14:08,100,100,0,2,100,0,Full
11:14:09,100,100,0,2,100,0,Full
11:14:09,100,100,0,2,100,0,Full
11:14:10,100,100,0,2,100,0,Full
11:14:10,100,100,0,2,100,0,Full
11:14:11,100,100,0,2,100,0,Full
11:14:11,100,100,0,2,100,0,Full
11:14:12,100,100,0,2,100,0,Full
11:14:12,100,100,0,2,100,0,Full
11:14:13,100,100,0,2,100,0,Full
11:14:13,100,100,0,2,100,0,Full
11:14:14,100,100,0,2,100,0,Full
11:14:14,100,100,0,2,100,0,Full
11:14:15,100,100,0,2,100,0,Full
11:14:15,100,100,0,2,100,0,Full
11:14:16,100,100,0,2,100,0,Full
11:14:16,100,100,0,2,100,0,Full
11:14:17,100,100,0,2,100,0,Full
11:14:17,100,100,0,2,100,0,Full
11:14:18,100,100,0,2,100,0,Full
11:14:18,100,100,0,2,100,0,Full
11:14:19,100,100,0,2,100,0,Full
11:14:19,100,100,0,2,100,0,Full
11:14:20,100,100,0,2,100,0,Full
11:14:20,100,100,0,2,100,0,Full
11:14:21,100,100,0,2,100,0,Full
11:14:21,100,100,0,2,100,0,Full
11:14:22,100,100,0,2,100,0,Full
11:14:22,100,100,0,2,100,0,Full
11:14:23,100,100,0,2,100,0,Full
11:14:23,100,100,0,2,100,0,Full
11:14:24,100,100,0,2,100,0,Full
11:14:24,100,100,0,2,100,0,Full
11:14:25,100,100,0,2,100,0,Full
11:14:25,100,100,0,2,100,0,Full
11:14:26,100,100,0,2,100,0,Full
11:14:26,100,100,0,2,100,0,Full
11:14:27,100,100,0,2,100,0,Full
11:14:27,100,100,0,2,100,0,Full
11:14:28,100,100,0,2,100,0,Full
11:14:28,100,100,0,2,100,0,Full
11:14:29,100,100,0,2,100,0,Full
11:14:29,100,100,0,2,100,0,Full
11:14:30,100,100,0,2,100,0,Full
11:14:30,100,100,0,2,100,0,Full
11:14:31,100,100,0,2,100,0,Full
11:14:31,100,100,0,2,100,0,Full
11:14:32,100,100,0,2,100,0,Full
11:14:32,100,100,0,2,100,0,Full
11:14:33,100,100,0,2,100,0,Full
11:14:33,100,100,0,2,100,0,Full
11:14:34,100,100,0,2,100,0,Full
11:14:34,100,100,0,2,100,0,Full
11:14:35,100,100,0,2,100,0,Full
11:14:35,100,100,0,2,100,0,Full
11:14:36,100,100,0,2,100,0,Full
11:14:36,100,100,0,2,100,0,Full
11:14:37,100,100,0,2,100,0,Full
11:14:37,100,100,0,2,100,0,Full
11:14:38,100,100,0,2,100,0,Full
11:14:38,100,100,0,2,100,0,Full
11:14:39,100,100,0,2,100,0,Full
11:14:39,100,100,0,2,100,0,Full
11:14:40,100,100,0,2,100,0,Full
11:14:40,100,100,0,2,100,0,Full
11:14:41,100,100,0,2,100,0,Full
11:14:41,100,100,0,2,100,0,Full
11:14:42,100,100,0,2,100,0,Full
11:14:42,100,100,0,2,100,0,Full
11:14:43,100,100,0,2,100,0,Full
11:14:43,100,100,0,2,100,0,Full
11:14:44,100,100,0,2,100,0,Full
11:14:44,100,100,0,2,100,0,Full
11:14:45,100,100,0,2,100,0,Full
11:14:45,100,100,0,2,100,0,Full
11:14:46,100,100,0,2,100,0,Full
11:14:46,100,100,0,2,100,0,Full
11:14:47,100,100,0,2,100,0,Full
11:14:47,100,100,0,2,100,0,Full
11:14:48,100,100,0,2,100,0,Full
11:14:48,100,100,0,2,100,0,Full
11:14:49,100,100,0,2,100,0,Full
11:14:49,100,100,0,2,100,0,Full
11:14:50,100,100,0,2,100,0,Full
11:14:50,100,100,0,2,100,0,Full
11:14:51,100,100,0,2,100,0,Full
11:14:51,100,100,0,2,100,0,Full
11:14:52,100,100,0,2,100,0,Full
11:14:52,100,100,0,2,100,0,Full
11:14:53,100,100,0,2,100,0,Full
11:14:53,100,100,0,2,100,0,Full
11:14:54,100,100,0,2,100,0,Full
11:14:54,100,100,0,2,100,0,Full
11:14:55,100,100,0,2,100,0,Full
11:14:55,100,100,0,2,100,0,Full
11:14:56,100,100,0,2,100,0,Full
11:14:56,100,100,0,2,100,0,Full
11:14:57,100,100,0,2,100,0,Full
11:14:57,100,100,0,2,100,0,Full
11:14:58,100,100,0,2,100,0,Full
11:14:58,100,100,0,2,100,0,Full
11:14:59,100,100,0,2,100,0,Full
11:14:59,100,100,0,2,100,0,Full
11:15:00,100,100,0,2,100,0,Full
11:15:00,100,100,0,2,100,0,Full
11:15:01,100,100,0,2,100,0,Full
11:15:01,100,100,0,2,100,0,Full
11:15:02,100,100,0,2,100,0,Full
11:15:02,100,100,0,2,100,0,Full
11:15:03,100,100,0,2,100,0,Full
11:15:03,100,100,0,2,100,0,Full
11:15:04,100,100,0,2,100,0,Full
11:15:04,100,100,0,2,100,0,Full
11:15:05,100,100,0,2,100,0,Full
11:15:05,100,100,0,2,100,0,Full
11:15:06,100,100,0,2,100,0,Full
11:15:06,100,100,0,2,100,0,Full
11:15:07,100,100,0,2,100,0,Full
11:15:07,100,100,0,2,100,0,Full
11:15:08,100,100,0,2,100,0,Full
11:15:08,100,100,0,2,100,0,Full
11:15:09,100,100,0,2,100,0,Full
11:15:09,100,100,0,2,100,0,Full
11:15:10,100,100,0,2,100,0,Full
11:15:10,100,100,0,2,100,0,Full
11:15:11,100,100,0,2,100,0,Full
11:15:11,100,100,0,2,100,0,Full
11:15:12,100,100,0,2,100,0,Full
11:15:12,100,100,0,2,100,0,Full
11:15:13,100,100,0,2,100,0,Full
11:15:13,100,100,0,2,100,0,Full
11:15:14,100,100,0,2,100,0,Full
11:15:14,100,100,0,2,100,0,Full
11:15:15,100,100,0,2,100,0,Full
11:15:15,100,100,0,2,100,0,Full
11:15:16,100,100,0,2,100,0,Full
11:15:16,100,100,0,2,100,0,Full
11:15:17,100,100,0,2,100,0,Full
11:15:17,100,100,0,2,100,0,Full
11:15:18,100,100,0,2,100,0,Full
11:15:18,100,100,0,2,100,0,Full
11:15:19,100,100,0,2,100,0,Full
11:15:19,100,100,0,2,100,0,Full
11:15:20,100,100,0,2,100,0,Full
11:15:20,100,100,0,2,100,0,Full
11:15:21,100,100,0,2,100,0,Full
11:15:21,100,100,0,2,100,0,Full
11:15:22,100,100,0,2,100,0,Full
11:15:22,100,100,0,2,100,0,Full
11:15:23,100,100,0,2,100,0,Full
11:15:23,100,100,0,2,100,0,Full
11:15:24,100,100,0,2,100,0,Full
11:15:24,100,100,0,2,100,0,Full
11:15:25,100,100,0,2,100,0,Full
11:15:25,100,100,0,2,100,0,Full
11:15:26,100,100,0,2,100,0,Full
11:15:26,100,100,0,2,100,0,Full
11:15:27,100,100,0,2,100,0,Full
11:15:27,100,100,0,2,100,0,Full
11:15:28,100,100,0,2,100,0,Full
11:15:28,100,100,0,2,100,0,Full
11:15:29,100,100,0,2,100,0,Full
11:15:29,100,100,0,2,100,0,Full
11:15:30,100,100,0,2,100,0,Full
11:15:30,100,100,0,2,100,0,Full
11:15:31,100,100,0,2,100,0,Full
11:15:31,100,100,0,2,100,0,Full
11:15:32,100,100,0,2,100,0,Full
11:15:32,100,100,0,2,100,0,Full
11:15:33,100,100,0,2,100,0,Full
11:15:33,100,100,0,2,100,0,Full
11:15:34,100,100,0,2,100,0,Full
11:15:34,100,100,0,2,100,0,Full
11:15:35,100,100,0,2,100,0,Full
11:15:35,100,100,0,2,100,0,Full
11:15:36,100,100,0,2,100,0,Full
11:15:36,100,100,0,2,100,0,Full
11:15:37,100,100,0,2,100,0,Full
11:15:37,100,100,0,2,100,0,Full
11:15:38,100,100,0,2,100,0,Full
11:15:38,100,100,0,2,100,0,Full
11:15:39,100,100,0,2,100,0,Full
11:15:39,100,100,0,2,100,0,Full
11:15:40,100,100,0,2,100,0,Full
11:15:40,100,100,0,2,100,0,Full
11:15:41,100,100,0,2,100,0,Full
11:15:41,100,100,0,2,100,0,Full
11:15:42,100,100,0,2,100,0,Full
11:15:42,100,100,0,2,100,0,Full
11:15:43,100,100,0,2,100,0,Full
11:15:43,100,100,0,2,100,0,Full
11:15:44,100,100,0,2,100,0,Full
11:15:44,100,100,0,2,100,0,Full
11:15:45,100,100,0,2,100,0,Full
11:15:45,100,100,0,2,100,0,Full
11:15:46,100,100,0,2,100,0,Full
11:15:46,100,100,0,2,100,0,Full
11:15:47,100,100,0,2,100,0,Full
11:15:47,100,100,0,2,100,0,Full
11:15:48,100,100,0,2,100,0,Full
11:15:48,100,100,0,2,100,0,Full
11:15:49,100,100,0,2,100,0,Full
11:15:49,100,100,0,2,100,0,Full
11:15:50,100,100,0,2,100,0,Full
11:15:50,100,100,0,2,100,0,Full
11:15:51,100,100,0,2,100,0,Full
11:15:51,100,100,0,2,100,0,Full
11:15:52,100,100,0,2,100,0,Full
11:15:52,100,100,0,2,100,0,Full
11:15:53,100,100,0,2,100,0,Full
11:15:53,100,100,0,2,100,0,Full
11:15:54,100,100,0,2,100,0,Full
11:15:54,100,100,0,2,100,0,Full
11:15:55,100,100,0,2,100,0,Full
11:15:55,100,100,0,2,100,0,Full
11:15:56,100,100,0,2,100,0,Full
11:15:56,100,100,0,2,100,0,Full
11:15:57,100,100,0,2,100,0,Full
11:15:57,100,100,0,2,100,0,Full
11:15:58,100,100,0,2,100,0,Full
11:15:58,100,100,0,2,100,0,Full
11:15:59,100,100,0,2,100,0,Full
11:15:59,100,100,0,2,100,0,Full
11:16:00,100,100,0,2,100,0,Full
11:16:00,100,100,0,2,100,0,Full
11:16:01,100,100,0,2,100,0,Full
11:16:01,100,100,0,2,100,0,Full
11:16:02,100,100,0,2,100,0,Full
11:16:02,100,100,0,2,100,0,Full
11:16:03,100,100,0,2,100,0,Full
11:16:03,100,100,0,2,100,0,Full
11:16:04,100,100,0,2,100,0,Full
11:16:04,100,100,0,2,100,0,Full
11:16:05,100,100,0,2,100,0,Full
11:16:05,100,100,0,2,100,0,Full
11:16:06,100,100,0,2,100,0,Full
11:16:06,100,100,0,2,100,0,Full
11:16:07,100,100,0,2,100,0,Full
11:16:07,100,100,0,2,100,0,Full
11:16:08,100,100,0,2,100,0,Full
11:16:08,100,100,0,2,100,0,Full
11:16:09,100,100,0,2,100,0,Full
11:16:09,100,100,0,2,100,0,Full
11:16:10,100,100,0,2,100,0,Full
11:16:10,100,100,0,2,100,0,Full
11:16:11,100,100,0,2,100,0,Full
11:16:11,100,100,0,2,100,0,Full
11:16:12,100,100,0,2,100,0,Full
11:16:12,100,100,0,2,100,0,Full
11:16:13,100,100,0,2,100,0,Full
11:16:13,100,100,0,2,100,0,Full
11:16:14,100,100,0,2,100,0,Full
11:16:14,100,100,0,2,100,0,Full
11:16:15,100,100,0,2,100,0,Full
11:16:15,100,100,0,2,100,0,Full
11:16:16,100,100,0,2,100,0,Full
11:16:16,100,100,0,2,100,0,Full
11:16:17,100,100,0,2,100,0,Full
11:16:17,100,100,0,2,100,0,Full
11:16:18,100,100,0,2,100,0,Full
11:16:18,100,100,0,2,100,0,Full
11:16:19,100,100,0,2,100,0,Full
11:16:19,100,100,0,2,100,0,Full
11:16:20,100,100,0,2,100,0,Full
11:16:20,100,100,0,2,100,0,Full
11:16:21,100,100,0,2,100,0,Full
11:16:21,100,100,0,2,100,0,Full
11:16:22,100,100,0,2,100,0,Full
11:16:22,100,100,0,2,100,0,Full
11:16:23,100,100,0,2,100,0,Full
11:16:23,100,100,0,2,100,0,Full
11:16:24,100,100,0,2,100,0,Full
11:16:24,100,100,0,2,100,0,Full
11:16:25,100,100,0,2,100,0,Full
11:16:25,100,100,0,2,100,0,Full
11:16:26,100,100,0,2,100,0,Full
11:16:26,100,100,0,2,100,0,Full
11:16:27,100,100,0,2,100,0,Full
11:16:27,100,100,0,2,100,0,Full
11:16:28,100,100,0,2,100,0,Full
11:16:28,100,100,0,2,100,0,Full
11:16:29,100,100,0,2,100,0,Full
11:16:29,100,100,0,2,100,0,Full
11:16:30,100,100,0,2,100,0,Full
11:16:30,100,100,0,2,100,0,Full
11:16:31,100,100,0,2,100,0,Full
11:16:31,100,100,0,2,100,0,Full
11:16:32,100,100,0,2,100,0,Full
11:16:32,100,100,0,2,100,0,Full
11:16:33,100,100,0,2,100,0,Full
11:16:33,100,100,0,2,100,0,Full
11:16:34,100,100,0,2,100,0,Full
11:16:34,100,100,0,2,100,0,Full
11:16:35,100,100,0,2,100,0,Full
11:16:35,100,100,0,2,100,0,Full
11:16:36,100,100,0,2,100,0,Full
11:16:36,100,100,0,2,100,0,Full
11:16:37,100,100,0,2,100,0,Full
11:16:37,100,100,0,2,100,0,Full
11:16:38,100,100,0,2,100,0,Full
11:16:38,100,100,0,2,100,0,Full
11:16:39,100,100,0,2,100,0,Full
11:16:39,100,100,0,2,100,0,Full
11:16:40,100,100,0,2,100,0,Full
11:16:40,100,100,0,2,100,0,Full
11:16:41,100,100,0,2,100,0,Full
11:16:41,100,100,0,2,100,0,Full
11:16:42,100,100,0,2,100,0,Full
11:16:42,100,100,0,2,100,0,Full
11:16:43,100,100,0,2,100,0,Full
11:16:43,100,100,0,2,100,0,Full
11:16:44,100,100,0,2,100,0,Full
11:16:44,100,100,0,2,100,0,Full
11:16:45,100,100,0,2,100,0,Full
11:16:45,100,100,0,2,100,0,Full
11:16:46,100,100,0,2,100,0,Full
11:16:46,100,100,0,2,100,0,Full
11:16:47,100,100,0,2,100,0,Full
11:16:47,100,100,0,2,100,0,Full
11:16:48,100,100,0,2,100,0,Full
11:16:48,100,100,0,2,100,0,Full
11:16:49,100,100,0,2,100,0,Full
11:16:49,100,100,0,2,100,0,Full
11:16:50,100,100,0,2,100,0,Full
11:16:50,100,100,0,2,100,0,Full
11:16:51,100,100,0,2,100,0,Full
11:16:51,100,100,0,2,100,0,Full
11:16:52,100,100,0,2,100,0,Full
11:16:52,100,100,0,2,100,0,Full
11:16:53,100,100,0,2,100,0,Full
11:16:53,100,100,0,2,100,0,Full
11:16:54,100,100,0,2,100,0,Full
11:16:54,100,100,0,2,100,0,Full
11:16:55,100,100,0,2,100,0,Full
11:16:55,100,100,0,2,100,0,Full
11:16:56,100,100,0,2,100,0,Full
11:16:56,100,100,0,2,100,0,Full
11:16:57,100,100,0,2,100,0,Full
11:16:57,100,100,0,2,100,0,Full
11:16:58,100,100,0,2,100,0,Full
11:16:58,100,100,0,2,100,0,Full
11:16:59,100,100,0,2,100,0,Full
11:16:59,100,100,0,2,100,0,Full
11:17:00,100,100,0,2,100,0,Full
11:17:00,100,100,0,2,100,0,Full
11:17:01,100,100,0,2,100,0,Full
11:17:01,100,100,0,2,100,0,Full
11:17:02,100,100,0,2,100,0,Full
11:17:02,100,100,0,2,100,0,Full
11:17:03,100,100,0,2,100,0,Full
11:17:03,100,100,0,2,100,0,Full
11:17:04,100,100,0,2,100,0,Full
11:17:04,100,100,0,2,100,0,Full
11:17:05,100,100,0,2,100,0,Full
11:17:05,100,100,0,2,100,0,Full
11:17:06,100,100,0,2,100,0,Full
11:17:06,100,100,0,2,100,0,Full
11:17:07,100,100,0,2,100,0,Full
11:17:07,100,100,0,2,100,0,Full
11:17:08,100,100,0,2,100,0,Full
11:17:08,100,100,0,2,100,0,Full
11:17:09,100,100,0,2,100,0,Full
11:17:09,100,100,0,2,100,0,Full
11:17:10,100,100,0,2,100,0,Full
11:17:10,100,100,0,2,100,0,Full
11:17:11,100,100,0,2,100,0,Full
11:17:11,100,100,0,2,100,0,Full
11:17:12,100,100,0,2,100,0,Full
11:17:12,100,100,0,2,100,0,Full
11:17:13,100,100,0,2,100,0,Full
11:17:13,100,100,0,2,100,0,Full
11:17:14,100,100,0,2,100,0,Full
11:17:14,100,100,0,2,100,0,Full
11:17:15,100,100,0,2,100,0,Full
11:17:15,100,100,0,2,100,0,Full
11:17:16,100,100,0,2,100,0,Full
11:17:16,100,100,0,2,100,0,Full
11:17:17,100,100,0,2,100,0,Full
11:17:17,100,100,0,2,100,0,Full
11:17:18,100,100,0,2,100,0,Full
11:17:18,100,100,0,2,100,0,Full
11:17:19,100,100,0,2,100,0,Full
11:17:19,100,100,0,2,100,0,Full
11:17:20,100,100,0,2,100,0,Full
11:17:20,100,100,0,2,100,0,Full
11:17:21,100,100,0,2,100,0,Full
11:17:21,100,100,0,2,100,0,Full
11:17:22,100,100,0,2,100,0,Full
11:17:22,100,100,0,2,100,0,Full
11:17:23,100,100,0,2,100,0,Full
11:17:23,100,100,0,2,100,0,Full
11:17:24,100,100,0,2,100,0,Full
11:17:24,100,100,0,2,100,0,Full
11:17:25,100,100,0,2,100,0,Full
11:17:25,100,100,0,2,100,0,Full
11:17:26,100,100,0,2,100,0,Full
11:17:26,100,100,0,2,100,0,Full
11:17:27,100,100,0,2,100,0,Full
11:17:27,100,100,0,2,100,0,Full
11:17:28,100,100,0,2,100,0,Full
11:17:28,100,100,0,2,100,0,Full
11:17:29,100,100,0,2,100,0,Full
11:17:29,100,100,0,2,100,0,Full
11:17:30,100,100,0,2,100,0,Full
11:17:30,100,100,0,2,100,0,Full
11:17:31,100,100,0,2,100,0,Full
11:17:31,100,100,0,2,100,0,Full
11:17:32,100,100,0,2,100,0,Full
11:17:32,100,100,0,2,100,0,Full
11:17:33,100,100,0,2,100,0,Full
11:17:33,100,100,0,2,100,0,Full
11:17:34,100,100,0,2,100,0,Full
11:17:34,100,100,0,2,100,0,Full
11:17:35,100,100,0,2,100,0,Full
11:17:35,100,100,0,2,100,0,Full
11:17:36,100,100,0,2,100,0,Full
11:17:36,100,100,0,2,100,0,Full
11:17:37,100,100,0,2,100,0,Full
11:17:37,100,100,0,2,100,0,Full
11:17:38,100,100,0,2,100,0,Full
11:17:38,100,100,0,2,100,0,Full
11:17:39,100,100,0,2,100,0,Full
11:17:39,100,100,0,2,100,0,Full
11:17:40,100,100,0,2,100,0,Full
11:17:40,100,100,0,2,100,0,Full
11:17:41,100,100,0,2,100,0,Full
11:17:41,100,100,0,2,100,0,Full
11:17:42,100,100,0,2,100,0,Full
11:17:42,100,100,0,2,100,0,Full
11:17:43,100,100,0,2,100,0,Full
11:17:43,100,100,0,2,100,0,Full
11:17:44,100,100,0,2,100,0,Full
11:17:44,100,100,0,2,100,0,Full
11:17:45,100,100,0,2,100,0,Full
11:17:45,100,100,0,2,100,0,Full
11:17:46,100,100,0,2,100,0,Full
11:17:46,100,100,0,2,100,0,Full
11:17:47,100,100,0,2,100,0,Full
11:17:47,100,100,0,2,100,0,Full
11:17:48,100,100,0,2,100,0,Full
11:17:48,100,100,0,2,100,0,Full
11:17:49,100,100,0,2,100,0,Full
11:17:49,100,100,0,2,100,0,Full
11:17:50,100,100,0,2,100,0,Full
11:17:50,100,100,0,2,100,0,Full
11:17:51,100,100,0,2,100,0,Full
11:17:51,100,100,0,2,100,0,Full
11:17:52,100,100,0,2,100,0,Full
11:17:52,100,100,0,2,100,0,Full
11:17:53,100,100,0,2,100,0,Full
11:17:53,100,100,0,2,100,0,Full
11:17:54,100,100,0,2,100,0,Full
11:17:54,100,100,0,2,100,0,Full
11:17:55,100,100,0,2,100,0,Full
11:17:55,100,100,0,2,100,0,Full
11:17:56,100,100,0,2,100,0,Full
11:17:56,100,100,0,2,100,0,Full
11:17:57,100,100,0,2,100,0,Full
11:17:57,100,100,0,2,100,0,Full
11:17:58,100,100,0,2,100,0,Full
11:17:58,100,100,0,2,100,0,Full
11:17:59,100,100,0,2,100,0,Full
11:17:59,100,100,0,2,100,0,Full
11:18:00,100,100,0,2,100,0,Full
11:18:00,100,100,0,2,100,0,Full
11:18:01,100,100,0,2,100,0,Full
11:18:01,100,100,0,2,100,0,Full
11:18:02,100,100,0,2,100,0,Full
11:18:02,100,100,0,2,100,0,Full
11:18:03,100,100,0,2,100,0,Full
11:18:03,100,100,0,2,100,0,Full
11:18:04,100,100,0,2,100,0,Full
11:18:04,100,100,0,2,100,0,Full
11:18:05,100,100,0,2,100,0,Full
11:18:05,100,100,0,2,100,0,Full
11:18:06,100,100,0,2,100,0,Full
11:18:06,100,100,0,2,100,0,Full
11:18:07,100,100,0,2,100,0,Full
11:18:07,100,100,0,2,100,0,Full
11:18:08,100,100,0,2,100,0,Full
11:18:08,100,100,0,2,100,0,Full
11:18:09,100,100,0,2,100,0,Full
11:18:09,100,100,0,2,100,0,Full
11:18:10,100,100,0,2,100,0,Full
11:18:10,100,100,0,2,100,0,Full
11:18:11,100,100,0,2,100,0,Full
11:18:11,100,100,0,2,100,0,Full
11:18:12,100,100,0,2,100,0,Full
11:18:12,100,100,0,2,100,0,Full
11:18:13,100,100,0,2,100,0,Full
11:18:13,100,100,0,2,100,0,Full
11:18:14,100,100,0,2,100,0,Full
11:18:14,100,100,0,2,100,0,Full
11:18:15,100,100,0,2,100,0,Full
11:18:15,100,100,0,2,100,0,Full
11:18:16,100,100,0,2,100,0,Full
11:18:16,100,100,0,2,100,0,Full
11:18:17,100,100,0,2,100,0,Full
11:18:17,100,100,0,2,100,0,Full
11:18:18,100,100,0,2,100,0,Full
11:18:18,100,100,0,2,100,0,Full
11:18:19,100,100,0,2,100,0,Full
11:18:19,100,100,0,2,100,0,Full
11:18:20,100,100,0,2,100,0,Full
11:18:20,100,100,0,2,100,0,Full
11:18:21,100,100,0,2,100,0,Full
11:18:21,100,100,0,2,100,0,Full
11:18:22,100,100,0,2,100,0,Full
11:18:22,100,100,0,2,100,0,Full
11:18:23,100,100,0,2,100,0,Full
11:18:23,100,100,0,2,100,0,Full
11:18:24,100,100,0,2,100,0,Full
11:18:24,100,100,0,2,100,0,Full
11:18:25,100,100,0,2,100,0,Full
11:18:25,100,100,0,2,100,0,Full
11:18:26,100,100,0,2,100,0,Full
11:18:26,100,100,0,2,100,0,Full
11:18:27,100,100,0,2,100,0,Full
11:18:27,100,100,0,2,100,0,Full
11:18:28,100,100,0,2,100,0,Full
11:18:28,100,100,0,2,100,0,Full
11:18:29,100,100,0,2,100,0,Full
11:18:29,100,100,0,2,100,0,Full
11:18:30,100,100,0,2,100,0,Full
11:18:30,100,100,0,2,100,0,Full
11:18:31,100,100,0,2,100,0,Full
11:18:31,100,100,0,2,100,0,Full
11:18:32,100,100,0,2,100,0,Full
11:18:32,100,100,0,2,100,0,Full
11:18:33,100,100,0,2,100,0,Full
11:18:33,100,100,0,2,100,0,Full
11:18:34,100,100,0,2,100,0,Full
11:18:34,100,100,0,2,100,0,Full
11:18:35,100,100,0,2,100,0,Full
11:18:35,100,100,0,2,100,0,Full
11:18:36,100,100,0,2,100,0,Full
11:18:36,100,100,0,2,100,0,Full
11:18:37,100,100,0,2,100,0,Full
11:18:37,100,100,0,2,100,0,Full
11:18:38,100,100,0,2,100,0,Full
11:18:38,100,100,0,2,100,0,Full
11:18:39,100,100,0,2,100,0,Full
11:18:39,100,100,0,2,100,0,Full
11:18:40,100,100,0,2,100,0,Full
11:18:40,100,100,0,2,100,0,Full
11:18:41,100,100,0,2,100,0,Full
11:18:41,100,100,0,2,100,0,Full
11:18:42,100,100,0,2,100,0,Full
11:18:42,100,100,0,2,100,0,Full
11:18:43,100,100,0,2,100,0,Full
11:18:43,100,100,0,2,100,0,Full
11:18:44,100,100,0,2,100,0,Full
11:18:44,100,100,0,2,100,0,Full
11:18:45,100,100,0,2,100,0,Full
11:18:45,100,100,0,2,100,0,Full
11:18:46,100,100,0,2,100,0,Full
11:18:46,100,100,0,2,100,0,Full
11:18:47,100,100,0,2,100,0,Full
11:18:47,100,100,0,2,100,0,Full
11:18:48,100,100,0,2,100,0,Full
11:18:48,100,100,0,2,100,0,Full
11:18:49,100,100,0,2,100,0,Full
11:18:49,100,100,0,2,100,0,Full
11:18:50,100,100,0,2,100,0,Full
11:18:50,100,100,0,2,100,0,Full
11:18:51,100,100,0,2,100,0,Full
11:18:51,100,100,0,2,100,0,Full
11:18:52,100,100,0,2,100,0,Full
11:18:52,100,100,0,2,100,0,Full
11:18:53,100,100,0,2,100,0,Full
11:18:53,100,100,0,2,100,0,Full
11:18:54,100,100,0,2,100,0,Full
11:18:54,100,100,0,2,100,0,Full
11:18:55,100,100,0,2,100,0,Full
11:18:55,100,100,0,2,100,0,Full
11:18:56,100,100,0,2,100,0,Full
11:18:56,100,100,0,2,100,0,Full
11:18:57,100,100,0,2,100,0,Full
11:18:57,100,100,0,2,100,0,Full
11:18:58,100,100,0,2,100,0,Full
11:18:58,100,100,0,2,100,0,Full
11:18:59,100,100,0,2,100,0,Full
11:18:59,100,100,0,2,100,0,Full
11:19:00,100,100,0,2,100,0,Full
11:19:00,100,100,0,2,100,0,Full
11:19:01,100,100,0,2,100,0,Full
11:19:01,100,100,0,2,100,0,Full
11:19:02,100,100,0,2,100,0,Full
11:19:02,100,100,0,2,100,0,Full
11:19:03,100,100,0,2,100,0,Full
11:19:03,100,100,0,2,100,0,Full
11:19:04,100,100,0,2,100,0,Full
11:19:04,100,100,0,2,100,0,Full
11:19:05,100,100,0,2,100,0,Full
11:19:05,100,100,0,2,100,0,Full
11:19:06,100,100,0,2,100,0,Full
11:19:06,100,100,0,2,100,0,Full
11:19:07,100,100,0,2,100,0,Full
11:19:07,100,100,0,2,100,0,Full
11:19:08,100,100,0,2,100,0,Full
11:19:08,100,100,0,2,100,0,Full
11:19:09,100,100,0,2,100,0,Full
11:19:09,100,100,0,2,100,0,Full
11:19:10,100,100,0,2,100,0,Full
11:19:10,100,100,0,2,100,0,Full
11:19:11,100,100,0,2,100,0,Full
11:19:11,100,100,0,2,100,0,Full
11:19:12,100,100,0,2,100,0,Full
11:19:12,100,100,0,2,100,0,Full
11:19:13,100,100,0,2,100,0,Full
11:19:13,100,100,0,2,100,0,Full
11:19:14,100,100,0,2,100,0,Full
11:19:14,100,100,0,2,100,0,Full
11:19:15,100,100,0,2,100,0,Full
11:19:15,100,100,0,2,100,0,Full
11:19:16,100,100,0,2,100,0,Full
11:19:16,100,100,0,2,100,0,Full
11:19:17,100,100,0,2,100,0,Full
11:19:17,100,100,0,2,100,0,Full
11:19:18,100,100,0,2,100,0,Full
11:19:18,100,100,0,2,100,0,Full
11:19:19,100,100,0,2,100,0,Full
11:19:19,100,100,0,2,100,0,Full
11:19:20,100,100,0,2,100,0,Full
11:19:20,100,100,0,2,100,0,Full
11:19:21,100,100,0,2,100,0,Full
11:19:21,100,100,0,2,100,0,Full
11:19:22,100,100,0,2,100,0,Full
11:19:22,100,100,0,2,100,0,Full
11:19:23,100,100,0,2,100,0,Full
11:19:23,100,100,0,2,100,0,Full
11:19:24,100,100,0,2,100,0,Full
11:19:24,100,100,0,2,100,0,Full
11:19:25,100,100,0,2,100,0,Full
11:19:25,100,100,0,2,100,0,Full
11:19:26,100,100,0,2,100,0,Full
11:19:26,100,100,0,2,100,0,Full
11:19:27,100,100,0,2,100,0,Full
11:19:27,100,100,0,2,100,0,Full
11:19:28,100,100,0,2,100,0,Full
11:19:28,100,100,0,2,100,0,Full
11:19:29,100,100,0,2,100,0,Full
11:19:29,100,100,0,2,100,0,Full
11:19:30,100,100,0,2,100,0,Full
11:19:30,100,100,0,2,100,0,Full
11:19:31,100,100,0,2,100,0,Full
11:19:31,100,100,0,2,100,0,Full
11:19:32,100,100,0,2,100,0,Full
11:19:32,100,100,0,2,100,0,Full
11:19:33,100,100,0,2,100,0,Full
11:19:33,100,100,0,2,100,0,Full
11:19:34,100,100,0,2,100,0,Full
11:19:34,100,100,0,2,100,0,Full
11:19:35,100,100,0,2,100,0,Full
11:19:35,100,100,0,2,100,0,Full
11:19:36,100,100,0,2,100,0,Full
11:19:36,100,100,0,2,100,0,Full
11:19:37,100,100,0,2,100,0,Full
11:19:37,100,100,0,2,100,0,Full
11:19:38,100,100,0,2,100,0,Full
11:19:38,100,100,0,2,100,0,Full
11:19:39,100,100,0,2,100,0,Full
11:19:39,100,100,0,2,100,0,Full
11:19:40,100,100,0,2,100,0,Full
11:19:40,100,100,0,2,100,0,Full
11:19:41,100,100,0,2,100,0,Full
11:19:41,100,100,0,2,100,0,Full
11:19:42,100,100,0,2,100,0,Full
11:19:42,100,100,0,2,100,0,Full
11:19:43,100,100,0,2,100,0,Full
11:19:43,100,100,0,2,100,0,Full
11:19:44,100,100,0,2,100,0,Full
11:19:44,100,100,0,2,100,0,Full
11:19:45,100,100,0,2,100,0,Full
11:19:45,100,100,0,2,100,0,Full
11:19:46,100,100,0,2,100,0,Full
11:19:46,100,100,0,2,100,0,Full
11:19:47,100,100,0,2,100,0,Full
11:19:47,100,100,0,2,100,0,Full
11:19:48,100,100,0,2,100,0,Full
11:19:48,100,100,0,2,100,0,Full
11:19:49,100,100,0,2,100,0,Full
11:19:49,100,100,0,2,100,0,Full
11:19:50,100,100,0,2,100,0,Full
11:19:50,100,100,0,2,100,0,Full
11:19:51,100,100,0,2,100,0,Full
11:19:51,100,100,0,2,100,0,Full
11:19:52,100,100,0,2,100,0,Full
11:19:52,100,100,0,2,100,0,Full
11:19:53,100,100,0,2,100,0,Full
11:19:53,100,100,0,2,100,0,Full
11:19:54,100,100,0,2,100,0,Full
11:19:54,100,100,0,2,100,0,Full
11:19:55,100,100,0,2,100,0,Full
11:19:55,100,100,0,2,100,0,Full
11:19:56,100,100,0,2,100,0,Full
11:19:56,100,100,0,2,100,0,Full
11:19:57,100,100,0,2,100,0,Full
11:19:57,100,100,0,2,100,0,Full
11:19:58,100,100,0,2,100,0,Full
11:19:58,100,100,0,2,100,0,Full
11:19:59,100,100,0,2,100,0,Full
11:19:59,100,100,0,2,100,0,Full
11:20:00,100,100,0,2,100,0,Full
11:20:00,100,100,0,2,100,0,Full
11:20:01,100,100,0,2,100,0,Full
11:20:01,100,100,0,2,100,0,Full
11:20:02,100,100,0,2,100,0,Full
11:20:02,100,100,0,2,100,0,Full
11:20:03,100,100,0,2,100,0,Full
11:20:03,100,100,0,2,100,0,Full
11:20:04,100,100,0,2,100,0,Full
11:20:04,100,100,0,2,100,0,Full
11:20:05,100,100,0,2,100,0,Full
11:20:05,100,100,0,2,100,0,Full
11:20:06,100,100,0,2,100,0,Full
11:20:06,100,100,0,2,100,0,Full
11:20:07,100,100,0,2,100,0,Full
11:20:07,100,100,0,2,100,0,Full
11:20:08,100,100,0,2,100,0,Full
11:20:08,100,100,0,2,100,0,Full
11:20:09,100,100,0,2,100,0,Full
11:20:09,100,100,0,2,100,0,Full
11:20:10,100,100,0,2,100,0,Full
11:20:10,100,100,0,2,100,0,Full
11:20:11,100,100,0,2,100,0,Full
11:20:11,100,100,0,2,100,0,Full
11:20:12,100,100,0,2,100,0,Full
11:20:12,100,100,0,2,100,0,Full
11:20:13,100,100,0,2,100,0,Full
11:20:13,100,100,0,2,100,0,Full
11:20:14,100,100,0,2,100,0,Full
11:20:14,100,100,0,2,100,0,Full
11:20:15,100,100,0,2,100,0,Full
11:20:15,100,100,0,2,100,0,Full
11:20:16,100,100,0,2,100,0,Full
11:20:16,100,100,0,2,100,0,Full
11:20:17,100,100,0,2,100,0,Full
11:20:17,100,100,0,2,100,0,Full
11:20:18,100,100,0,2,100,0,Full
11:20:18,100,100,0,2,100,0,Full
11:20:19,100,100,0,2,100,0,Full
11:20:19,100,100,0,2,100,0,Full
11:20:20,100,100,0,2,100,0,Full
11:20:20,100,100,0,2,100,0,Full
11:20:21,100,100,0,2,100,0,Full
11:20:21,100,100,0,2,100,0,Full
11:20:22,100,100,0,2,100,0,Full
11:20:22,100,100,0,2,100,0,Full
11:20:23,100,100,0,2,100,0,Full
11:20:23,100,100,0,2,100,0,Full
11:20:24,100,100,0,2,100,0,Full
11:20:24,100,100,0,2,100,0,Full
11:20:25,100,100,0,2,100,0,Full
11:20:25,100,100,0,2,100,0,Full
11:20:26,100,100,0,2,100,0,Full
11:20:26,100,100,0,2,100,0,Full
11:20:27,100,100,0,2,100,0,Full
11:20:27,100,100,0,2,100,0,Full
11:20:28,100,100,0,2,100,0,Full
11:20:28,100,100,0,2,100,0,Full
11:20:29,100,100,0,2,100,0,Full
11:20:29,100,100,0,2,100,0,Full
11:20:30,100,100,0,2,100,0,Full
11:20:30,100,100,0,2,100,0,Full
11:20:31,100,100,0,2,100,0,Full
11:20:31,100,100,0,2,100,0,Full
11:20:32,100,100,0,2,100,0,Full
11:20:32,100,100,0,2,100,0,Full
11:20:33,100,100,0,2,100,0,Full
11:20:33,100,100,0,2,100,0,Full
11:20:34,100,100,0,2,100,0,Full
11:20:34,100,100,0,2,100,0,Full
11:20:35,100,100,0,2,100,0,Full
11:20:35,100,100,0,2,100,0,Full
11:20:36,100,100,0,2,100,0,Full
11:20:36,100,100,0,2,100,0,Full
11:20:37,100,100,0,2,100,0,Full
11:20:37,100,100,0,2,100,0,Full
11:20:38,100,100,0,2,100,0,Full
11:20:38,100,100,0,2,100,0,Full
11:20:39,100,100,0,2,100,0,Full
11:20:39,100,100,0,2,100,0,Full
11:20:40,100,100,0,2,100,0,Full
11:20:40,100,100,0,2,100,0,Full
11:20:41,100,100,0,2,100,0,Full
11:20:41,100,100,0,2,100,0,Full
11:20:42,100,100,0,2,100,0,Full
11:20:42,100,100,0,2,100,0,Full
11:20:43,100,100,0,2,100,0,Full
11:20:43,100,100,0,2,100,0,Full
11:20:44,100,100,0,2,100,0,Full
11:20:44,100,100,0,2,100,0,Full
11:20:45,100,100,0,2,100,0,Full
11:20:45,100,100,0,2,100,0,Full
11:20:46,100,100,0,2,100,0,Full
11:20:46,100,100,0,2,100,0,Full
11:20:47,100,100,0,2,100,0,Full
11:20:47,100,100,0,2,100,0,Full
11:20:48,100,100,0,2,100,0,Full
11:20:48,100,100,0,2,100,0,Full
11:20:49,100,100,0,2,100,0,Full
11:20:49,100,100,0,2,100,0,Full
11:20:50,100,100,0,2,100,0,Full
11:20:50,100,100,0,2,100,0,Full
11:20:51,100,100,0,2,100,0,Full
11:20:51,100,100,0,2,100,0,Full
11:20:52,100,100,0,2,100,0,Full
11:20:52,100,100,0,2,100,0,Full
11:20:53,100,100,0,2,100,0,Full
11:20:53,100,100,0,2,100,0,Full
11:20:54,100,100,0,2,100,0,Full
11:20:54,100,100,0,2,100,0,Full
11:20:55,100,100,0,2,100,0,Full
11:20:56,100,100,0,2,100,0,Full
11:20:56,100,100,0,2,100,0,Full
11:20:57,100,100,0,2,100,0,Full
11:20:57,100,100,0,2,100,0,Full
11:20:58,100,100,0,2,100,0,Full
11:20:58,100,100,0,2,100,0,Full
11:20:59,100,100,0,2,100,0,Full
11:20:59,100,100,0,2,100,0,Full
11:21:00,100,100,0,2,100,0,Full
11:21:00,100,100,0,2,100,0,Full
11:21:01,100,100,0,2,100,0,Full
11:21:01,100,100,0,2,100,0,Full
11:21:02,100,100,0,2,100,0,Full
11:21:02,100,100,0,2,100,0,Full
11:21:03,100,100,0,2,100,0,Full
11:21:03,100,100,0,2,100,0,Full
11:21:04,100,100,0,2,100,0,Full
11:21:04,100,100,0,2,100,0,Full
11:21:05,100,100,0,2,100,0,Full
11:21:05,100,100,0,2,100,0,Full
11:21:06,100,100,0,2,100,0,Full
11:21:06,100,100,0,2,100,0,Full
11:21:07,100,100,0,2,100,0,Full
11:21:07,100,100,0,2,100,0,Full
11:21:08,100,100,0,2,100,0,Full
11:21:08,100,100,0,2,100,0,Full
11:21:09,100,100,0,2,100,0,Full
11:21:09,100,100,0,2,100,0,Full
11:21:10,100,100,0,2,100,0,Full
11:21:10,100,100,0,2,100,0,Full
11:21:11,100,100,0,2,100,0,Full
11:21:11,100,100,0,2,100,0,Full
11:21:12,100,100,0,2,100,0,Full
11:21:12,100,100,0,2,100,0,Full
11:21:13,100,100,0,2,100,0,Full
11:21:13,100,100,0,2,100,0,Full
11:21:14,100,100,0,2,100,0,Full
11:21:14,100,100,0,2,100,0,Full
11:21:15,100,100,0,2,100,0,Full
11:21:15,100,100,0,2,100,0,Full
11:21:16,100,100,0,2,100,0,Full
11:21:16,100,100,0,2,100,0,Full
11:21:17,100,100,0,2,100,0,Full
11:21:17,100,100,0,2,100,0,Full
11:21:18,100,100,0,2,100,0,Full
11:21:18,100,100,0,2,100,0,Full
11:21:19,100,100,0,2,100,0,Full
11:21:19,100,100,0,2,100,0,Full
11:21:20,100,100,0,2,100,0,Full
11:21:20,100,100,0,2,100,0,Full
11:21:21,100,100,0,2,100,0,Full
11:21:21,100,100,0,2,100,0,Full
11:21:22,100,100,0,2,100,0,Full
11:21:22,100,100,0,2,100,0,Full
11:21:23,100,100,0,2,100,0,Full
11:21:23,100,100,0,2,100,0,Full
11:21:24,100,100,0,2,100,0,Full
11:21:24,100,100,0,2,100,0,Full
11:21:25,100,100,0,2,100,0,Full
11:21:25,100,100,0,2,100,0,Full
11:21:26,100,100,0,2,100,0,Full
11:21:26,100,100,0,2,100,0,Full
11:21:27,100,100,0,2,100,0,Full
11:21:27,100,100,0,2,100,0,Full
11:21:28,100,100,0,2,100,0,Full
11:21:28,100,100,0,2,100,0,Full
11:21:29,100,100,0,2,100,0,Full
11:21:29,100,100,0,2,100,0,Full
11:21:30,100,100,0,2,100,0,Full
11:21:30,100,100,0,2,100,0,Full
11:21:31,100,100,0,2,100,0,Full
11:21:31,100,100,0,2,100,0,Full
11:21:32,100,100,0,2,100,0,Full
11:21:32,100,100,0,2,100,0,Full
11:21:33,100,100,0,2,100,0,Full
11:21:33,100,100,0,2,100,0,Full
11:21:34,100,100,0,2,100,0,Full
11:21:34,100,100,0,2,100,0,Full
11:21:35,100,100,0,2,100,0,Full
11:21:35,100,100,0,2,100,0,Full
11:21:36,100,100,0,2,100,0,Full
11:21:36,100,100,0,2,100,0,Full
11:21:37,100,100,0,2,100,0,Full
11:21:37,100,100,0,2,100,0,Full
11:21:38,100,100,0,2,100,0,Full
11:21:38,100,100,0,2,100,0,Full
11:21:39,100,100,0,2,100,0,Full
11:21:39,100,100,0,2,100,0,Full
11:21:40,100,100,0,2,100,0,Full
11:21:40,100,100,0,2,100,0,Full
11:21:41,100,100,0,2,100,0,Full
11:21:41,100,100,0,2,100,0,Full
11:21:42,100,100,0,2,100,0,Full
11:21:42,100,100,0,2,100,0,Full
11:21:43,100,100,0,2,100,0,Full
11:21:43,100,100,0,2,100,0,Full
11:21:44,100,100,0,2,100,0,Full
11:21:44,100,100,0,2,100,0,Full
11:21:45,100,100,0,2,100,0,Full
11:21:45,100,100,0,2,100,0,Full
11:21:46,100,100,0,2,100,0,Full
11:21:46,100,100,0,2,100,0,Full
11:21:47,100,100,0,2,100,0,Full
11:21:47,100,100,0,2,100,0,Full
11:21:48,100,100,0,2,100,0,Full
11:21:48,100,100,0,2,100,0,Full
11:21:49,100,100,0,2,100,0,Full
11:21:49,100,100,0,2,100,0,Full
11:21:50,100,100,0,2,100,0,Full
11:21:50,100,100,0,2,100,0,Full
11:21:51,100,100,0,2,100,0,Full
11:21:51,100,100,0,2,100,0,Full
11:21:52,100,100,0,2,100,0,Full
11:21:52,100,100,0,2,100,0,Full
11:21:53,100,100,0,2,100,0,Full
11:21:53,100,100,0,2,100,0,Full
11:21:54,100,100,0,2,100,0,Full
11:21:54,100,100,0,2,100,0,Full
11:21:55,100,100,0,2,100,0,Full
11:21:55,100,100,0,2,100,0,Full
11:21:56,100,100,0,2,100,0,Full
11:21:56,100,100,0,2,100,0,Full
11:21:57,100,100,0,2,100,0,Full
11:21:57,100,100,0,2,100,0,Full
11:21:58,100,100,0,2,100,0,Full
11:21:58,100,100,0,2,100,0,Full
11:21:59,100,100,0,2,100,0,Full
11:21:59,100,100,0,2,100,0,Full
11:22:00,100,100,0,2,100,0,Full
11:22:00,100,100,0,2,100,0,Full
11:22:01,100,100,0,2,100,0,Full
11:22:01,100,100,0,2,100,0,Full
11:22:02,100,100,0,2,100,0,Full
11:22:02,100,100,0,2,100,0,Full
11:22:03,100,100,0,2,100,0,Full
11:22:03,100,100,0,2,100,0,Full
11:22:04,100,100,0,2,100,0,Full
11:22:04,100,100,0,2,100,0,Full
11:22:05,100,100,0,2,100,0,Full
11:22:05,100,100,0,2,100,0,Full
11:22:06,100,100,0,2,100,0,Full
11:22:06,100,100,0,2,100,0,Full
11:22:07,100,100,0,2,100,0,Full
11:22:07,100,100,0,2,100,0,Full
11:22:08,100,100,0,2,100,0,Full
11:22:08,100,100,0,2,100,0,Full
11:22:09,100,100,0,2,100,0,Full
11:22:09,100,100,0,2,100,0,Full
11:22:10,100,100,0,2,100,0,Full
11:22:10,100,100,0,2,100,0,Full
11:22:11,100,100,0,2,100,0,Full
11:22:11,100,100,0,2,100,0,Full
11:22:12,100,100,0,2,100,0,Full
11:22:12,100,100,0,2,100,0,Full
11:22:13,100,100,0,2,100,0,Full
11:22:13,100,100,0,2,100,0,Full
11:22:14,100,100,0,2,100,0,Full
11:22:14,100,100,0,2,100,0,Full
11:22:15,100,100,0,2,100,0,Full
11:22:15,100,100,0,2,100,0,Full
11:22:16,100,100,0,2,100,0,Full
11:22:16,100,100,0,2,100,0,Full
11:22:17,100,100,0,2,100,0,Full
11:22:17,100,100,0,2,100,0,Full
11:22:18,100,100,0,2,100,0,Full
11:22:18,100,100,0,2,100,0,Full
11:22:19,100,100,0,2,100,0,Full
11:22:19,100,100,0,2,100,0,Full
11:22:20,100,100,0,2,100,0,Full
11:22:20,100,100,0,2,100,0,Full
11:22:21,100,100,0,2,100,0,Full
11:22:21,100,100,0,2,100,0,Full
11:22:22,100,100,0,2,100,0,Full
11:22:22,100,100,0,2,100,0,Full
11:22:23,100,100,0,2,100,0,Full
11:22:23,100,100,0,2,100,0,Full
11:22:24,100,100,0,2,100,0,Full
11:22:24,100,100,0,2,100,0,Full
11:22:25,100,100,0,2,100,0,Full
11:22:25,100,100,0,2,100,0,Full
11:22:26,100,100,0,2,100,0,Full
11:22:26,100,100,0,2,100,0,Full
11:22:27,100,100,0,2,100,0,Full
11:22:27,100,100,0,2,100,0,Full
11:22:28,100,100,0,2,100,0,Full
11:22:28,100,100,0,2,100,0,Full
11:22:29,100,100,0,2,100,0,Full
11:22:29,100,100,0,2,100,0,Full
11:22:30,100,100,0,2,100,0,Full
11:22:30,100,100,0,2,100,0,Full
11:22:31,100,100,0,2,100,0,Full
11:22:31,100,100,0,2,100,0,Full
11:22:32,100,100,0,2,100,0,Full
11:22:32,100,100,0,2,100,0,Full
11:22:33,100,100,0,2,100,0,Full
11:22:33,100,100,0,2,100,0,Full
11:22:34,100,100,0,2,100,0,Full
11:22:34,100,100,0,2,100,0,Full
11:22:35,100,100,0,2,100,0,Full
11:22:35,100,100,0,2,100,0,Full
11:22:36,100,100,0,2,100,0,Full
11:22:36,100,100,0,2,100,0,Full
11:22:37,100,100,0,2,100,0,Full
11:22:37,100,100,0,2,100,0,Full
11:22:38,100,100,0,2,100,0,Full
11:22:38,100,100,0,2,100,0,Full
11:22:39,100,100,0,2,100,0,Full
11:22:39,100,100,0,2,100,0,Full
11:22:40,100,100,0,2,100,0,Full
11:22:40,100,100,0,2,100,0,Full
11:22:41,100,100,0,2,100,0,Full
11:22:41,100,100,0,2,100,0,Full
11:22:42,100,100,0,2,100,0,Full
11:22:42,100,100,0,2,100,0,Full
11:22:43,100,100,0,2,100,0,Full
11:22:43,100,100,0,2,100,0,Full
11:22:44,100,100,0,2,100,0,Full
11:22:44,100,100,0,2,100,0,Full
11:22:45,100,100,0,2,100,0,Full
11:22:45,100,100,0,2,100,0,Full
11:22:46,100,100,0,2,100,0,Full
11:22:46,100,100,0,2,100,0,Full
11:22:47,100,100,0,2,100,0,Full
11:22:47,100,100,0,2,100,0,Full
11:22:48,100,100,0,2,100,0,Full
11:22:48,100,100,0,2,100,0,Full
11:22:49,100,100,0,2,100,0,Full
11:22:49,100,100,0,2,100,0,Full
11:22:50,100,100,0,2,100,0,Full
11:22:50,100,100,0,2,100,0,Full
11:22:51,100,100,0,2,100,0,Full
11:22:51,100,100,0,2,100,0,Full
11:22:52,100,100,0,2,100,0,Full
11:22:52,100,100,0,2,100,0,Full
11:22:53,100,100,0,2,100,0,Full
11:22:53,100,100,0,2,100,0,Full
11:22:54,100,100,0,2,100,0,Full
11:22:54,100,100,0,2,100,0,Full
11:22:55,100,100,0,2,100,0,Full
11:22:55,100,100,0,2,100,0,Full
11:22:56,100,100,0,2,100,0,Full
11:22:56,100,100,0,2,100,0,Full
11:22:57,100,100,0,2,100,0,Full
11:22:57,100,100,0,2,100,0,Full
11:22:58,100,100,0,2,100,0,Full
11:22:58,100,100,0,2,100,0,Full
11:22:59,100,100,0,2,100,0,Full
11:22:59,100,100,0,2,100,0,Full
11:23:00,100,100,0,2,100,0,Full
11:23:00,100,100,0,2,100,0,Full
11:23:01,100,100,0,2,100,0,Full
11:23:01,100,100,0,2,100,0,Full
11:23:02,100,100,0,2,100,0,Full
11:23:02,100,100,0,2,100,0,Full
11:23:03,100,100,0,2,100,0,Full
11:23:03,100,100,0,2,100,0,Full
11:23:04,100,100,0,2,100,0,Full
11:23:04,100,100,0,2,100,0,Full
11:23:05,100,100,0,2,100,0,Full
11:23:05,100,100,0,2,100,0,Full
11:23:06,100,100,0,2,100,0,Full
11:23:06,100,100,0,2,100,0,Full
11:23:07,100,100,0,2,100,0,Full
11:23:07,100,100,0,2,100,0,Full
11:23:08,100,100,0,2,100,0,Full
11:23:08,100,100,0,2,100,0,Full
11:23:09,100,100,0,2,100,0,Full
11:23:09,100,100,0,2,100,0,Full
11:23:10,100,100,0,2,100,0,Full
11:23:10,100,100,0,2,100,0,Full
11:23:11,100,100,0,2,100,0,Full
11:23:11,100,100,0,2,100,0,Full
11:23:12,100,100,0,2,100,0,Full
11:23:12,100,100,0,2,100,0,Full
11:23:13,100,100,0,2,100,0,Full
11:23:13,100,100,0,2,100,0,Full
11:23:14,100,100,0,2,100,0,Full
11:23:14,100,100,0,2,100,0,Full
11:23:15,100,100,0,2,100,0,Full
11:23:15,100,100,0,2,100,0,Full
11:23:16,100,100,0,2,100,0,Full
11:23:16,100,100,0,2,100,0,Full
11:23:17,100,100,0,2,100,0,Full
11:23:17,100,100,0,2,100,0,Full
11:23:18,100,100,0,2,100,0,Full
11:23:18,100,100,0,2,100,0,Full
11:23:19,100,100,0,2,100,0,Full
11:23:19,100,100,0,2,100,0,Full
11:23:20,100,100,0,2,100,0,Full
11:23:20,100,100,0,2,100,0,Full
11:23:21,100,100,0,2,100,0,Full
11:23:21,100,100,0,2,100,0,Full
11:23:22,100,100,0,2,100,0,Full
11:23:22,100,100,0,2,100,0,Full
11:23:23,100,100,0,2,100,0,Full
11:23:23,100,100,0,2,100,0,Full
11:23:24,100,100,0,2,100,0,Full
11:23:24,100,100,0,2,100,0,Full
11:23:25,100,100,0,2,100,0,Full
11:23:25,100,100,0,2,100,0,Full
11:23:26,100,100,0,2,100,0,Full
11:23:26,100,100,0,2,100,0,Full
11:23:27,100,100,0,2,100,0,Full
11:23:27,100,100,0,2,100,0,Full
11:23:28,100,100,0,2,100,0,Full
11:23:28,100,100,0,2,100,0,Full
11:23:29,100,100,0,2,100,0,Full
11:23:29,100,100,0,2,100,0,Full
11:23:30,100,100,0,2,100,0,Full
11:23:30,100,100,0,2,100,0,Full
11:23:31,100,100,0,2,100,0,Full
11:23:31,100,100,0,2,100,0,Full
11:23:32,100,100,0,2,100,0,Full
11:23:32,100,100,0,2,100,0,Full
11:23:33,100,100,0,2,100,0,Full
11:23:33,100,100,0,2,100,0,Full
11:23:34,100,100,0,2,100,0,Full
11:23:34,100,100,0,2,100,0,Full
11:23:35,100,100,0,2,100,0,Full
11:23:35,100,100,0,2,100,0,Full
11:23:36,100,100,0,2,100,0,Full
11:23:36,100,100,0,2,100,0,Full
11:23:37,100,100,0,2,100,0,Full
11:23:37,100,100,0,2,100,0,Full
11:23:38,100,100,0,2,100,0,Full
11:23:38,100,100,0,2,100,0,Full
11:23:39,100,100,0,2,100,0,Full
11:23:39,100,100,0,2,100,0,Full
11:23:40,100,100,0,2,100,0,Full
11:23:40,100,100,0,2,100,0,Full
11:23:41,100,100,0,2,100,0,Full
11:23:41,100,100,0,2,100,0,Full
11:23:42,100,100,0,2,100,0,Full
11:23:42,100,100,0,2,100,0,Full
11:23:43,100,100,0,2,100,0,Full
11:23:43,100,100,0,2,100,0,Full
11:23:44,100,100,0,2,100,0,Full
11:23:44,100,100,0,2,100,0,Full
11:23:45,100,100,0,2,100,0,Full
11:23:45,100,100,0,2,100,0,Full
11:23:46,100,100,0,2,100,0,Full
11:23:46,100,100,0,2,100,0,Full
11:23:47,100,100,0,2,100,0,Full
11:23:47,100,100,0,2,100,0,Full
11:23:48,100,100,0,2,100,0,Full
11:23:48,100,100,0,2,100,0,Full
11:23:49,100,100,0,2,100,0,Full
11:23:49,100,100,0,2,100,0,Full
11:23:50,100,100,0,2,100,0,Full
11:23:50,100,100,0,2,100,0,Full
11:23:51,100,100,0,2,100,0,Full
11:23:51,100,100,0,2,100,0,Full
11:23:52,100,100,0,2,100,0,Full
11:23:52,100,100,0,2,100,0,Full
11:23:53,100,100,0,2,100,0,Full
11:23:53,100,100,0,2,100,0,Full
11:23:54,100,100,0,2,100,0,Full
11:23:54,100,100,0,2,100,0,Full
11:23:55,100,100,0,2,100,0,Full
11:23:55,100,100,0,2,100,0,Full
11:23:56,100,100,0,2,100,0,Full
11:23:56,100,100,0,2,100,0,Full
11:23:57,100,100,0,2,100,0,Full
11:23:57,100,100,0,2,100,0,Full
11:23:58,100,100,0,2,100,0,Full
11:23:58,100,100,0,2,100,0,Full
11:23:59,100,100,0,2,100,0,Full
11:23:59,100,100,0,2,100,0,Full
11:24:00,100,100,0,2,100,0,Full
11:24:00,100,100,0,2,100,0,Full
11:24:01,100,100,0,2,100,0,Full
11:24:01,100,100,0,2,100,0,Full
11:24:02,100,100,0,2,100,0,Full
11:24:02,100,100,0,2,100,0,Full
11:24:03,100,100,0,2,100,0,Full
11:24:03,100,100,0,2,100,0,Full
11:24:04,100,100,0,2,100,0,Full
11:24:04,100,100,0,2,100,0,Full
11:24:05,100,100,0,2,100,0,Full
11:24:05,100,100,0,2,100,0,Full
11:24:06,100,100,0,2,100,0,Full
11:24:06,100,100,0,2,100,0,Full
11:24:07,100,100,0,2,100,0,Full
11:24:07,100,100,0,2,100,0,Full
11:24:08,100,100,0,2,100,0,Full
11:24:08,100,100,0,2,100,0,Full
11:24:09,100,100,0,2,100,0,Full
11:24:09,100,100,0,2,100,0,Full
11:24:10,100,100,0,2,100,0,Full
11:24:10,100,100,0,2,100,0,Full
11:24:11,100,100,0,2,100,0,Full
11:24:11,100,100,0,2,100,0,Full
11:24:12,100,100,0,2,100,0,Full
11:24:12,100,100,0,2,100,0,Full
11:24:13,100,100,0,2,100,0,Full
11:24:13,100,100,0,2,100,0,Full
11:24:14,100,100,0,2,100,0,Full
11:24:14,100,100,0,2,100,0,Full
11:24:15,100,100,0,2,100,0,Full
11:24:15,100,100,0,2,100,0,Full
11:24:16,100,100,0,2,100,0,Full
11:24:16,100,100,0,2,100,0,Full
11:24:17,100,100,0,2,100,0,Full
11:24:17,100,100,0,2,100,0,Full
11:24:18,100,100,0,2,100,0,Full
11:24:18,100,100,0,2,100,0,Full
11:24:19,100,100,0,2,100,0,Full
11:24:19,100,100,0,2,100,0,Full
11:24:20,100,100,0,2,100,0,Full
11:24:20,100,100,0,2,100,0,Full
11:24:21,100,100,0,2,100,0,Full
11:24:21,100,100,0,2,100,0,Full
11:24:22,100,100,0,2,100,0,Full
11:24:22,100,100,0,2,100,0,Full
11:24:23,100,100,0,2,100,0,Full
11:24:23,100,100,0,2,100,0,Full
11:24:24,100,100,0,2,100,0,Full
11:24:24,100,100,0,2,100,0,Full
11:24:25,100,100,0,2,100,0,Full
11:24:25,100,100,0,2,100,0,Full
11:24:26,100,100,0,2,100,0,Full
11:24:26,100,100,0,2,100,0,Full
11:24:27,100,100,0,2,100,0,Full
11:24:27,100,100,0,2,100,0,Full
11:24:28,100,100,0,2,100,0,Full
11:24:28,100,100,0,2,100,0,Full
11:24:29,100,100,0,2,100,0,Full
11:24:29,100,100,0,2,100,0,Full
11:24:30,100,100,0,2,100,0,Full
11:24:30,100,100,0,2,100,0,Full
11:24:31,100,100,0,2,100,0,Full
11:24:31,100,100,0,2,100,0,Full
11:24:32,100,100,0,2,100,0,Full
11:24:32,100,100,0,2,100,0,Full
11:24:33,100,100,0,2,100,0,Full
11:24:33,100,100,0,2,100,0,Full
11:24:34,100,100,0,2,100,0,Full
11:24:34,100,100,0,2,100,0,Full
11:24:35,100,100,0,2,100,0,Full
11:24:35,100,100,0,2,100,0,Full
11:24:36,100,100,0,2,100,0,Full
11:24:36,100,100,0,2,100,0,Full
11:24:37,100,100,0,2,100,0,Full
11:24:37,100,100,0,2,100,0,Full
11:24:38,100,100,0,2,100,0,Full
11:24:38,100,100,0,2,100,0,Full
11:24:39,100,100,0,2,100,0,Full
11:24:39,100,100,0,2,100,0,Full
11:24:40,100,100,0,2,100,0,Full
11:24:40,100,100,0,2,100,0,Full
11:24:41,100,100,0,2,100,0,Full
11:24:41,100,100,0,2,100,0,Full
11:24:42,100,100,0,2,100,0,Full
11:24:42,100,100,0,2,100,0,Full
11:24:43,100,100,0,2,100,0,Full
11:24:43,100,100,0,2,100,0,Full
11:24:44,100,100,0,2,100,0,Full
11:24:44,100,100,0,2,100,0,Full
11:24:45,100,100,0,2,100,0,Full
11:24:45,100,100,0,2,100,0,Full
11:24:46,100,100,0,2,100,0,Full
11:24:46,100,100,0,2,100,0,Full
11:24:47,100,100,0,2,100,0,Full
11:24:47,100,100,0,2,100,0,Full
11:24:48,100,100,0,2,100,0,Full
11:24:48,100,100,0,2,100,0,Full
11:24:49,100,100,0,2,100,0,Full
11:24:49,100,100,0,2,100,0,Full
11:24:50,100,100,0,2,100,0,Full
11:24:50,100,100,0,2,100,0,Full
11:24:51,100,100,0,2,100,0,Full
11:24:51,100,100,0,2,100,0,Full
11:24:52,100,100,0,2,100,0,Full
11:24:52,100,100,0,2,100,0,Full
11:24:53,100,100,0,2,100,0,Full
11:24:53,100,100,0,2,100,0,Full
11:24:54,100,100,0,2,100,0,Full
11:24:54,100,100,0,2,100,0,Full
11:24:55,100,100,0,2,100,0,Full
11:24:55,100,100,0,2,100,0,Full
11:24:56,100,100,0,2,100,0,Full
11:24:56,100,100,0,2,100,0,Full
11:24:57,100,100,0,2,100,0,Full
11:24:57,100,100,0,2,100,0,Full
11:24:58,100,100,0,2,100,0,Full
11:24:58,100,100,0,2,100,0,Full
11:24:59,100,100,0,2,100,0,Full
11:24:59,100,100,0,2,100,0,Full
11:25:00,100,100,0,2,100,0,Full
11:25:00,100,100,0,2,100,0,Full
11:25:01,100,100,0,2,100,0,Full
11:25:01,100,100,0,2,100,0,Full
11:25:02,100,100,0,2,100,0,Full
11:25:02,100,100,0,2,100,0,Full
11:25:03,100,100,0,2,100,0,Full
11:25:03,100,100,0,2,100,0,Full
11:25:04,100,100,0,2,100,0,Full
11:25:04,100,100,0,2,100,0,Full
11:25:05,100,100,0,2,100,0,Full
11:25:05,100,100,0,2,100,0,Full
11:25:06,100,100,0,2,100,0,Full
11:25:06,100,100,0,2,100,0,Full
11:25:07,100,100,0,2,100,0,Full
11:25:07,100,100,0,2,100,0,Full
11:25:08,100,100,0,2,100,0,Full
11:25:08,100,100,0,2,100,0,Full
11:25:09,100,100,0,2,100,0,Full
11:25:09,100,100,0,2,100,0,Full
11:25:10,100,100,0,2,100,0,Full
11:25:10,100,100,0,2,100,0,Full
11:25:11,100,100,0,2,100,0,Full
11:25:11,100,100,0,2,100,0,Full
11:25:12,100,100,0,2,100,0,Full
11:25:12,100,100,0,2,100,0,Full
11:25:13,100,100,0,2,100,0,Full
11:25:13,100,100,0,2,100,0,Full
11:25:14,100,100,0,2,100,0,Full
11:25:14,100,100,0,2,100,0,Full
11:25:15,100,100,0,2,100,0,Full
11:25:15,100,100,0,2,100,0,Full
11:25:16,100,100,0,2,100,0,Full
11:25:16,100,100,0,2,100,0,Full
11:25:17,100,100,0,2,100,0,Full
11:25:17,100,100,0,2,100,0,Full
11:25:18,100,100,0,2,100,0,Full
11:25:18,100,100,0,2,100,0,Full
11:25:19,100,100,0,2,100,0,Full
11:25:19,100,100,0,2,100,0,Full
11:25:20,100,100,0,2,100,0,Full
11:25:20,100,100,0,2,100,0,Full
11:25:21,100,100,0,2,100,0,Full
11:25:21,100,100,0,2,100,0,Full
11:25:22,100,100,0,2,100,0,Full
11:25:22,100,100,0,2,100,0,Full
11:25:23,100,100,0,2,100,0,Full
11:25:23,100,100,0,2,100,0,Full
11:25:24,100,100,0,2,100,0,Full
11:25:24,100,100,0,2,100,0,Full
11:25:25,100,100,0,2,100,0,Full
11:25:25,100,100,0,2,100,0,Full
11:25:26,100,100,0,2,100,0,Full
11:25:26,100,100,0,2,100,0,Full
11:25:27,100,100,0,2,100,0,Full
11:25:27,100,100,0,2,100,0,Full
11:25:28,100,100,0,2,100,0,Full
11:25:28,100,100,0,2,100,0,Full
11:25:29,100,100,0,2,100,0,Full
11:25:29,100,100,0,2,100,0,Full
11:25:30,100,100,0,2,100,0,Full
11:25:30,100,100,0,2,100,0,Full
11:25:31,100,100,0,2,100,0,Full
11:25:31,100,100,0,2,100,0,Full
11:25:32,100,100,0,2,100,0,Full
11:25:32,100,100,0,2,100,0,Full
11:25:33,100,100,0,2,100,0,Full
11:25:33,100,100,0,2,100,0,Full
11:25:34,100,100,0,2,100,0,Full
11:25:34,100,100,0,2,100,0,Full
11:25:35,100,100,0,2,100,0,Full
11:25:35,100,100,0,2,100,0,Full
11:25:36,100,100,0,2,100,0,Full
11:25:36,100,100,0,2,100,0,Full
11:25:37,100,100,0,2,100,0,Full
11:25:37,100,100,0,2,100,0,Full
11:25:38,100,100,0,2,100,0,Full
11:25:38,100,100,0,2,100,0,Full
11:25:39,100,100,0,2,100,0,Full
11:25:39,100,100,0,2,100,0,Full
11:25:40,100,100,0,2,100,0,Full
11:25:40,100,100,0,2,100,0,Full
11:25:41,100,100,0,2,100,0,Full
11:25:41,100,100,0,2,100,0,Full
11:25:42,100,100,0,2,100,0,Full
11:25:42,100,100,0,2,100,0,Full
11:25:43,100,100,0,2,100,0,Full
11:25:43,100,100,0,2,100,0,Full
11:25:44,100,100,0,2,100,0,Full
11:25:44,100,100,0,2,100,0,Full
11:25:45,100,100,0,2,100,0,Full
11:25:45,100,100,0,2,100,0,Full
11:25:46,100,100,0,2,100,0,Full
11:25:46,100,100,0,2,100,0,Full
11:25:47,100,100,0,2,100,0,Full
11:25:47,100,100,0,2,100,0,Full
11:25:48,100,100,0,2,100,0,Full
11:25:48,100,100,0,2,100,0,Full
11:25:49,100,100,0,2,100,0,Full
11:25:49,100,100,0,2,100,0,Full
11:25:50,100,100,0,2,100,0,Full
11:25:50,100,100,0,2,100,0,Full
11:25:51,100,100,0,2,100,0,Full
11:25:51,100,100,0,2,100,0,Full
11:25:52,100,100,0,2,100,0,Full
11:25:52,100,100,0,2,100,0,Full
11:25:53,100,100,0,2,100,0,Full
11:25:53,100,100,0,2,100,0,Full
11:25:54,100,100,0,2,100,0,Full
11:25:54,100,100,0,2,100,0,Full
11:25:55,100,100,0,2,100,0,Full
11:25:55,100,100,0,2,100,0,Full
11:25:56,100,100,0,2,100,0,Full
11:25:56,100,100,0,2,100,0,Full
11:25:57,100,100,0,2,100,0,Full
11:25:57,100,100,0,2,100,0,Full
11:25:58,100,100,0,2,100,0,Full
11:25:58,100,100,0,2,100,0,Full
11:25:59,100,100,0,2,100,0,Full
11:25:59,100,100,0,2,100,0,Full
11:26:00,100,100,0,2,100,0,Full
11:26:00,100,100,0,2,100,0,Full
11:26:01,100,100,0,2,100,0,Full
11:26:01,100,100,0,2,100,0,Full
11:26:02,100,100,0,2,100,0,Full
11:26:02,100,100,0,2,100,0,Full
11:26:03,100,100,0,2,100,0,Full
11:26:03,100,100,0,2,100,0,Full
11:26:04,100,100,0,2,100,0,Full
11:26:04,100,100,0,2,100,0,Full
11:26:05,100,100,0,2,100,0,Full
11:26:05,100,100,0,2,100,0,Full
11:26:06,100,100,0,2,100,0,Full
11:26:06,100,100,0,2,100,0,Full
11:26:07,100,100,0,2,100,0,Full
11:26:07,100,100,0,2,100,0,Full
11:26:08,100,100,0,2,100,0,Full
11:26:08,100,100,0,2,100,0,Full
11:26:09,100,100,0,2,100,0,Full
11:26:09,100,100,0,2,100,0,Full
11:26:10,100,100,0,2,100,0,Full
11:26:10,100,100,0,2,100,0,Full
11:26:11,100,100,0,2,100,0,Full
11:26:11,100,100,0,2,100,0,Full
11:26:12,100,100,0,2,100,0,Full
11:26:12,100,100,0,2,100,0,Full
11:26:13,100,100,0,2,100,0,Full
11:26:13,100,100,0,2,100,0,Full
11:26:14,100,100,0,2,100,0,Full
11:26:14,100,100,0,2,100,0,Full
11:26:15,100,100,0,2,100,0,Full
11:26:15,100,100,0,2,100,0,Full
11:26:16,100,100,0,2,100,0,Full
11:26:16,100,100,0,2,100,0,Full
11:26:17,100,100,0,2,100,0,Full
11:26:17,100,100,0,2,100,0,Full
11:26:18,100,100,0,2,100,0,Full
11:26:18,100,100,0,2,100,0,Full
11:26:19,100,100,0,2,100,0,Full
11:26:19,100,100,0,2,100,0,Full
11:26:20,100,100,0,2,100,0,Full
11:26:20,100,100,0,2,100,0,Full
11:26:21,100,100,0,2,100,0,Full
11:26:21,100,100,0,2,100,0,Full
11:26:22,100,100,0,2,100,0,Full
11:26:22,100,100,0,2,100,0,Full
11:26:23,100,100,0,2,100,0,Full
11:26:23,100,100,0,2,100,0,Full
11:26:24,100,100,0,2,100,0,Full
11:26:24,100,100,0,2,100,0,Full
11:26:25,100,100,0,2,100,0,Full
11:26:25,100,100,0,2,100,0,Full
11:26:26,100,100,0,2,100,0,Full
11:26:26,100,100,0,2,100,0,Full
11:26:27,100,100,0,2,100,0,Full
11:26:27,100,100,0,2,100,0,Full
11:26:28,100,100,0,2,100,0,Full
11:26:28,100,100,0,2,100,0,Full
11:26:29,100,100,0,2,100,0,Full
11:26:29,100,100,0,2,100,0,Full
11:26:30,100,100,0,2,100,0,Full
11:26:30,100,100,0,2,100,0,Full
11:26:31,100,100,0,2,100,0,Full
11:26:31,100,100,0,2,100,0,Full
11:26:32,100,100,0,2,100,0,Full
11:26:32,100,100,0,2,100,0,Full
11:26:33,100,100,0,2,100,0,Full
11:26:33,100,100,0,2,100,0,Full
11:26:34,100,100,0,2,100,0,Full
11:26:34,100,100,0,2,100,0,Full
11:26:35,100,100,0,2,100,0,Full
11:26:35,100,100,0,2,100,0,Full
11:26:36,100,100,0,2,100,0,Full
11:26:36,100,100,0,2,100,0,Full
11:26:37,100,100,0,2,100,0,Full
11:26:37,100,100,0,2,100,0,Full
11:26:38,100,100,0,2,100,0,Full
11:26:38,100,100,0,2,100,0,Full
11:26:39,100,100,0,2,100,0,Full
11:26:39,100,100,0,2,100,0,Full
11:26:40,100,100,0,2,100,0,Full
11:26:40,100,100,0,2,100,0,Full
11:26:41,100,100,0,2,100,0,Full
11:26:41,100,100,0,2,100,0,Full
11:26:42,100,100,0,2,100,0,Full
11:26:42,100,100,0,2,100,0,Full
11:26:43,100,100,0,2,100,0,Full
11:26:43,100,100,0,2,100,0,Full
11:26:44,100,100,0,2,100,0,Full
11:26:44,100,100,0,2,100,0,Full
11:26:45,100,100,0,2,100,0,Full
11:26:45,100,100,0,2,100,0,Full
11:26:46,100,100,0,2,100,0,Full
11:26:46,100,100,0,2,100,0,Full
11:26:47,100,100,0,2,100,0,Full
11:26:47,100,100,0,2,100,0,Full
11:26:48,100,100,0,2,100,0,Full
11:26:48,100,100,0,2,100,0,Full
11:26:49,100,100,0,2,100,0,Full
11:26:49,100,100,0,2,100,0,Full
11:26:50,100,100,0,2,100,0,Full
11:26:50,100,100,0,2,100,0,Full
11:26:51,100,100,0,2,100,0,Full
11:26:51,100,100,0,2,100,0,Full
11:26:52,100,100,0,2,100,0,Full
11:26:52,100,100,0,2,100,0,Full
11:26:53,100,100,0,2,100,0,Full
11:26:53,100,100,0,2,100,0,Full
11:26:54,100,100,0,2,100,0,Full
11:26:54,100,100,0,2,100,0,Full
11:26:55,100,100,0,2,100,0,Full
11:26:55,100,100,0,2,100,0,Full
11:26:56,100,100,0,2,100,0,Full
11:26:56,100,100,0,2,100,0,Full
11:26:57,100,100,0,2,100,0,Full
11:26:57,100,100,0,2,100,0,Full
11:26:58,100,100,0,2,100,0,Full
11:26:58,100,100,0,2,100,0,Full
11:26:59,100,100,0,2,100,0,Full
11:26:59,100,100,0,2,100,0,Full
11:27:00,100,100,0,2,100,0,Full
11:27:00,100,100,0,2,100,0,Full
11:27:01,100,100,0,2,100,0,Full
11:27:01,100,100,0,2,100,0,Full
11:27:02,100,100,0,2,100,0,Full
11:27:02,100,100,0,2,100,0,Full
11:27:03,100,100,0,2,100,0,Full
11:27:03,100,100,0,2,100,0,Full
11:27:04,100,100,0,2,100,0,Full
11:27:04,100,100,0,2,100,0,Full
11:27:05,100,100,0,2,100,0,Full
11:27:05,100,100,0,2,100,0,Full
11:27:06,100,100,0,2,100,0,Full
11:27:06,100,100,0,2,100,0,Full
11:27:07,100,100,0,2,100,0,Full
11:27:07,100,100,0,2,100,0,Full
11:27:08,100,100,0,2,100,0,Full
11:27:08,100,100,0,2,100,0,Full
11:27:09,100,100,0,2,100,0,Full
11:27:09,100,100,0,2,100,0,Full
11:27:10,100,100,0,2,100,0,Full
11:27:10,100,100,0,2,100,0,Full
11:27:11,100,100,0,2,100,0,Full
11:27:11,100,100,0,2,100,0,Full
11:27:12,100,100,0,2,100,0,Full
11:27:12,100,100,0,2,100,0,Full
11:27:13,100,100,0,2,100,0,Full
11:27:13,100,100,0,2,100,0,Full
11:27:14,100,100,0,2,100,0,Full
11:27:14,100,100,0,2,100,0,Full
11:27:15,100,100,0,2,100,0,Full
11:27:15,100,100,0,2,100,0,Full
11:27:16,100,100,0,2,100,0,Full
11:27:16,100,100,0,2,100,0,Full
11:27:17,100,100,0,2,100,0,Full
11:27:17,100,100,0,2,100,0,Full
11:27:18,100,100,0,2,100,0,Full
11:27:18,100,100,0,2,100,0,Full
11:27:19,100,100,0,2,100,0,Full
11:27:19,100,100,0,2,100,0,Full
11:27:20,100,100,0,2,100,0,Full
11:27:20,100,100,0,2,100,0,Full
11:27:21,100,100,0,2,100,0,Full
11:27:21,100,100,0,2,100,0,Full
11:27:22,100,100,0,2,100,0,Full
11:27:22,100,100,0,2,100,0,Full
11:27:23,100,100,0,2,100,0,Full
11:27:23,100,100,0,2,100,0,Full
11:27:24,100,100,0,2,100,0,Full
11:27:24,100,100,0,2,100,0,Full
11:27:25,100,100,0,2,100,0,Full
11:27:25,100,100,0,2,100,0,Full
11:27:26,100,100,0,2,100,0,Full
11:27:26,100,100,0,2,100,0,Full
11:27:27,100,100,0,2,100,0,Full
11:27:27,100,100,0,2,100,0,Full
11:27:28,100,100,0,2,100,0,Full
11:27:28,100,100,0,2,100,0,Full
11:27:29,100,100,0,2,100,0,Full
11:27:29,100,100,0,2,100,0,Full
11:27:30,100,100,0,2,100,0,Full
11:27:30,100,100,0,2,100,0,Full
11:27:31,100,100,0,2,100,0,Full
11:27:31,100,100,0,2,100,0,Full
11:27:32,100,100,0,2,100,0,Full
11:27:32,100,100,0,2,100,0,Full
11:27:33,100,100,0,2,100,0,Full
11:27:33,100,100,0,2,100,0,Full
11:27:34,100,100,0,2,100,0,Full
11:27:34,100,100,0,2,100,0,Full
11:27:35,100,100,0,2,100,0,Full
11:27:35,100,100,0,2,100,0,Full
11:27:36,100,100,0,2,100,0,Full
11:27:36,100,100,0,2,100,0,Full
11:27:37,100,100,0,2,100,0,Full
11:27:37,100,100,0,2,100,0,Full
11:27:38,100,100,0,2,100,0,Full
11:27:38,100,100,0,2,100,0,Full
11:27:39,100,100,0,2,100,0,Full
11:27:39,100,100,0,2,100,0,Full
11:27:40,100,100,0,2,100,0,Full
11:27:40,100,100,0,2,100,0,Full
11:27:41,100,100,0,2,100,0,Full
11:27:41,100,100,0,2,100,0,Full
11:27:42,100,100,0,2,100,0,Full
11:27:42,100,100,0,2,100,0,Full
11:27:43,100,100,0,2,100,0,Full
11:27:43,100,100,0,2,100,0,Full
11:27:44,100,100,0,2,100,0,Full
11:27:44,100,100,0,2,100,0,Full
11:27:45,100,100,0,2,100,0,Full
11:27:45,100,100,0,2,100,0,Full
11:27:46,100,100,0,2,100,0,Full
11:27:46,100,100,0,2,100,0,Full
11:27:47,100,100,0,2,100,0,Full
11:27:47,100,100,0,2,100,0,Full
11:27:48,100,100,0,2,100,0,Full
11:27:48,100,100,0,2,100,0,Full
11:27:49,100,100,0,2,100,0,Full
11:27:49,100,100,0,2,100,0,Full
11:27:50,100,100,0,2,100,0,Full
11:27:50,100,100,0,2,100,0,Full
11:27:51,100,100,0,2,100,0,Full
11:27:51,100,100,0,2,100,0,Full
11:27:52,100,100,0,2,100,0,Full
11:27:52,100,100,0,2,100,0,Full
11:27:53,100,100,0,2,100,0,Full
11:27:53,100,100,0,2,100,0,Full
11:27:54,100,100,0,2,100,0,Full
11:27:54,100,100,0,2,100,0,Full
11:27:55,100,100,0,2,100,0,Full
11:27:55,100,100,0,2,100,0,Full
11:27:56,100,100,0,2,100,0,Full
11:27:56,100,100,0,2,100,0,Full
11:27:57,100,100,0,2,100,0,Full
11:27:57,100,100,0,2,100,0,Full
11:27:58,100,100,0,2,100,0,Full
11:27:58,100,100,0,2,100,0,Full
11:27:59,100,100,0,2,100,0,Full
11:27:59,100,100,0,2,100,0,Full
11:28:00,100,100,0,2,100,0,Full
11:28:00,100,100,0,2,100,0,Full
11:28:01,100,100,0,2,100,0,Full
11:28:01,100,100,0,2,100,0,Full
11:28:02,100,100,0,2,100,0,Full
11:28:02,100,100,0,2,100,0,Full
11:28:03,100,100,0,2,100,0,Full
11:28:03,100,100,0,2,100,0,Full
11:28:04,100,100,0,2,100,0,Full
11:28:04,100,100,0,2,100,0,Full
11:28:05,100,100,0,2,100,0,Full
11:28:05,100,100,0,2,100,0,Full
11:28:06,100,100,0,2,100,0,Full
11:28:06,100,100,0,2,100,0,Full
11:28:07,100,100,0,2,100,0,Full
11:28:07,100,100,0,2,100,0,Full
11:28:08,100,100,0,2,100,0,Full
11:28:08,100,100,0,2,100,0,Full
11:28:09,100,100,0,2,100,0,Full
11:28:09,100,100,0,2,100,0,Full
11:28:10,100,100,0,2,100,0,Full
11:28:10,100,100,0,2,100,0,Full
11:28:11,100,100,0,2,100,0,Full
11:28:11,100,100,0,2,100,0,Full
11:28:12,100,100,0,2,100,0,Full
11:28:12,100,100,0,2,100,0,Full
11:28:13,100,100,0,2,100,0,Full
11:28:13,100,100,0,2,100,0,Full
11:28:14,100,100,0,2,100,0,Full
11:28:14,100,100,0,2,100,0,Full
11:28:15,100,100,0,2,100,0,Full
11:28:15,100,100,0,2,100,0,Full
11:28:16,100,100,0,2,100,0,Full
11:28:16,100,100,0,2,100,0,Full
11:28:17,100,100,0,2,100,0,Full
11:28:17,100,100,0,2,100,0,Full
11:28:18,100,100,0,2,100,0,Full
11:28:18,100,100,0,2,100,0,Full
11:28:19,100,100,0,2,100,0,Full
11:28:19,100,100,0,2,100,0,Full
11:28:20,100,100,0,2,100,0,Full
11:28:20,100,100,0,2,100,0,Full
11:28:21,100,100,0,2,100,0,Full
11:28:21,100,100,0,2,100,0,Full
11:28:22,100,100,0,2,100,0,Full
11:28:22,100,100,0,2,100,0,Full
11:28:23,100,100,0,2,100,0,Full
11:28:23,100,100,0,2,100,0,Full
11:28:24,100,100,0,2,100,0,Full
11:28:24,100,100,0,2,100,0,Full
11:28:25,100,100,0,2,100,0,Full
11:28:25,100,100,0,2,100,0,Full
11:28:26,100,100,0,2,100,0,Full
11:28:26,100,100,0,2,100,0,Full
11:28:27,100,100,0,2,100,0,Full
11:28:27,100,100,0,2,100,0,Full
11:28:28,100,100,0,2,100,0,Full
11:28:28,100,100,0,2,100,0,Full
11:28:29,100,100,0,2,100,0,Full
11:28:29,100,100,0,2,100,0,Full
11:28:30,100,100,0,2,100,0,Full
11:28:30,100,100,0,2,100,0,Full
11:28:31,100,100,0,2,100,0,Full
11:28:31,100,100,0,2,100,0,Full
11:28:32,100,100,0,2,100,0,Full
11:28:32,100,100,0,2,100,0,Full
11:28:33,100,100,0,2,100,0,Full
11:28:33,100,100,0,2,100,0,Full
11:28:34,100,100,0,2,100,0,Full
11:28:34,100,100,0,2,100,0,Full
11:28:35,100,100,0,2,100,0,Full
11:28:35,100,100,0,2,100,0,Full
11:28:36,100,100,0,2,100,0,Full
11:28:36,100,100,0,2,100,0,Full
11:28:37,100,100,0,2,100,0,Full
11:28:37,100,100,0,2,100,0,Full
11:28:38,100,100,0,2,100,0,Full
11:28:38,100,100,0,2,100,0,Full
11:28:39,100,100,0,2,100,0,Full
11:28:39,100,100,0,2,100,0,Full
11:28:40,100,100,0,2,100,0,Full
11:28:40,100,100,0,2,100,0,Full
11:28:41,100,100,0,2,100,0,Full
11:28:41,100,100,0,2,100,0,Full
11:28:42,100,100,0,2,100,0,Full
11:28:42,100,100,0,2,100,0,Full
11:28:43,100,100,0,2,100,0,Full
11:28:43,100,100,0,2,100,0,Full
11:28:44,100,100,0,2,100,0,Full
11:28:44,100,100,0,2,100,0,Full
11:28:45,100,100,0,2,100,0,Full
11:28:45,100,100,0,2,100,0,Full
11:28:46,100,100,0,2,100,0,Full
11:28:46,100,100,0,2,100,0,Full
11:28:47,100,100,0,2,100,0,Full
11:28:47,100,100,0,2,100,0,Full
11:28:48,100,100,0,2,100,0,Full
11:28:48,100,100,0,2,100,0,Full
11:28:49,100,100,0,2,100,0,Full
11:28:49,100,100,0,2,100,0,Full
11:28:50,100,100,0,2,100,0,Full
11:28:50,100,100,0,2,100,0,Full
11:28:51,100,100,0,2,100,0,Full
11:28:51,100,100,0,2,100,0,Full
11:28:52,100,100,0,2,100,0,Full
11:28:52,100,100,0,2,100,0,Full
11:28:53,100,100,0,2,100,0,Full
11:28:53,100,100,0,2,100,0,Full
11:28:54,100,100,0,2,100,0,Full
11:28:54,100,100,0,2,100,0,Full
11:28:55,100,100,0,2,100,0,Full
11:28:55,100,100,0,2,100,0,Full
11:28:56,100,100,0,2,100,0,Full
11:28:56,100,100,0,2,100,0,Full
11:28:57,100,100,0,2,100,0,Full
11:28:58,100,100,0,2,100,0,Full
11:28:58,100,100,0,2,100,0,Full
11:28:59,100,100,0,2,100,0,Full
11:28:59,100,100,0,2,100,0,Full
11:29:00,100,100,0,2,100,0,Full
11:29:00,100,100,0,2,100,0,Full
11:29:01,100,100,0,2,100,0,Full
11:29:01,100,100,0,2,100,0,Full
11:29:02,100,100,0,2,100,0,Full
11:29:02,100,100,0,2,100,0,Full
11:29:03,100,100,0,2,100,0,Full
11:29:03,100,100,0,2,100,0,Full
11:29:04,100,100,0,2,100,0,Full
11:29:04,100,100,0,2,100,0,Full
11:29:05,100,100,0,2,100,0,Full
11:29:05,100,100,0,2,100,0,Full
11:29:06,100,100,0,2,100,0,Full
11:29:06,100,100,0,2,100,0,Full
11:29:07,100,100,0,2,100,0,Full
11:29:07,100,100,0,2,100,0,Full
11:29:08,100,100,0,2,100,0,Full
11:29:08,100,100,0,2,100,0,Full
11:29:09,100,100,0,2,100,0,Full
11:29:09,100,100,0,2,100,0,Full
11:29:10,100,100,0,2,100,0,Full
11:29:10,100,100,0,2,100,0,Full
11:29:11,100,100,0,2,100,0,Full
11:29:11,100,100,0,2,100,0,Full
11:29:12,100,100,0,2,100,0,Full
11:29:12,100,100,0,2,100,0,Full
11:29:13,100,100,0,2,100,0,Full
11:29:13,100,100,0,2,100,0,Full
11:29:14,100,100,0,2,100,0,Full
11:29:14,100,100,0,2,100,0,Full
11:29:15,100,100,0,2,100,0,Full
11:29:15,100,100,0,2,100,0,Full
11:29:16,100,100,0,2,100,0,Full
11:29:16,100,100,0,2,100,0,Full
11:29:17,100,100,0,2,100,0,Full
11:29:17,100,100,0,2,100,0,Full
11:29:18,100,100,0,2,100,0,Full
11:29:18,100,100,0,2,100,0,Full
11:29:19,100,100,0,2,100,0,Full
11:29:19,100,100,0,2,100,0,Full
11:29:20,100,100,0,2,100,0,Full
11:29:20,100,100,0,2,100,0,Full
11:29:21,100,100,0,2,100,0,Full
11:29:21,100,100,0,2,100,0,Full
11:29:22,100,100,0,2,100,0,Full
11:29:22,100,100,0,2,100,0,Full
11:29:23,100,100,0,2,100,0,Full
11:29:23,100,100,0,2,100,0,Full
11:29:24,100,100,0,2,100,0,Full
11:29:24,100,100,0,2,100,0,Full
11:29:25,100,100,0,2,100,0,Full
11:29:25,100,100,0,2,100,0,Full
11:29:26,100,100,0,2,100,0,Full
11:29:26,100,100,0,2,100,0,Full
11:29:27,100,100,0,2,100,0,Full
11:29:27,100,100,0,2,100,0,Full
11:29:28,100,100,0,2,100,0,Full
11:29:28,100,100,0,2,100,0,Full
11:29:29,100,100,0,2,100,0,Full
11:29:29,100,100,0,2,100,0,Full
11:29:30,100,100,0,2,100,0,Full
11:29:30,100,100,0,2,100,0,Full
11:29:31,100,100,0,2,100,0,Full
11:29:31,100,100,0,2,100,0,Full
11:29:32,100,100,0,2,100,0,Full
11:29:32,100,100,0,2,100,0,Full
11:29:33,100,100,0,2,100,0,Full
11:29:33,100,100,0,2,100,0,Full
11:29:34,100,100,0,2,100,0,Full
11:29:34,100,100,0,2,100,0,Full
11:29:35,100,100,0,2,100,0,Full
11:29:35,100,100,0,2,100,0,Full
11:29:36,100,100,0,2,100,0,Full
11:29:36,100,100,0,2,100,0,Full
11:29:37,100,100,0,2,100,0,Full
11:29:37,100,100,0,2,100,0,Full
11:29:38,100,100,0,2,100,0,Full
11:29:38,100,100,0,2,100,0,Full
11:29:39,100,100,0,2,100,0,Full
11:29:39,100,100,0,2,100,0,Full
11:29:40,100,100,0,2,100,0,Full
11:29:40,100,100,0,2,100,0,Full
11:29:41,100,100,0,2,100,0,Full
11:29:41,100,100,0,2,100,0,Full
11:29:42,100,100,0,2,100,0,Full
11:29:42,100,100,0,2,100,0,Full
11:29:43,100,100,0,2,100,0,Full
11:29:43,100,100,0,2,100,0,Full
11:29:44,100,100,0,2,100,0,Full
11:29:44,100,100,0,2,100,0,Full
11:29:45,100,100,0,2,100,0,Full
11:29:45,100,100,0,2,100,0,Full
11:29:46,100,100,0,2,100,0,Full
11:29:46,100,100,0,2,100,0,Full
11:29:47,100,100,0,2,100,0,Full
11:29:47,100,100,0,2,100,0,Full
11:29:48,100,100,0,2,100,0,Full
11:29:48,100,100,0,2,100,0,Full
11:29:49,100,100,0,2,100,0,Full
11:29:49,100,100,0,2,100,0,Full
11:29:50,100,100,0,2,100,0,Full
11:29:50,100,100,0,2,100,0,Full
11:29:51,100,100,0,2,100,0,Full
11:29:51,100,100,0,2,100,0,Full
11:29:52,100,100,0,2,100,0,Full
11:29:52,100,100,0,2,100,0,Full
11:29:53,100,100,0,2,100,0,Full
11:29:53,100,100,0,2,100,0,Full
11:29:54,100,100,0,2,100,0,Full
11:29:54,100,100,0,2,100,0,Full
11:29:55,100,100,0,2,100,0,Full
11:29:55,100,100,0,2,100,0,Full
11:29:56,100,100,0,2,100,0,Full
11:29:56,100,100,0,2,100,0,Full
11:29:57,100,100,0,2,100,0,Full
11:29:57,100,100,0,2,100,0,Full
11:29:58,100,100,0,2,100,0,Full
11:29:58,100,100,0,2,100,0,Full
11:29:59,100,100,0,2,100,0,Full
11:29:59,100,100,0,2,100,0,Full
11:30:00,100,100,0,2,100,0,Full
11:30:00,100,100,0,2,100,0,Full
11:30:01,100,100,0,2,100,0,Full
11:30:01,100,100,0,2,100,0,Full
11:30:02,100,100,0,2,100,0,Full
11:30:02,100,100,0,2,100,0,Full
11:30:03,100,100,0,2,100,0,Full
11:30:03,100,100,0,2,100,0,Full
11:30:04,100,100,0,2,100,0,Full
11:30:04,100,100,0,2,100,0,Full
11:30:05,100,100,0,2,100,0,Full
11:30:05,100,100,0,2,100,0,Full
11:30:06,100,100,0,2,100,0,Full
11:30:06,100,100,0,2,100,0,Full
11:30:07,100,100,0,2,100,0,Full
11:30:07,100,100,0,2,100,0,Full
11:30:08,100,100,0,2,100,0,Full
11:30:08,100,100,0,2,100,0,Full
11:30:09,100,100,0,2,100,0,Full
11:30:09,100,100,0,2,100,0,Full
11:30:10,100,100,0,2,100,0,Full
11:30:10,100,100,0,2,100,0,Full
11:30:11,100,100,0,2,100,0,Full
11:30:11,100,100,0,2,100,0,Full
11:30:12,100,100,0,2,100,0,Full
11:30:12,100,100,0,2,100,0,Full
11:30:13,100,100,0,2,100,0,Full
11:30:13,100,100,0,2,100,0,Full
11:30:14,100,100,0,2,100,0,Full
11:30:14,100,100,0,2,100,0,Full
11:30:15,100,100,0,2,100,0,Full
11:30:15,100,100,0,2,100,0,Full
11:30:16,100,100,0,2,100,0,Full
11:30:16,100,100,0,2,100,0,Full
11:30:17,100,100,0,2,100,0,Full
11:30:17,100,100,0,2,100,0,Full
11:30:18,100,100,0,2,100,0,Full
11:30:18,100,100,0,2,100,0,Full
11:30:19,100,100,0,2,100,0,Full
11:30:19,100,100,0,2,100,0,Full
11:30:20,100,100,0,2,100,0,Full
11:30:20,100,100,0,2,100,0,Full
11:30:21,100,100,0,2,100,0,Full
11:30:21,100,100,0,2,100,0,Full
11:30:22,100,100,0,2,100,0,Full
11:30:22,100,100,0,2,100,0,Full
11:30:23,100,100,0,2,100,0,Full
11:30:23,100,100,0,2,100,0,Full
11:30:24,100,100,0,2,100,0,Full
11:30:24,100,100,0,2,100,0,Full
11:30:25,100,100,0,2,100,0,Full
11:30:25,100,100,0,2,100,0,Full
11:30:26,100,100,0,2,100,0,Full
11:30:26,100,100,0,2,100,0,Full
11:30:27,100,100,0,2,100,0,Full
11:30:27,100,100,0,2,100,0,Full
11:30:28,100,100,0,2,100,0,Full
11:30:28,100,100,0,2,100,0,Full
11:30:29,100,100,0,2,100,0,Full
11:30:29,100,100,0,2,100,0,Full
11:30:30,100,100,0,2,100,0,Full
11:30:30,100,100,0,2,100,0,Full
11:30:31,100,100,0,2,100,0,Full
11:30:31,100,100,0,2,100,0,Full
11:30:32,100,100,0,2,100,0,Full
11:30:32,100,100,0,2,100,0,Full
11:30:33,100,100,0,2,100,0,Full
11:30:33,100,100,0,2,100,0,Full
11:30:34,100,100,0,2,100,0,Full
11:30:34,100,100,0,2,100,0,Full
11:30:35,100,100,0,2,100,0,Full
11:30:35,100,100,0,2,100,0,Full
11:30:36,100,100,0,2,100,0,Full
11:30:36,100,100,0,2,100,0,Full
11:30:37,100,100,0,2,100,0,Full
11:30:37,100,100,0,2,100,0,Full
11:30:38,100,100,0,2,100,0,Full
11:30:38,100,100,0,2,100,0,Full
11:30:39,100,100,0,2,100,0,Full
11:30:39,100,100,0,2,100,0,Full
11:30:40,100,100,0,2,100,0,Full
11:30:40,100,100,0,2,100,0,Full
11:30:41,100,100,0,2,100,0,Full
11:30:41,100,100,0,2,100,0,Full
11:30:42,100,100,0,2,100,0,Full
11:30:42,100,100,0,2,100,0,Full
11:30:43,100,100,0,2,100,0,Full
11:30:43,100,100,0,2,100,0,Full
11:30:44,100,100,0,2,100,0,Full
11:30:44,100,100,0,2,100,0,Full
11:30:45,100,100,0,2,100,0,Full
11:30:45,100,100,0,2,100,0,Full
11:30:46,100,100,0,2,100,0,Full
11:30:46,100,100,0,2,100,0,Full
11:30:47,100,100,0,2,100,0,Full
11:30:47,100,100,0,2,100,0,Full
11:30:48,100,100,0,2,100,0,Full
11:30:48,100,100,0,2,100,0,Full
11:30:49,100,100,0,2,100,0,Full
11:30:49,100,100,0,2,100,0,Full
11:30:50,100,100,0,2,100,0,Full
11:30:50,100,100,0,2,100,0,Full
11:30:51,100,100,0,2,100,0,Full
11:30:51,100,100,0,2,100,0,Full
11:30:52,100,100,0,2,100,0,Full
11:30:52,100,100,0,2,100,0,Full
11:30:53,100,100,0,2,100,0,Full
11:30:53,100,100,0,2,100,0,Full
11:30:54,100,100,0,2,100,0,Full
11:30:54,100,100,0,2,100,0,Full
11:30:55,100,100,0,2,100,0,Full
11:30:55,100,100,0,2,100,0,Full
11:30:56,100,100,0,2,100,0,Full
11:30:56,100,100,0,2,100,0,Full
11:30:57,100,100,0,2,100,0,Full
11:30:57,100,100,0,2,100,0,Full
11:30:58,100,100,0,2,100,0,Full
11:30:58,100,100,0,2,100,0,Full
11:30:59,100,100,0,2,100,0,Full
11:30:59,100,100,0,2,100,0,Full
11:31:00,100,100,0,2,100,0,Full
11:31:00,100,100,0,2,100,0,Full
11:31:01,100,100,0,2,100,0,Full
11:31:01,100,100,0,2,100,0,Full
11:31:02,100,100,0,2,100,0,Full
11:31:02,100,100,0,2,100,0,Full
11:31:03,100,100,0,2,100,0,Full
11:31:03,100,100,0,2,100,0,Full
11:31:04,100,100,0,2,100,0,Full
11:31:04,100,100,0,2,100,0,Full
11:31:05,100,100,0,2,100,0,Full
11:31:05,100,100,0,2,100,0,Full
11:31:06,100,100,0,2,100,0,Full
11:31:06,100,100,0,2,100,0,Full
11:31:07,100,100,0,2,100,0,Full
11:31:07,100,100,0,2,100,0,Full
11:31:08,100,100,0,2,100,0,Full
11:31:08,100,100,0,2,100,0,Full
11:31:09,100,100,0,2,100,0,Full
11:31:09,100,100,0,2,100,0,Full
11:31:10,100,100,0,2,100,0,Full
11:31:10,100,100,0,2,100,0,Full
11:31:11,100,100,0,2,100,0,Full
11:31:11,100,100,0,2,100,0,Full
11:31:12,100,100,0,2,100,0,Full
11:31:12,100,100,0,2,100,0,Full
11:31:13,100,100,0,2,100,0,Full
11:31:13,100,100,0,2,100,0,Full
11:31:14,100,100,0,2,100,0,Full
11:31:14,100,100,0,2,100,0,Full
11:31:15,100,100,0,2,100,0,Full
11:31:15,100,100,0,2,100,0,Full
11:31:16,100,100,0,2,100,0,Full
11:31:16,100,100,0,2,100,0,Full
11:31:17,100,100,0,2,100,0,Full
11:31:17,100,100,0,2,100,0,Full
11:31:18,100,100,0,2,100,0,Full
11:31:18,100,100,0,2,100,0,Full
11:31:19,100,100,0,2,100,0,Full
11:31:19,100,100,0,2,100,0,Full
11:31:20,100,100,0,2,100,0,Full
11:31:20,100,100,0,2,100,0,Full
11:31:21,100,100,0,2,100,0,Full
11:31:21,100,100,0,2,100,0,Full
11:31:22,100,100,0,2,100,0,Full
11:31:22,100,100,0,2,100,0,Full
11:31:23,100,100,0,2,100,0,Full
11:31:23,100,100,0,2,100,0,Full
11:31:24,100,100,0,2,100,0,Full
11:31:24,100,100,0,2,100,0,Full
11:31:25,100,100,0,2,100,0,Full
11:31:25,100,100,0,2,100,0,Full
11:31:26,100,100,0,2,100,0,Full
11:31:26,100,100,0,2,100,0,Full
11:31:27,100,100,0,2,100,0,Full
11:31:27,100,100,0,2,100,0,Full
11:31:28,100,100,0,2,100,0,Full
11:31:28,100,100,0,2,100,0,Full
11:31:29,100,100,0,2,100,0,Full
11:31:29,100,100,0,2,100,0,Full
11:31:30,100,100,0,2,100,0,Full
11:31:30,100,100,0,2,100,0,Full
11:31:31,100,100,0,2,100,0,Full
11:31:31,100,100,0,2,100,0,Full
11:31:32,100,100,0,2,100,0,Full
11:31:32,100,100,0,2,100,0,Full
11:31:33,100,100,0,2,100,0,Full
11:31:33,100,100,0,2,100,0,Full
11:31:34,100,100,0,2,100,0,Full
11:31:34,100,100,0,2,100,0,Full
11:31:35,100,100,0,2,100,0,Full
11:31:35,100,100,0,2,100,0,Full
11:31:36,100,100,0,2,100,0,Full
11:31:36,100,100,0,2,100,0,Full
11:31:37,100,100,0,2,100,0,Full
11:31:37,100,100,0,2,100,0,Full
11:31:38,100,100,0,2,100,0,Full
11:31:38,100,100,0,2,100,0,Full
11:31:39,100,100,0,2,100,0,Full
11:31:39,100,100,0,2,100,0,Full
11:31:40,100,100,0,2,100,0,Full
11:31:40,100,100,0,2,100,0,Full
11:31:41,100,100,0,2,100,0,Full
11:31:41,100,100,0,2,100,0,Full
11:31:42,100,100,0,2,100,0,Full
11:31:42,100,100,0,2,100,0,Full
11:31:43,100,100,0,2,100,0,Full
11:31:43,100,100,0,2,100,0,Full
11:31:44,100,100,0,2,100,0,Full
11:31:44,100,100,0,2,100,0,Full
11:31:45,100,100,0,2,100,0,Full
11:31:45,100,100,0,2,100,0,Full
11:31:46,100,100,0,2,100,0,Full
11:31:46,100,100,0,2,100,0,Full
11:31:47,100,100,0,2,100,0,Full
11:31:47,100,100,0,2,100,0,Full
11:31:48,100,100,0,2,100,0,Full
11:31:48,100,100,0,2,100,0,Full
11:31:49,100,100,0,2,100,0,Full
11:31:49,100,100,0,2,100,0,Full
11:31:50,100,100,0,2,100,0,Full
11:31:50,100,100,0,2,100,0,Full
11:31:51,100,100,0,2,100,0,Full
11:31:51,100,100,0,2,100,0,Full
11:31:52,100,100,0,2,100,0,Full
11:31:52,100,100,0,2,100,0,Full
11:31:53,100,100,0,2,100,0,Full
11:31:53,100,100,0,2,100,0,Full
11:31:54,100,100,0,2,100,0,Full
11:31:54,100,100,0,2,100,0,Full
11:31:55,100,100,0,2,100,0,Full
11:31:55,100,100,0,2,100,0,Full
11:31:56,100,100,0,2,100,0,Full
11:31:56,100,100,0,2,100,0,Full
11:31:57,100,100,0,2,100,0,Full
11:31:57,100,100,0,2,100,0,Full
11:31:58,100,100,0,2,100,0,Full
11:31:58,100,100,0,2,100,0,Full
11:31:59,100,100,0,2,100,0,Full
11:31:59,100,100,0,2,100,0,Full
11:32:00,100,100,0,2,100,0,Full
11:32:00,100,100,0,2,100,0,Full
11:32:01,100,100,0,2,100,0,Full
11:32:01,100,100,0,2,100,0,Full
11:32:02,100,100,0,2,100,0,Full
11:32:02,100,100,0,2,100,0,Full
11:32:03,100,100,0,2,100,0,Full
11:32:03,100,100,0,2,100,0,Full
11:32:04,100,100,0,2,100,0,Full
11:32:04,100,100,0,2,100,0,Full
11:32:05,100,100,0,2,100,0,Full
11:32:05,100,100,0,2,100,0,Full
11:32:06,100,100,0,2,100,0,Full
11:32:06,100,100,0,2,100,0,Full
11:32:07,100,100,0,2,100,0,Full
11:32:07,100,100,0,2,100,0,Full
11:32:08,100,100,0,2,100,0,Full
11:32:08,100,100,0,2,100,0,Full
11:32:09,100,100,0,2,100,0,Full
11:32:09,100,100,0,2,100,0,Full
11:32:10,100,100,0,2,100,0,Full
11:32:10,100,100,0,2,100,0,Full
11:32:11,100,100,0,2,100,0,Full
11:32:11,100,100,0,2,100,0,Full
11:32:12,100,100,0,2,100,0,Full
11:32:12,100,100,0,2,100,0,Full
11:32:13,100,100,0,2,100,0,Full
11:32:13,100,100,0,2,100,0,Full
11:32:14,100,100,0,2,100,0,Full
11:32:14,100,100,0,2,100,0,Full
11:32:15,100,100,0,2,100,0,Full
11:32:15,100,100,0,2,100,0,Full
11:32:16,100,100,0,2,100,0,Full
11:32:16,100,100,0,2,100,0,Full
11:32:17,100,100,0,2,100,0,Full
11:32:17,100,100,0,2,100,0,Full
11:32:18,100,100,0,2,100,0,Full
11:32:18,100,100,0,2,100,0,Full
11:32:19,100,100,0,2,100,0,Full
11:32:19,100,100,0,2,100,0,Full
11:32:20,100,100,0,2,100,0,Full
11:32:20,100,100,0,2,100,0,Full
11:32:21,100,100,0,2,100,0,Full
11:32:21,100,100,0,2,100,0,Full
11:32:22,100,100,0,2,100,0,Full
11:32:22,100,100,0,2,100,0,Full
11:32:23,100,100,0,2,100,0,Full
11:32:23,100,100,0,2,100,0,Full
11:32:24,100,100,0,2,100,0,Full
11:32:24,100,100,0,2,100,0,Full
11:32:25,100,100,0,2,100,0,Full
11:32:25,100,100,0,2,100,0,Full
11:32:26,100,100,0,2,100,0,Full
11:32:26,100,100,0,2,100,0,Full
11:32:27,100,100,0,2,100,0,Full
11:32:27,100,100,0,2,100,0,Full
11:32:28,100,100,0,2,100,0,Full
11:32:28,100,100,0,2,100,0,Full
11:32:29,100,100,0,2,100,0,Full
11:32:29,100,100,0,2,100,0,Full
11:32:30,100,100,0,2,100,0,Full
11:32:30,100,100,0,2,100,0,Full
11:32:31,100,100,0,2,100,0,Full
11:32:31,100,100,0,2,100,0,Full
11:32:32,100,100,0,2,100,0,Full
11:32:32,100,100,0,2,100,0,Full
11:32:33,100,100,0,2,100,0,Full
11:32:33,100,100,0,2,100,0,Full
11:32:34,100,100,0,2,100,0,Full
11:32:34,100,100,0,2,100,0,Full
11:32:35,100,100,0,2,100,0,Full
11:32:35,100,100,0,2,100,0,Full
11:32:36,100,100,0,2,100,0,Full
11:32:36,100,100,0,2,100,0,Full
11:32:37,100,100,0,2,100,0,Full
11:32:37,100,100,0,2,100,0,Full
11:32:38,100,100,0,2,100,0,Full
11:32:38,100,100,0,2,100,0,Full
11:32:39,100,100,0,2,100,0,Full
11:32:39,100,100,0,2,100,0,Full
11:32:40,100,100,0,2,100,0,Full
11:32:40,100,100,0,2,100,0,Full
11:32:41,100,100,0,2,100,0,Full
11:32:41,100,100,0,2,100,0,Full
11:32:42,100,100,0,2,100,0,Full
11:32:42,100,100,0,2,100,0,Full
11:32:43,100,100,0,2,100,0,Full
11:32:43,100,100,0,2,100,0,Full
11:32:44,100,100,0,2,100,0,Full
11:32:44,100,100,0,2,100,0,Full
11:32:45,100,100,0,2,100,0,Full
11:32:45,100,100,0,2,100,0,Full
11:32:46,100,100,0,2,100,0,Full
11:32:46,100,100,0,2,100,0,Full
11:32:47,100,100,0,2,100,0,Full
11:32:47,100,100,0,2,100,0,Full
11:32:48,100,100,0,2,100,0,Full
11:32:48,100,100,0,2,100,0,Full
11:32:49,100,100,0,2,100,0,Full
11:32:49,100,100,0,2,100,0,Full
11:32:50,100,100,0,2,100,0,Full
11:32:50,100,100,0,2,100,0,Full
11:32:51,100,100,0,2,100,0,Full
11:32:51,100,100,0,2,100,0,Full
11:32:52,100,100,0,2,100,0,Full
11:32:52,100,100,0,2,100,0,Full
11:32:53,100,100,0,2,100,0,Full
11:32:53,100,100,0,2,100,0,Full
11:32:54,100,100,0,2,100,0,Full
11:32:54,100,100,0,2,100,0,Full
11:32:55,100,100,0,2,100,0,Full
11:32:55,100,100,0,2,100,0,Full
11:32:56,100,100,0,2,100,0,Full
11:32:56,100,100,0,2,100,0,Full
11:32:57,100,100,0,2,100,0,Full
11:32:57,100,100,0,2,100,0,Full
11:32:58,100,100,0,2,100,0,Full
11:32:58,100,100,0,2,100,0,Full
11:32:59,100,100,0,2,100,0,Full
11:32:59,100,100,0,2,100,0,Full
11:33:00,100,100,0,2,100,0,Full
11:33:00,100,100,0,2,100,0,Full
11:33:01,100,100,0,2,100,0,Full
11:33:01,100,100,0,2,100,0,Full
11:33:02,100,100,0,2,100,0,Full
11:33:02,100,100,0,2,100,0,Full
11:33:03,100,100,0,2,100,0,Full
11:33:03,100,100,0,2,100,0,Full
11:33:04,100,100,0,2,100,0,Full
11:33:04,100,100,0,2,100,0,Full
11:33:05,100,100,0,2,100,0,Full
11:33:05,100,100,0,2,100,0,Full
11:33:06,100,100,0,2,100,0,Full
11:33:06,100,100,0,2,100,0,Full
11:33:07,100,100,0,2,100,0,Full
11:33:07,100,100,0,2,100,0,Full
11:33:08,100,100,0,2,100,0,Full
11:33:08,100,100,0,2,100,0,Full
11:33:09,100,100,0,2,100,0,Full
11:33:09,100,100,0,2,100,0,Full
11:33:10,100,100,0,2,100,0,Full
11:33:10,100,100,0,2,100,0,Full
11:33:11,100,100,0,2,100,0,Full
11:33:11,100,100,0,2,100,0,Full
11:33:12,100,100,0,2,100,0,Full
11:33:12,100,100,0,2,100,0,Full
11:33:13,100,100,0,2,100,0,Full
11:33:13,100,100,0,2,100,0,Full
11:33:14,100,100,0,2,100,0,Full
11:33:14,100,100,0,2,100,0,Full
11:33:15,100,100,0,2,100,0,Full
11:33:15,100,100,0,2,100,0,Full
11:33:16,100,100,0,2,100,0,Full
11:33:16,100,100,0,2,100,0,Full
11:33:17,100,100,0,2,100,0,Full
11:33:17,100,100,0,2,100,0,Full
11:33:18,100,100,0,2,100,0,Full
11:33:18,100,100,0,2,100,0,Full
11:33:19,100,100,0,2,100,0,Full
11:33:19,100,100,0,2,100,0,Full
11:33:20,100,100,0,2,100,0,Full
11:33:20,100,100,0,2,100,0,Full
11:33:21,100,100,0,2,100,0,Full
11:33:21,100,100,0,2,100,0,Full
11:33:22,100,100,0,2,100,0,Full
11:33:22,100,100,0,2,100,0,Full
11:33:23,100,100,0,2,100,0,Full
11:33:23,100,100,0,2,100,0,Full
11:33:24,100,100,0,2,100,0,Full
11:33:24,100,100,0,2,100,0,Full
11:33:25,100,100,0,2,100,0,Full
11:33:25,100,100,0,2,100,0,Full
11:33:26,100,100,0,2,100,0,Full
11:33:26,100,100,0,2,100,0,Full
11:33:27,100,100,0,2,100,0,Full
11:33:27,100,100,0,2,100,0,Full
11:33:28,100,100,0,2,100,0,Full
11:33:28,100,100,0,2,100,0,Full
11:33:29,100,100,0,2,100,0,Full
11:33:29,100,100,0,2,100,0,Full
11:33:30,100,100,0,2,100,0,Full
11:33:30,100,100,0,2,100,0,Full
11:33:31,100,100,0,2,100,0,Full
11:33:31,100,100,0,2,100,0,Full
11:33:32,100,100,0,2,100,0,Full
11:33:32,100,100,0,2,100,0,Full
11:33:33,100,100,0,2,100,0,Full
11:33:33,100,100,0,2,100,0,Full
11:33:34,100,100,0,2,100,0,Full
11:33:34,100,100,0,2,100,0,Full
11:33:35,100,100,0,2,100,0,Full
11:33:35,100,100,0,2,100,0,Full
11:33:36,100,100,0,2,100,0,Full
11:33:36,100,100,0,2,100,0,Full
11:33:37,100,100,0,2,100,0,Full
11:33:37,100,100,0,2,100,0,Full
11:33:38,100,100,0,2,100,0,Full
11:33:38,100,100,0,2,100,0,Full
11:33:39,100,100,0,2,100,0,Full
11:33:39,100,100,0,2,100,0,Full
11:33:40,100,100,0,2,100,0,Full
11:33:40,100,100,0,2,100,0,Full
11:33:41,100,100,0,2,100,0,Full
11:33:41,100,100,0,2,100,0,Full
11:33:42,100,100,0,2,100,0,Full
11:33:42,100,100,0,2,100,0,Full
11:33:43,100,100,0,2,100,0,Full
11:33:43,100,100,0,2,100,0,Full
11:33:44,100,100,0,2,100,0,Full
11:33:44,100,100,0,2,100,0,Full
11:33:45,100,100,0,2,100,0,Full
11:33:45,100,100,0,2,100,0,Full
11:33:46,100,100,0,2,100,0,Full
11:33:46,100,100,0,2,100,0,Full
11:33:47,100,100,0,2,100,0,Full
11:33:47,100,100,0,2,100,0,Full
11:33:48,100,100,0,2,100,0,Full
11:33:48,100,100,0,2,100,0,Full
11:33:49,100,100,0,2,100,0,Full
11:33:49,100,100,0,2,100,0,Full
11:33:50,100,100,0,2,100,0,Full
11:33:50,100,100,0,2,100,0,Full
11:33:51,100,100,0,2,100,0,Full
11:33:51,100,100,0,2,100,0,Full
11:33:52,100,100,0,2,100,0,Full
11:33:52,100,100,0,2,100,0,Full
11:33:53,100,100,0,2,100,0,Full
11:33:53,100,100,0,2,100,0,Full
11:33:54,100,100,0,2,100,0,Full
11:33:54,100,100,0,2,100,0,Full
11:33:55,100,100,0,2,100,0,Full
11:33:55,100,100,0,2,100,0,Full
11:33:56,100,100,0,2,100,0,Full
11:33:56,100,100,0,2,100,0,Full
11:33:57,100,100,0,2,100,0,Full
11:33:57,100,100,0,2,100,0,Full
11:33:58,100,100,0,2,100,0,Full
11:33:58,100,100,0,2,100,0,Full
11:33:59,100,100,0,2,100,0,Full
11:33:59,100,100,0,2,100,0,Full
11:34:00,100,100,0,2,100,0,Full
11:34:00,100,100,0,2,100,0,Full
11:34:01,100,100,0,2,100,0,Full
11:34:01,100,100,0,2,100,0,Full
11:34:02,100,100,0,2,100,0,Full
11:34:02,100,100,0,2,100,0,Full
11:34:03,100,100,0,2,100,0,Full
11:34:03,100,100,0,2,100,0,Full
11:34:04,100,100,0,2,100,0,Full
11:34:04,100,100,0,2,100,0,Full
11:34:05,100,100,0,2,100,0,Full
11:34:05,100,100,0,2,100,0,Full
11:34:06,100,100,0,2,100,0,Full
11:34:06,100,100,0,2,100,0,Full
11:34:07,100,100,0,2,100,0,Full
11:34:07,100,100,0,2,100,0,Full
11:34:08,100,100,0,2,100,0,Full
11:34:08,100,100,0,2,100,0,Full
11:34:09,100,100,0,2,100,0,Full
11:34:09,100,100,0,2,100,0,Full
11:34:10,100,100,0,2,100,0,Full
11:34:10,100,100,0,2,100,0,Full
11:34:11,100,100,0,2,100,0,Full
11:34:11,100,100,0,2,100,0,Full
11:34:12,100,100,0,2,100,0,Full
11:34:12,100,100,0,2,100,0,Full
11:34:13,100,100,0,2,100,0,Full
11:34:13,100,100,0,2,100,0,Full
11:34:14,100,100,0,2,100,0,Full
11:34:14,100,100,0,2,100,0,Full
11:34:15,100,100,0,2,100,0,Full
11:34:15,100,100,0,2,100,0,Full
11:34:16,100,100,0,2,100,0,Full
11:34:16,100,100,0,2,100,0,Full
11:34:17,100,100,0,2,100,0,Full
11:34:17,100,100,0,2,100,0,Full
11:34:18,100,100,0,2,100,0,Full
11:34:18,100,100,0,2,100,0,Full
11:34:19,100,100,0,2,100,0,Full
11:34:19,100,100,0,2,100,0,Full
11:34:20,100,100,0,2,100,0,Full
11:34:20,100,100,0,2,100,0,Full
11:34:21,100,100,0,2,100,0,Full
11:34:21,100,100,0,2,100,0,Full
11:34:22,100,100,0,2,100,0,Full
11:34:22,100,100,0,2,100,0,Full
11:34:23,100,100,0,2,100,0,Full
11:34:23,100,100,0,2,100,0,Full
11:34:24,100,100,0,2,100,0,Full
11:34:24,100,100,0,2,100,0,Full
11:34:25,100,100,0,2,100,0,Full
11:34:25,100,100,0,2,100,0,Full
11:34:26,100,100,0,2,100,0,Full
11:34:26,100,100,0,2,100,0,Full
11:34:27,100,100,0,2,100,0,Full
11:34:27,100,100,0,2,100,0,Full
11:34:28,100,100,0,2,100,0,Full
11:34:28,100,100,0,2,100,0,Full
11:34:29,100,100,0,2,100,0,Full
11:34:29,100,100,0,2,100,0,Full
11:34:30,100,100,0,2,100,0,Full
11:34:30,100,100,0,2,100,0,Full
11:34:31,100,100,0,2,100,0,Full
11:34:31,100,100,0,2,100,0,Full
11:34:32,100,100,0,2,100,0,Full
11:34:32,100,100,0,2,100,0,Full
11:34:33,100,100,0,2,100,0,Full
11:34:33,100,100,0,2,100,0,Full
11:34:34,100,100,0,2,100,0,Full
11:34:34,100,100,0,2,100,0,Full
11:34:35,100,100,0,2,100,0,Full
11:34:35,100,100,0,2,100,0,Full
11:34:36,100,100,0,2,100,0,Full
11:34:36,100,100,0,2,100,0,Full
11:34:37,100,100,0,2,100,0,Full
11:34:37,100,100,0,2,100,0,Full
11:34:38,100,100,0,2,100,0,Full
11:34:38,100,100,0,2,100,0,Full
11:34:39,100,100,0,2,100,0,Full
11:34:39,100,100,0,2,100,0,Full
11:34:40,100,100,0,2,100,0,Full
11:34:40,100,100,0,2,100,0,Full
11:34:41,100,100,0,2,100,0,Full
11:34:41,100,100,0,2,100,0,Full
11:34:42,100,100,0,2,100,0,Full
11:34:42,100,100,0,2,100,0,Full
11:34:43,100,100,0,2,100,0,Full
11:34:43,100,100,0,2,100,0,Full
11:34:44,100,100,0,2,100,0,Full
11:34:44,100,100,0,2,100,0,Full
11:34:45,100,100,0,2,100,0,Full
11:34:45,100,100,0,2,100,0,Full
11:34:46,100,100,0,2,100,0,Full
11:34:46,100,100,0,2,100,0,Full
11:34:47,100,100,0,2,100,0,Full
11:34:47,100,100,0,2,100,0,Full
11:34:48,100,100,0,2,100,0,Full
11:34:48,100,100,0,2,100,0,Full
11:34:49,100,100,0,2,100,0,Full
11:34:49,100,100,0,2,100,0,Full
11:34:50,100,100,0,2,100,0,Full
11:34:50,100,100,0,2,100,0,Full
11:34:51,100,100,0,2,100,0,Full
11:34:51,100,100,0,2,100,0,Full
11:34:52,100,100,0,2,100,0,Full
11:34:52,100,100,0,2,100,0,Full
11:34:53,100,100,0,2,100,0,Full
11:34:53,100,100,0,2,100,0,Full
11:34:54,100,100,0,2,100,0,Full
11:34:54,100,100,0,2,100,0,Full
11:34:55,100,100,0,2,100,0,Full
11:34:55,100,100,0,2,100,0,Full
11:34:56,100,100,0,2,100,0,Full
11:34:56,100,100,0,2,100,0,Full
11:34:57,100,100,0,2,100,0,Full
11:34:57,100,100,0,2,100,0,Full
11:34:58,100,100,0,2,100,0,Full
11:34:58,100,100,0,2,100,0,Full
11:34:59,100,100,0,2,100,0,Full
11:34:59,100,100,0,2,100,0,Full
11:35:00,100,100,0,2,100,0,Full
11:35:00,100,100,0,2,100,0,Full
11:35:01,100,100,0,2,100,0,Full
11:35:01,100,100,0,2,100,0,Full
11:35:02,100,100,0,2,100,0,Full
11:35:02,100,100,0,2,100,0,Full
11:35:03,100,100,0,2,100,0,Full
11:35:03,100,100,0,2,100,0,Full
11:35:04,100,100,0,2,100,0,Full
11:35:04,100,100,0,2,100,0,Full
11:35:05,100,100,0,2,100,0,Full
11:35:05,100,100,0,2,100,0,Full
11:35:06,100,100,0,2,100,0,Full
11:35:06,100,100,0,2,100,0,Full
11:35:07,100,100,0,2,100,0,Full
11:35:07,100,100,0,2,100,0,Full
11:35:08,100,100,0,2,100,0,Full
11:35:08,100,100,0,2,100,0,Full
11:35:09,100,100,0,2,100,0,Full
11:35:09,100,100,0,2,100,0,Full
11:35:10,100,100,0,2,100,0,Full
11:35:10,100,100,0,2,100,0,Full
11:35:11,100,100,0,2,100,0,Full
11:35:11,100,100,0,2,100,0,Full
11:35:12,100,100,0,2,100,0,Full
11:35:12,100,100,0,2,100,0,Full
11:35:13,100,100,0,2,100,0,Full
11:35:13,100,100,0,2,100,0,Full
11:35:14,100,100,0,2,100,0,Full
11:35:14,100,100,0,2,100,0,Full
11:35:15,100,100,0,2,100,0,Full
11:35:15,100,100,0,2,100,0,Full
11:35:16,100,100,0,2,100,0,Full
11:35:16,100,100,0,2,100,0,Full
11:35:17,100,100,0,2,100,0,Full
11:35:17,100,100,0,2,100,0,Full
11:35:18,100,100,0,2,100,0,Full
11:35:18,100,100,0,2,100,0,Full
11:35:19,100,100,0,2,100,0,Full
11:35:19,100,100,0,2,100,0,Full
11:35:20,100,100,0,2,100,0,Full
11:35:20,100,100,0,2,100,0,Full
11:35:21,100,100,0,2,100,0,Full
11:35:21,100,100,0,2,100,0,Full
11:35:22,100,100,0,2,100,0,Full
11:35:22,100,100,0,2,100,0,Full
11:35:23,100,100,0,2,100,0,Full
11:35:23,100,100,0,2,100,0,Full
11:35:24,100,100,0,2,100,0,Full
11:35:24,100,100,0,2,100,0,Full
11:35:25,100,100,0,2,100,0,Full
11:35:25,100,100,0,2,100,0,Full
11:35:26,100,100,0,2,100,0,Full
11:35:26,100,100,0,2,100,0,Full
11:35:27,100,100,0,2,100,0,Full
11:35:27,100,100,0,2,100,0,Full
11:35:28,100,100,0,2,100,0,Full
11:35:28,100,100,0,2,100,0,Full
11:35:29,100,100,0,2,100,0,Full
11:35:29,100,100,0,2,100,0,Full
11:35:30,100,100,0,2,100,0,Full
11:35:30,100,100,0,2,100,0,Full
11:35:31,100,100,0,2,100,0,Full
11:35:31,100,100,0,2,100,0,Full
11:35:32,100,100,0,2,100,0,Full
11:35:32,100,100,0,2,100,0,Full
11:35:33,100,100,0,2,100,0,Full
11:35:33,100,100,0,2,100,0,Full
11:35:34,100,100,0,2,100,0,Full
11:35:34,100,100,0,2,100,0,Full
11:35:35,100,100,0,2,100,0,Full
11:35:35,100,100,0,2,100,0,Full
11:35:36,100,100,0,2,100,0,Full
11:35:36,100,100,0,2,100,0,Full
11:35:37,100,100,0,2,100,0,Full
11:35:37,100,100,0,2,100,0,Full
11:35:38,100,100,0,2,100,0,Full
11:35:38,100,100,0,2,100,0,Full
11:35:39,100,100,0,2,100,0,Full
11:35:39,100,100,0,2,100,0,Full
11:35:40,100,100,0,2,100,0,Full
11:35:40,100,100,0,2,100,0,Full
11:35:41,100,100,0,2,100,0,Full
11:35:41,100,100,0,2,100,0,Full
11:35:42,100,100,0,2,100,0,Full
11:35:42,100,100,0,2,100,0,Full
11:35:43,100,100,0,2,100,0,Full
11:35:43,100,100,0,2,100,0,Full
11:35:44,100,100,0,2,100,0,Full
11:35:44,100,100,0,2,100,0,Full
11:35:45,100,100,0,2,100,0,Full
11:35:45,100,100,0,2,100,0,Full
11:35:46,100,100,0,2,100,0,Full
11:35:46,100,100,0,2,100,0,Full
11:35:47,100,100,0,2,100,0,Full
11:35:47,100,100,0,2,100,0,Full
11:35:48,100,100,0,2,100,0,Full
11:35:48,100,100,0,2,100,0,Full
11:35:49,100,100,0,2,100,0,Full
11:35:49,100,100,0,2,100,0,Full
11:35:50,100,100,0,2,100,0,Full
11:35:50,100,100,0,2,100,0,Full
11:35:51,100,100,0,2,100,0,Full
11:35:51,100,100,0,2,100,0,Full
11:35:52,100,100,0,2,100,0,Full
11:35:52,100,100,0,2,100,0,Full
11:35:53,100,100,0,2,100,0,Full
11:35:53,100,100,0,2,100,0,Full
11:35:54,100,100,0,2,100,0,Full
11:35:54,100,100,0,2,100,0,Full
11:35:55,100,100,0,2,100,0,Full
11:35:55,100,100,0,2,100,0,Full
11:35:56,100,100,0,2,100,0,Full
11:35:56,100,100,0,2,100,0,Full
11:35:57,100,100,0,2,100,0,Full
11:35:57,100,100,0,2,100,0,Full
11:35:58,100,100,0,2,100,0,Full
11:35:58,100,100,0,2,100,0,Full
11:35:59,100,100,0,2,100,0,Full
11:35:59,100,100,0,2,100,0,Full
11:36:00,100,100,0,2,100,0,Full
11:36:00,100,100,0,2,100,0,Full
11:36:01,100,100,0,2,100,0,Full
11:36:01,100,100,0,2,100,0,Full
11:36:02,100,100,0,2,100,0,Full
11:36:02,100,100,0,2,100,0,Full
11:36:03,100,100,0,2,100,0,Full
11:36:03,100,100,0,2,100,0,Full
11:36:04,100,100,0,2,100,0,Full
11:36:04,100,100,0,2,100,0,Full
11:36:05,100,100,0,2,100,0,Full
11:36:05,100,100,0,2,100,0,Full
11:36:06,100,100,0,2,100,0,Full
11:36:06,100,100,0,2,100,0,Full
11:36:07,100,100,0,2,100,0,Full
11:36:07,100,100,0,2,100,0,Full
11:36:08,100,100,0,2,100,0,Full
11:36:08,100,100,0,2,100,0,Full
11:36:09,100,100,0,2,100,0,Full
11:36:09,100,100,0,2,100,0,Full
11:36:10,100,100,0,2,100,0,Full
11:36:10,100,100,0,2,100,0,Full
11:36:11,100,100,0,2,100,0,Full
11:36:11,100,100,0,2,100,0,Full
11:36:12,100,100,0,2,100,0,Full
11:36:12,100,100,0,2,100,0,Full
11:36:13,100,100,0,2,100,0,Full
11:36:13,100,100,0,2,100,0,Full
11:36:14,100,100,0,2,100,0,Full
11:36:14,100,100,0,2,100,0,Full
11:36:15,100,100,0,2,100,0,Full
11:36:15,100,100,0,2,100,0,Full
11:36:16,100,100,0,2,100,0,Full
11:36:16,100,100,0,2,100,0,Full
11:36:17,100,100,0,2,100,0,Full
11:36:17,100,100,0,2,100,0,Full
11:36:18,100,100,0,2,100,0,Full
11:36:18,100,100,0,2,100,0,Full
11:36:19,100,100,0,2,100,0,Full
11:36:19,100,100,0,2,100,0,Full
11:36:20,100,100,0,2,100,0,Full
11:36:20,100,100,0,2,100,0,Full
11:36:21,100,100,0,2,100,0,Full
11:36:21,100,100,0,2,100,0,Full
11:36:22,100,100,0,2,100,0,Full
11:36:22,100,100,0,2,100,0,Full
11:36:23,100,100,0,2,100,0,Full
11:36:23,100,100,0,2,100,0,Full
11:36:24,100,100,0,2,100,0,Full
11:36:24,100,100,0,2,100,0,Full
11:36:25,100,100,0,2,100,0,Full
11:36:25,100,100,0,2,100,0,Full
11:36:26,100,100,0,2,100,0,Full
11:36:26,100,100,0,2,100,0,Full
11:36:27,100,100,0,2,100,0,Full
11:36:27,100,100,0,2,100,0,Full
11:36:28,100,100,0,2,100,0,Full
11:36:28,100,100,0,2,100,0,Full
11:36:29,100,100,0,2,100,0,Full
11:36:29,100,100,0,2,100,0,Full
11:36:30,100,100,0,2,100,0,Full
11:36:30,100,100,0,2,100,0,Full
11:36:31,100,100,0,2,100,0,Full
11:36:31,100,100,0,2,100,0,Full
11:36:32,100,100,0,2,100,0,Full
11:36:32,100,100,0,2,100,0,Full
11:36:33,100,100,0,2,100,0,Full
11:36:33,100,100,0,2,100,0,Full
11:36:34,100,100,0,2,100,0,Full
11:36:34,100,100,0,2,100,0,Full
11:36:35,100,100,0,2,100,0,Full
11:36:35,100,100,0,2,100,0,Full
11:36:36,100,100,0,2,100,0,Full
11:36:36,100,100,0,2,100,0,Full
11:36:37,100,100,0,2,100,0,Full
11:36:37,100,100,0,2,100,0,Full
11:36:38,100,100,0,2,100,0,Full
11:36:38,100,100,0,2,100,0,Full
11:36:39,100,100,0,2,100,0,Full
11:36:39,100,100,0,2,100,0,Full
11:36:40,100,100,0,2,100,0,Full
11:36:40,100,100,0,2,100,0,Full
11:36:41,100,100,0,2,100,0,Full
11:36:41,100,100,0,2,100,0,Full
11:36:42,100,100,0,2,100,0,Full
11:36:42,100,100,0,2,100,0,Full
11:36:43,100,100,0,2,100,0,Full
11:36:43,100,100,0,2,100,0,Full
11:36:44,100,100,0,2,100,0,Full
11:36:44,100,100,0,2,100,0,Full
11:36:45,100,100,0,2,100,0,Full
11:36:45,100,100,0,2,100,0,Full
11:36:46,100,100,0,2,100,0,Full
11:36:46,100,100,0,2,100,0,Full
11:36:47,100,100,0,2,100,0,Full
11:36:47,100,100,0,2,100,0,Full
11:36:48,100,100,0,2,100,0,Full
11:36:48,100,100,0,2,100,0,Full
11:36:49,100,100,0,2,100,0,Full
11:36:49,100,100,0,2,100,0,Full
11:36:50,100,100,0,2,100,0,Full
11:36:50,100,100,0,2,100,0,Full
11:36:51,100,100,0,2,100,0,Full
11:36:51,100,100,0,2,100,0,Full
11:36:52,100,100,0,2,100,0,Full
11:36:52,100,100,0,2,100,0,Full
11:36:53,100,100,0,2,100,0,Full
11:36:53,100,100,0,2,100,0,Full
11:36:54,100,100,0,2,100,0,Full
11:36:54,100,100,0,2,100,0,Full
11:36:55,100,100,0,2,100,0,Full
11:36:55,100,100,0,2,100,0,Full
11:36:56,100,100,0,2,100,0,Full
11:36:56,100,100,0,2,100,0,Full
11:36:57,100,100,0,2,100,0,Full
11:36:57,100,100,0,2,100,0,Full
11:36:58,100,100,0,2,100,0,Full
11:36:58,100,100,0,2,100,0,Full
11:36:59,100,100,0,2,100,0,Full
11:36:59,100,100,0,2,100,0,Full
11:37:00,100,100,0,2,100,0,Full
11:37:00,100,100,0,2,100,0,Full
11:37:01,100,100,0,2,100,0,Full
11:37:02,100,100,0,2,100,0,Full
11:37:02,100,100,0,2,100,0,Full
11:37:03,100,100,0,2,100,0,Full
11:37:03,100,100,0,2,100,0,Full
11:37:04,100,100,0,2,100,0,Full
11:37:04,100,100,0,2,100,0,Full
11:37:05,100,100,0,2,100,0,Full
11:37:05,100,100,0,2,100,0,Full
11:37:06,100,100,0,2,100,0,Full
11:37:06,100,100,0,2,100,0,Full
11:37:07,100,100,0,2,100,0,Full
11:37:07,100,100,0,2,100,0,Full
11:37:08,100,100,0,2,100,0,Full
11:37:08,100,100,0,2,100,0,Full
11:37:09,100,100,0,2,100,0,Full
11:37:09,100,100,0,2,100,0,Full
11:37:10,100,100,0,2,100,0,Full
11:37:10,100,100,0,2,100,0,Full
11:37:11,100,100,0,2,100,0,Full
11:37:11,100,100,0,2,100,0,Full
11:37:12,100,100,0,2,100,0,Full
11:37:12,100,100,0,2,100,0,Full
11:37:13,100,100,0,2,100,0,Full
11:37:13,100,100,0,2,100,0,Full
11:37:14,100,100,0,2,100,0,Full
11:37:14,100,100,0,2,100,0,Full
11:37:15,100,100,0,2,100,0,Full
11:37:15,100,100,0,2,100,0,Full
11:37:16,100,100,0,2,100,0,Full
11:37:16,100,100,0,2,100,0,Full
11:37:17,100,100,0,2,100,0,Full
11:37:17,100,100,0,2,100,0,Full
11:37:18,100,100,0,2,100,0,Full
11:37:18,100,100,0,2,100,0,Full
11:37:19,100,100,0,2,100,0,Full
11:37:19,100,100,0,2,100,0,Full
11:37:20,100,100,0,2,100,0,Full
11:37:20,100,100,0,2,100,0,Full
11:37:21,100,100,0,2,100,0,Full
11:37:21,100,100,0,2,100,0,Full
11:37:22,100,100,0,2,100,0,Full
11:37:22,100,100,0,2,100,0,Full
11:37:23,100,100,0,2,100,0,Full
11:37:23,100,100,0,2,100,0,Full
11:37:24,100,100,0,2,100,0,Full
11:37:24,100,100,0,2,100,0,Full
11:37:25,100,100,0,2,100,0,Full
11:37:25,100,100,0,2,100,0,Full
11:37:26,100,100,0,2,100,0,Full
11:37:26,100,100,0,2,100,0,Full
11:37:27,100,100,0,2,100,0,Full
11:37:27,100,100,0,2,100,0,Full
11:37:28,100,100,0,2,100,0,Full
11:37:28,100,100,0,2,100,0,Full
11:37:29,100,100,0,2,100,0,Full
11:37:29,100,100,0,2,100,0,Full
11:37:30,100,100,0,2,100,0,Full
11:37:30,100,100,0,2,100,0,Full
11:37:31,100,100,0,2,100,0,Full
11:37:31,100,100,0,2,100,0,Full
11:37:32,100,100,0,2,100,0,Full
11:37:32,100,100,0,2,100,0,Full
11:37:33,100,100,0,2,100,0,Full
11:37:33,100,100,0,2,100,0,Full
11:37:34,100,100,0,2,100,0,Full
11:37:34,100,100,0,2,100,0,Full
11:37:35,100,100,0,2,100,0,Full
11:37:35,100,100,0,2,100,0,Full
11:37:36,100,100,0,2,100,0,Full
11:37:36,100,100,0,2,100,0,Full
11:37:37,100,100,0,2,100,0,Full
11:37:37,100,100,0,2,100,0,Full
11:37:38,100,100,0,2,100,0,Full
11:37:38,100,100,0,2,100,0,Full
11:37:39,100,100,0,2,100,0,Full
11:37:39,100,100,0,2,100,0,Full
11:37:40,100,100,0,2,100,0,Full
11:37:40,100,100,0,2,100,0,Full
11:37:41,100,100,0,2,100,0,Full
11:37:41,100,100,0,2,100,0,Full
11:37:42,100,100,0,2,100,0,Full
11:37:42,100,100,0,2,100,0,Full
11:37:43,100,100,0,2,100,0,Full
11:37:43,100,100,0,2,100,0,Full
11:37:44,100,100,0,2,100,0,Full
11:37:44,100,100,0,2,100,0,Full
11:37:45,100,100,0,2,100,0,Full
11:37:45,100,100,0,2,100,0,Full
11:37:46,100,100,0,2,100,0,Full
11:37:46,100,100,0,2,100,0,Full
11:37:47,100,100,0,2,100,0,Full
11:37:47,100,100,0,2,100,0,Full
11:37:48,100,100,0,2,100,0,Full
11:37:48,100,100,0,2,100,0,Full
11:37:49,100,100,0,2,100,0,Full
11:37:49,100,100,0,2,100,0,Full
11:37:50,100,100,0,2,100,0,Full
11:37:50,100,100,0,2,100,0,Full
11:37:51,100,100,0,2,100,0,Full
11:37:51,100,100,0,2,100,0,Full
11:37:52,100,100,0,2,100,0,Full
11:37:52,100,100,0,2,100,0,Full
11:37:53,100,100,0,2,100,0,Full
11:37:53,100,100,0,2,100,0,Full
11:37:54,100,100,0,2,100,0,Full
11:37:54,100,100,0,2,100,0,Full
11:37:55,100,100,0,2,100,0,Full
11:37:55,100,100,0,2,100,0,Full
11:37:56,100,100,0,2,100,0,Full
11:37:56,100,100,0,2,100,0,Full
11:37:57,100,100,0,2,100,0,Full
11:37:57,100,100,0,2,100,0,Full
11:37:58,100,100,0,2,100,0,Full
11:37:58,100,100,0,2,100,0,Full
11:37:59,100,100,0,2,100,0,Full
11:37:59,100,100,0,2,100,0,Full
11:38:00,100,100,0,2,100,0,Full
11:38:00,100,100,0,2,100,0,Full
11:38:01,100,100,0,2,100,0,Full
11:38:01,100,100,0,2,100,0,Full
11:38:02,100,100,0,2,100,0,Full
11:38:02,100,100,0,2,100,0,Full
11:38:03,100,100,0,2,100,0,Full
11:38:03,100,100,0,2,100,0,Full
11:38:04,100,100,0,2,100,0,Full
11:38:04,100,100,0,2,100,0,Full
11:38:05,100,100,0,2,100,0,Full
11:38:05,100,100,0,2,100,0,Full
11:38:06,100,100,0,2,100,0,Full
11:38:06,100,100,0,2,100,0,Full
11:38:07,100,100,0,2,100,0,Full
11:38:07,100,100,0,2,100,0,Full
11:38:08,100,100,0,2,100,0,Full
11:38:08,100,100,0,2,100,0,Full
11:38:09,100,100,0,2,100,0,Full
11:38:09,100,100,0,2,100,0,Full
11:38:10,100,100,0,2,100,0,Full
11:38:10,100,100,0,2,100,0,Full
11:38:11,100,100,0,2,100,0,Full
11:38:11,100,100,0,2,100,0,Full
11:38:12,100,100,0,2,100,0,Full
11:38:12,100,100,0,2,100,0,Full
11:38:13,100,100,0,2,100,0,Full
11:38:13,100,100,0,2,100,0,Full
11:38:14,100,100,0,2,100,0,Full
11:38:14,100,100,0,2,100,0,Full
11:38:15,100,100,0,2,100,0,Full
11:38:15,100,100,0,2,100,0,Full
11:38:16,100,100,0,2,100,0,Full
11:38:16,100,100,0,2,100,0,Full
11:38:17,100,100,0,2,100,0,Full
11:38:17,100,100,0,2,100,0,Full
11:38:18,100,100,0,2,100,0,Full
11:38:18,100,100,0,2,100,0,Full
11:38:19,100,100,0,2,100,0,Full
11:38:19,100,100,0,2,100,0,Full
11:38:20,100,100,0,2,100,0,Full
11:38:20,100,100,0,2,100,0,Full
11:38:21,100,100,0,2,100,0,Full
11:38:21,100,100,0,2,100,0,Full
11:38:22,100,100,0,2,100,0,Full
11:38:22,100,100,0,2,100,0,Full
11:38:23,100,100,0,2,100,0,Full
11:38:23,100,100,0,2,100,0,Full
11:38:24,100,100,0,2,100,0,Full
11:38:24,100,100,0,2,100,0,Full
11:38:25,100,100,0,2,100,0,Full
11:38:25,100,100,0,2,100,0,Full
11:38:26,100,100,0,2,100,0,Full
11:38:26,100,100,0,2,100,0,Full
11:38:27,100,100,0,2,100,0,Full
11:38:27,100,100,0,2,100,0,Full
11:38:28,100,100,0,2,100,0,Full
11:38:28,100,100,0,2,100,0,Full
11:38:29,100,100,0,2,100,0,Full
11:38:29,100,100,0,2,100,0,Full
11:38:30,100,100,0,2,100,0,Full
11:38:30,100,100,0,2,100,0,Full
11:38:31,100,100,0,2,100,0,Full
11:38:31,100,100,0,2,100,0,Full
11:38:32,100,100,0,2,100,0,Full
11:38:32,100,100,0,2,100,0,Full
11:38:33,100,100,0,2,100,0,Full
11:38:33,100,100,0,2,100,0,Full
11:38:34,100,100,0,2,100,0,Full
11:38:34,100,100,0,2,100,0,Full
11:38:35,100,100,0,2,100,0,Full
11:38:35,100,100,0,2,100,0,Full
11:38:36,100,100,0,2,100,0,Full
11:38:36,100,100,0,2,100,0,Full
11:38:37,100,100,0,2,100,0,Full
11:38:37,100,100,0,2,100,0,Full
11:38:38,100,100,0,2,100,0,Full
11:38:38,100,100,0,2,100,0,Full
11:38:39,100,100,0,2,100,0,Full
11:38:39,100,100,0,2,100,0,Full
11:38:40,100,100,0,2,100,0,Full
11:38:40,100,100,0,2,100,0,Full
11:38:41,100,100,0,2,100,0,Full
11:38:41,100,100,0,2,100,0,Full
11:38:42,100,100,0,2,100,0,Full
11:38:42,100,100,0,2,100,0,Full
11:38:43,100,100,0,2,100,0,Full
11:38:43,100,100,0,2,100,0,Full
11:38:44,100,100,0,2,100,0,Full
11:38:44,100,100,0,2,100,0,Full
11:38:45,100,100,0,2,100,0,Full
11:38:45,100,100,0,2,100,0,Full
11:38:46,100,100,0,2,100,0,Full
11:38:46,100,100,0,2,100,0,Full
11:38:47,100,100,0,2,100,0,Full
11:38:47,100,100,0,2,100,0,Full
11:38:48,100,100,0,2,100,0,Full
11:38:48,100,100,0,2,100,0,Full
11:38:49,100,100,0,2,100,0,Full
11:38:49,100,100,0,2,100,0,Full
11:38:50,100,100,0,2,100,0,Full
11:38:50,100,100,0,2,100,0,Full
11:38:51,100,100,0,2,100,0,Full
11:38:51,100,100,0,2,100,0,Full
11:38:52,100,100,0,2,100,0,Full
11:38:52,100,100,0,2,100,0,Full
11:38:53,100,100,0,2,100,0,Full
11:38:53,100,100,0,2,100,0,Full
11:38:54,100,100,0,2,100,0,Full
11:38:54,100,100,0,2,100,0,Full
11:38:55,100,100,0,2,100,0,Full
11:38:55,100,100,0,2,100,0,Full
11:38:56,100,100,0,2,100,0,Full
11:38:56,100,100,0,2,100,0,Full
11:38:57,100,100,0,2,100,0,Full
11:38:57,100,100,0,2,100,0,Full
11:38:58,100,100,0,2,100,0,Full
11:38:58,100,100,0,2,100,0,Full
11:38:59,100,100,0,2,100,0,Full
11:38:59,100,100,0,2,100,0,Full
11:39:00,100,100,0,2,100,0,Full
11:39:00,100,100,0,2,100,0,Full
11:39:01,100,100,0,2,100,0,Full
11:39:01,100,100,0,2,100,0,Full
11:39:02,100,100,0,2,100,0,Full
11:39:02,100,100,0,2,100,0,Full
11:39:03,100,100,0,2,100,0,Full
11:39:03,100,100,0,2,100,0,Full
11:39:04,100,100,0,2,100,0,Full
11:39:04,100,100,0,2,100,0,Full
11:39:05,100,100,0,2,100,0,Full
11:39:05,100,100,0,2,100,0,Full
11:39:06,100,100,0,2,100,0,Full
11:39:06,100,100,0,2,100,0,Full
11:39:07,100,100,0,2,100,0,Full
11:39:07,100,100,0,2,100,0,Full
11:39:08,100,100,0,2,100,0,Full
11:39:08,100,100,0,2,100,0,Full
11:39:09,100,100,0,2,100,0,Full
11:39:09,100,100,0,2,100,0,Full
11:39:10,100,100,0,2,100,0,Full
11:39:10,100,100,0,2,100,0,Full
11:39:11,100,100,0,2,100,0,Full
11:39:11,100,100,0,2,100,0,Full
11:39:12,100,100,0,2,100,0,Full
11:39:12,100,100,0,2,100,0,Full
11:39:13,100,100,0,2,100,0,Full
11:39:13,100,100,0,2,100,0,Full
11:39:14,100,100,0,2,100,0,Full
11:39:14,100,100,0,2,100,0,Full
11:39:15,100,100,0,2,100,0,Full
11:39:15,100,100,0,2,100,0,Full
11:39:16,100,100,0,2,100,0,Full
11:39:16,100,100,0,2,100,0,Full
11:39:17,100,100,0,2,100,0,Full
11:39:17,100,100,0,2,100,0,Full
11:39:18,100,100,0,2,100,0,Full
11:39:18,100,100,0,2,100,0,Full
11:39:19,100,100,0,2,100,0,Full
11:39:19,100,100,0,2,100,0,Full
11:39:20,100,100,0,2,100,0,Full
11:39:20,100,100,0,2,100,0,Full
11:39:21,100,100,0,2,100,0,Full
11:39:21,100,100,0,2,100,0,Full
11:39:22,100,100,0,2,100,0,Full
11:39:22,100,100,0,2,100,0,Full
11:39:23,100,100,0,2,100,0,Full
11:39:23,100,100,0,2,100,0,Full
11:39:24,100,100,0,2,100,0,Full
11:39:24,100,100,0,2,100,0,Full
11:39:25,100,100,0,2,100,0,Full
11:39:25,100,100,0,2,100,0,Full
11:39:26,100,100,0,2,100,0,Full
11:39:26,100,100,0,2,100,0,Full
11:39:27,100,100,0,2,100,0,Full
11:39:27,100,100,0,2,100,0,Full
11:39:28,100,100,0,2,100,0,Full
11:39:28,100,100,0,2,100,0,Full
11:39:29,100,100,0,2,100,0,Full
11:39:29,100,100,0,2,100,0,Full
11:39:30,100,100,0,2,100,0,Full
11:39:30,100,100,0,2,100,0,Full
11:39:31,100,100,0,2,100,0,Full
11:39:31,100,100,0,2,100,0,Full
11:39:32,100,100,0,2,100,0,Full
11:39:32,100,100,0,2,100,0,Full
11:39:33,100,100,0,2,100,0,Full
11:39:33,100,100,0,2,100,0,Full
11:39:34,100,100,0,2,100,0,Full
11:39:34,100,100,0,2,100,0,Full
11:39:35,100,100,0,2,100,0,Full
11:39:35,100,100,0,2,100,0,Full
11:39:36,100,100,0,2,100,0,Full
11:39:36,100,100,0,2,100,0,Full
11:39:37,100,100,0,2,100,0,Full
11:39:37,100,100,0,2,100,0,Full
11:39:38,100,100,0,2,100,0,Full
11:39:38,100,100,0,2,100,0,Full
11:39:39,100,100,0,2,100,0,Full
11:39:39,100,100,0,2,100,0,Full
11:39:40,100,100,0,2,100,0,Full
11:39:40,100,100,0,2,100,0,Full
11:39:41,100,100,0,2,100,0,Full
11:39:41,100,100,0,2,100,0,Full
11:39:42,100,100,0,2,100,0,Full
11:39:42,100,100,0,2,100,0,Full
11:39:43,100,100,0,2,100,0,Full
11:39:43,100,100,0,2,100,0,Full
11:39:44,100,100,0,2,100,0,Full
11:39:44,100,100,0,2,100,0,Full
11:39:45,100,100,0,2,100,0,Full
11:39:45,100,100,0,2,100,0,Full
11:39:46,100,100,0,2,100,0,Full
11:39:46,100,100,0,2,100,0,Full
11:39:47,100,100,0,2,100,0,Full
11:39:47,100,100,0,2,100,0,Full
11:39:48,100,100,0,2,100,0,Full
11:39:48,100,100,0,2,100,0,Full
11:39:49,100,100,0,2,100,0,Full
11:39:49,100,100,0,2,100,0,Full
11:39:50,100,100,0,2,100,0,Full
11:39:50,100,100,0,2,100,0,Full
11:39:51,100,100,0,2,100,0,Full
11:39:51,100,100,0,2,100,0,Full
11:39:52,100,100,0,2,100,0,Full
11:39:52,100,100,0,2,100,0,Full
11:39:53,100,100,0,2,100,0,Full
11:39:53,100,100,0,2,100,0,Full
11:39:54,100,100,0,2,100,0,Full
11:39:54,100,100,0,2,100,0,Full
11:39:55,100,100,0,2,100,0,Full
11:39:55,100,100,0,2,100,0,Full
11:39:56,100,100,0,2,100,0,Full
11:39:56,100,100,0,2,100,0,Full
11:39:57,100,100,0,2,100,0,Full
11:39:57,100,100,0,2,100,0,Full
11:39:58,100,100,0,2,100,0,Full
11:39:58,100,100,0,2,100,0,Full
11:39:59,100,100,0,2,100,0,Full
11:39:59,100,100,0,2,100,0,Full
11:40:00,100,100,0,2,100,0,Full
11:40:00,100,100,0,2,100,0,Full
11:40:01,100,100,0,2,100,0,Full
11:40:01,100,100,0,2,100,0,Full
11:40:02,100,100,0,2,100,0,Full
11:40:02,100,100,0,2,100,0,Full
11:40:03,100,100,0,2,100,0,Full
11:40:03,100,100,0,2,100,0,Full
11:40:04,100,100,0,2,100,0,Full
11:40:04,100,100,0,2,100,0,Full
11:40:05,100,100,0,2,100,0,Full
11:40:05,100,100,0,2,100,0,Full
11:40:06,100,100,0,2,100,0,Full
11:40:06,100,100,0,2,100,0,Full
11:40:07,100,100,0,2,100,0,Full
11:40:07,100,100,0,2,100,0,Full
11:40:08,100,100,0,2,100,0,Full
11:40:08,100,100,0,2,100,0,Full
11:40:09,100,100,0,2,100,0,Full
11:40:09,100,100,0,2,100,0,Full
11:40:10,100,100,0,2,100,0,Full
11:40:10,100,100,0,2,100,0,Full
11:40:11,100,100,0,2,100,0,Full
11:40:11,100,100,0,2,100,0,Full
11:40:12,100,100,0,2,100,0,Full
11:40:12,100,100,0,2,100,0,Full
11:40:13,100,100,0,2,100,0,Full
11:40:13,100,100,0,2,100,0,Full
11:40:14,100,100,0,2,100,0,Full
11:40:14,100,100,0,2,100,0,Full
11:40:15,100,100,0,2,100,0,Full
11:40:15,100,100,0,2,100,0,Full
11:40:16,100,100,0,2,100,0,Full
11:40:16,100,100,0,2,100,0,Full
11:40:17,100,100,0,2,100,0,Full
11:40:17,100,100,0,2,100,0,Full
11:40:18,100,100,0,2,100,0,Full
11:40:18,100,100,0,2,100,0,Full
11:40:19,100,100,0,2,100,0,Full
11:40:19,100,100,0,2,100,0,Full
11:40:20,100,100,0,2,100,0,Full
11:40:20,100,100,0,2,100,0,Full
11:40:21,100,100,0,2,100,0,Full
11:40:21,100,100,0,2,100,0,Full
11:40:22,100,100,0,2,100,0,Full
11:40:22,100,100,0,2,100,0,Full
11:40:23,100,100,0,2,100,0,Full
11:40:23,100,100,0,2,100,0,Full
11:40:24,100,100,0,2,100,0,Full
11:40:24,100,100,0,2,100,0,Full
11:40:25,100,100,0,2,100,0,Full
11:40:25,100,100,0,2,100,0,Full
11:40:26,100,100,0,2,100,0,Full
11:40:26,100,100,0,2,100,0,Full
11:40:27,100,100,0,2,100,0,Full
11:40:27,100,100,0,2,100,0,Full
11:40:28,100,100,0,2,100,0,Full
11:40:28,100,100,0,2,100,0,Full
11:40:29,100,100,0,2,100,0,Full
11:40:29,100,100,0,2,100,0,Full
11:40:30,100,100,0,2,100,0,Full
11:40:30,100,100,0,2,100,0,Full
11:40:31,100,100,0,2,100,0,Full
11:40:31,100,100,0,2,100,0,Full
11:40:32,100,100,0,2,100,0,Full
11:40:32,100,100,0,2,100,0,Full
11:40:33,100,100,0,2,100,0,Full
11:40:33,100,100,0,2,100,0,Full
11:40:34,100,100,0,2,100,0,Full
11:40:34,100,100,0,2,100,0,Full
11:40:35,100,100,0,2,100,0,Full
11:40:35,100,100,0,2,100,0,Full
11:40:36,100,100,0,2,100,0,Full
11:40:36,100,100,0,2,100,0,Full
11:40:37,100,100,0,2,100,0,Full
11:40:37,100,100,0,2,100,0,Full
11:40:38,100,100,0,2,100,0,Full
11:40:38,100,100,0,2,100,0,Full
11:40:39,100,100,0,2,100,0,Full
11:40:39,100,100,0,2,100,0,Full
11:40:40,100,100,0,2,100,0,Full
11:40:40,100,100,0,2,100,0,Full
11:40:41,100,100,0,2,100,0,Full
11:40:41,100,100,0,2,100,0,Full
11:40:42,100,100,0,2,100,0,Full
11:40:42,100,100,0,2,100,0,Full
11:40:43,100,100,0,2,100,0,Full
11:40:43,100,100,0,2,100,0,Full
11:40:44,100,100,0,2,100,0,Full
11:40:44,100,100,0,2,100,0,Full
11:40:45,100,100,0,2,100,0,Full
11:40:45,100,100,0,2,100,0,Full
11:40:46,100,100,0,2,100,0,Full
11:40:46,100,100,0,2,100,0,Full
11:40:47,100,100,0,2,100,0,Full
11:40:47,100,100,0,2,100,0,Full
11:40:48,100,100,0,2,100,0,Full
11:40:48,100,100,0,2,100,0,Full
11:40:49,100,100,0,2,100,0,Full
11:40:49,100,100,0,2,100,0,Full
11:40:50,100,100,0,2,100,0,Full
11:40:50,100,100,0,2,100,0,Full
11:40:51,100,100,0,2,100,0,Full
11:40:51,100,100,0,2,100,0,Full
11:40:52,100,100,0,2,100,0,Full
11:40:52,100,100,0,2,100,0,Full
11:40:53,100,100,0,2,100,0,Full
11:40:53,100,100,0,2,100,0,Full
11:40:54,100,100,0,2,100,0,Full
11:40:54,100,100,0,2,100,0,Full
11:40:55,100,100,0,2,100,0,Full
11:40:55,100,100,0,2,100,0,Full
11:40:56,100,100,0,2,100,0,Full
11:40:56,100,100,0,2,100,0,Full
11:40:57,100,100,0,2,100,0,Full
11:40:57,100,100,0,2,100,0,Full
11:40:58,100,100,0,2,100,0,Full
11:40:58,100,100,0,2,100,0,Full
11:40:59,100,100,0,2,100,0,Full
11:40:59,100,100,0,2,100,0,Full
11:41:00,100,100,0,2,100,0,Full
11:41:00,100,100,0,2,100,0,Full
11:41:01,100,100,0,2,100,0,Full
11:41:01,100,100,0,2,100,0,Full
11:41:02,100,100,0,2,100,0,Full
11:41:02,100,100,0,2,100,0,Full
11:41:03,100,100,0,2,100,0,Full
11:41:03,100,100,0,2,100,0,Full
11:41:04,100,100,0,2,100,0,Full
11:41:04,100,100,0,2,100,0,Full
11:41:05,100,100,0,2,100,0,Full
11:41:05,100,100,0,2,100,0,Full
11:41:06,100,100,0,2,100,0,Full
11:41:06,100,100,0,2,100,0,Full
11:41:07,100,100,0,2,100,0,Full
11:41:07,100,100,0,2,100,0,Full
11:41:08,100,100,0,2,100,0,Full
11:41:08,100,100,0,2,100,0,Full
11:41:09,100,100,0,2,100,0,Full
11:41:09,100,100,0,2,100,0,Full
11:41:10,100,100,0,2,100,0,Full
11:41:10,100,100,0,2,100,0,Full
11:41:11,100,100,0,2,100,0,Full
11:41:11,100,100,0,2,100,0,Full
11:41:12,100,100,0,2,100,0,Full
11:41:12,100,100,0,2,100,0,Full
11:41:13,100,100,0,2,100,0,Full
11:41:13,100,100,0,2,100,0,Full
11:41:14,100,100,0,2,100,0,Full
11:41:14,100,100,0,2,100,0,Full
11:41:15,100,100,0,2,100,0,Full
11:41:15,100,100,0,2,100,0,Full
11:41:16,100,100,0,2,100,0,Full
11:41:16,100,100,0,2,100,0,Full
11:41:17,100,100,0,2,100,0,Full
11:41:17,100,100,0,2,100,0,Full
11:41:18,100,100,0,2,100,0,Full
11:41:18,100,100,0,2,100,0,Full
11:41:19,100,100,0,2,100,0,Full
11:41:19,100,100,0,2,100,0,Full
11:41:20,100,100,0,2,100,0,Full
11:41:20,100,100,0,2,100,0,Full
11:41:21,100,100,0,2,100,0,Full
11:41:21,100,100,0,2,100,0,Full
11:41:22,100,100,0,2,100,0,Full
11:41:22,100,100,0,2,100,0,Full
11:41:23,100,100,0,2,100,0,Full
11:41:23,100,100,0,2,100,0,Full
11:41:24,100,100,0,2,100,0,Full
11:41:24,100,100,0,2,100,0,Full
11:41:25,100,100,0,2,100,0,Full
11:41:25,100,100,0,2,100,0,Full
11:41:26,100,100,0,2,100,0,Full
11:41:26,100,100,0,2,100,0,Full
11:41:27,100,100,0,2,100,0,Full
11:41:27,100,100,0,2,100,0,Full
11:41:28,100,100,0,2,100,0,Full
11:41:28,100,100,0,2,100,0,Full
11:41:29,100,100,0,2,100,0,Full
11:41:29,100,100,0,2,100,0,Full
11:41:30,100,100,0,2,100,0,Full
11:41:30,100,100,0,2,100,0,Full
11:41:31,100,100,0,2,100,0,Full
11:41:31,100,100,0,2,100,0,Full
11:41:32,100,100,0,2,100,0,Full
11:41:32,100,100,0,2,100,0,Full
11:41:33,100,100,0,2,100,0,Full
11:41:33,100,100,0,2,100,0,Full
11:41:34,100,100,0,2,100,0,Full
11:41:34,100,100,0,2,100,0,Full
11:41:35,100,100,0,2,100,0,Full
11:41:35,100,100,0,2,100,0,Full
11:41:36,100,100,0,2,100,0,Full
11:41:36,100,100,0,2,100,0,Full
11:41:37,100,100,0,2,100,0,Full
11:41:37,100,100,0,2,100,0,Full
11:41:38,100,100,0,2,100,0,Full
11:41:38,100,100,0,2,100,0,Full
11:41:39,100,100,0,2,100,0,Full
11:41:39,100,100,0,2,100,0,Full
11:41:40,100,100,0,2,100,0,Full
11:41:40,100,100,0,2,100,0,Full
11:41:41,100,100,0,2,100,0,Full
11:41:41,100,100,0,2,100,0,Full
11:41:42,100,100,0,2,100,0,Full
11:41:42,100,100,0,2,100,0,Full
11:41:43,100,100,0,2,100,0,Full
11:41:43,100,100,0,2,100,0,Full
11:41:44,100,100,0,2,100,0,Full
11:41:44,100,100,0,2,100,0,Full
11:41:45,100,100,0,2,100,0,Full
11:41:45,100,100,0,2,100,0,Full
11:41:46,100,100,0,2,100,0,Full
11:41:46,100,100,0,2,100,0,Full
11:41:47,100,100,0,2,100,0,Full
11:41:47,100,100,0,2,100,0,Full
11:41:48,100,100,0,2,100,0,Full
11:41:48,100,100,0,2,100,0,Full
11:41:49,100,100,0,2,100,0,Full
11:41:49,100,100,0,2,100,0,Full
11:41:50,100,100,0,2,100,0,Full
11:41:50,100,100,0,2,100,0,Full
11:41:51,100,100,0,2,100,0,Full
11:41:51,100,100,0,2,100,0,Full
11:41:52,100,100,0,2,100,0,Full
11:41:52,100,100,0,2,100,0,Full
11:41:53,100,100,0,2,100,0,Full
11:41:53,100,100,0,2,100,0,Full
11:41:54,100,100,0,2,100,0,Full
11:41:54,100,100,0,2,100,0,Full
11:41:55,100,100,0,2,100,0,Full
11:41:55,100,100,0,2,100,0,Full
11:41:56,100,100,0,2,100,0,Full
11:41:56,100,100,0,2,100,0,Full
11:41:57,100,100,0,2,100,0,Full
11:41:57,100,100,0,2,100,0,Full
11:41:58,100,100,0,2,100,0,Full
11:41:58,100,100,0,2,100,0,Full
11:41:59,100,100,0,2,100,0,Full
11:41:59,100,100,0,2,100,0,Full
11:42:00,100,100,0,2,100,0,Full
11:42:00,100,100,0,2,100,0,Full
11:42:01,100,100,0,2,100,0,Full
11:42:01,100,100,0,2,100,0,Full
11:42:02,100,100,0,2,100,0,Full
11:42:02,100,100,0,2,100,0,Full
11:42:03,100,100,0,2,100,0,Full
11:42:03,100,100,0,2,100,0,Full
11:42:04,100,100,0,2,100,0,Full
11:42:04,100,100,0,2,100,0,Full
11:42:05,100,100,0,2,100,0,Full
11:42:05,100,100,0,2,100,0,Full
11:42:06,100,100,0,2,100,0,Full
11:42:06,100,100,0,2,100,0,Full
11:42:07,100,100,0,2,100,0,Full
11:42:07,100,100,0,2,100,0,Full
11:42:08,100,100,0,2,100,0,Full
11:42:08,100,100,0,2,100,0,Full
11:42:09,100,100,0,2,100,0,Full
11:42:09,100,100,0,2,100,0,Full
11:42:10,100,100,0,2,100,0,Full
11:42:10,100,100,0,2,100,0,Full
11:42:11,100,100,0,2,100,0,Full
11:42:11,100,100,0,2,100,0,Full
11:42:12,100,100,0,2,100,0,Full
11:42:12,100,100,0,2,100,0,Full
11:42:13,100,100,0,2,100,0,Full
11:42:13,100,100,0,2,100,0,Full
11:42:14,100,100,0,2,100,0,Full
11:42:14,100,100,0,2,100,0,Full
11:42:15,100,100,0,2,100,0,Full
11:42:15,100,100,0,2,100,0,Full
11:42:16,100,100,0,2,100,0,Full
11:42:16,100,100,0,2,100,0,Full
11:42:17,100,100,0,2,100,0,Full
11:42:17,100,100,0,2,100,0,Full
11:42:18,100,100,0,2,100,0,Full
11:42:18,100,100,0,2,100,0,Full
11:42:19,100,100,0,2,100,0,Full
11:42:19,100,100,0,2,100,0,Full
11:42:20,100,100,0,2,100,0,Full
11:42:20,100,100,0,2,100,0,Full
11:42:21,100,100,0,2,100,0,Full
11:42:21,100,100,0,2,100,0,Full
11:42:22,100,100,0,2,100,0,Full
11:42:22,100,100,0,2,100,0,Full
11:42:23,100,100,0,2,100,0,Full
11:42:23,100,100,0,2,100,0,Full
11:42:24,100,100,0,2,100,0,Full
11:42:24,100,100,0,2,100,0,Full
11:42:25,100,100,0,2,100,0,Full
11:42:25,100,100,0,2,100,0,Full
11:42:26,100,100,0,2,100,0,Full
11:42:26,100,100,0,2,100,0,Full
11:42:27,100,100,0,2,100,0,Full
11:42:27,100,100,0,2,100,0,Full
11:42:28,100,100,0,2,100,0,Full
11:42:28,100,100,0,2,100,0,Full
11:42:29,100,100,0,2,100,0,Full
11:42:29,100,100,0,2,100,0,Full
11:42:30,100,100,0,2,100,0,Full
11:42:30,100,100,0,2,100,0,Full
11:42:31,100,100,0,2,100,0,Full
11:42:31,100,100,0,2,100,0,Full
11:42:32,100,100,0,2,100,0,Full
11:42:32,100,100,0,2,100,0,Full
11:42:33,100,100,0,2,100,0,Full
11:42:33,100,100,0,2,100,0,Full
11:42:34,100,100,0,2,100,0,Full
11:42:34,100,100,0,2,100,0,Full
11:42:35,100,100,0,2,100,0,Full
11:42:35,100,100,0,2,100,0,Full
11:42:36,100,100,0,2,100,0,Full
11:42:36,100,100,0,2,100,0,Full
11:42:37,100,100,0,2,100,0,Full
11:42:37,100,100,0,2,100,0,Full
11:42:38,100,100,0,2,100,0,Full
11:42:38,100,100,0,2,100,0,Full
11:42:39,100,100,0,2,100,0,Full
11:42:39,100,100,0,2,100,0,Full
11:42:40,100,100,0,2,100,0,Full
11:42:40,100,100,0,2,100,0,Full
11:42:41,100,100,0,2,100,0,Full
11:42:41,100,100,0,2,100,0,Full
11:42:42,100,100,0,2,100,0,Full
11:42:42,100,100,0,2,100,0,Full
11:42:43,100,100,0,2,100,0,Full
11:42:43,100,100,0,2,100,0,Full
11:42:44,100,100,0,2,100,0,Full
11:42:44,100,100,0,2,100,0,Full
11:42:45,100,100,0,2,100,0,Full
11:42:45,100,100,0,2,100,0,Full
11:42:46,100,100,0,2,100,0,Full
11:42:46,100,100,0,2,100,0,Full
11:42:47,100,100,0,2,100,0,Full
11:42:47,100,100,0,2,100,0,Full
11:42:48,100,100,0,2,100,0,Full
11:42:48,100,100,0,2,100,0,Full
11:42:49,100,100,0,2,100,0,Full
11:42:49,100,100,0,2,100,0,Full
11:42:50,100,100,0,2,100,0,Full
11:42:50,100,100,0,2,100,0,Full
11:42:51,100,100,0,2,100,0,Full
11:42:51,100,100,0,2,100,0,Full
11:42:52,100,100,0,2,100,0,Full
11:42:52,100,100,0,2,100,0,Full
11:42:53,100,100,0,2,100,0,Full
11:42:53,100,100,0,2,100,0,Full
11:42:54,100,100,0,2,100,0,Full
11:42:54,100,100,0,2,100,0,Full
11:42:55,100,100,0,2,100,0,Full
11:42:55,100,100,0,2,100,0,Full
11:42:56,100,100,0,2,100,0,Full
11:42:56,100,100,0,2,100,0,Full
11:42:57,100,100,0,2,100,0,Full
11:42:57,100,100,0,2,100,0,Full
11:42:58,100,100,0,2,100,0,Full
11:42:58,100,100,0,2,100,0,Full
11:42:59,100,100,0,2,100,0,Full
11:42:59,100,100,0,2,100,0,Full
11:43:00,100,100,0,2,100,0,Full
11:43:00,100,100,0,2,100,0,Full
11:43:01,100,100,0,2,100,0,Full
11:43:01,100,100,0,2,100,0,Full
11:43:02,100,100,0,2,100,0,Full
11:43:02,100,100,0,2,100,0,Full
11:43:03,100,100,0,2,100,0,Full
11:43:03,100,100,0,2,100,0,Full
11:43:04,100,100,0,2,100,0,Full
11:43:04,100,100,0,2,100,0,Full
11:43:05,100,100,0,2,100,0,Full
11:43:05,100,100,0,2,100,0,Full
11:43:06,100,100,0,2,100,0,Full
11:43:06,100,100,0,2,100,0,Full
11:43:07,100,100,0,2,100,0,Full
11:43:07,100,100,0,2,100,0,Full
11:43:08,100,100,0,2,100,0,Full
11:43:08,100,100,0,2,100,0,Full
11:43:09,100,100,0,2,100,0,Full
11:43:09,100,100,0,2,100,0,Full
11:43:10,100,100,0,2,100,0,Full
11:43:10,100,100,0,2,100,0,Full
11:43:11,100,100,0,2,100,0,Full
11:43:11,100,100,0,2,100,0,Full
11:43:12,100,100,0,2,100,0,Full
11:43:12,100,100,0,2,100,0,Full
11:43:13,100,100,0,2,100,0,Full
11:43:13,100,100,0,2,100,0,Full
11:43:14,100,100,0,2,100,0,Full
11:43:14,100,100,0,2,100,0,Full
11:43:15,100,100,0,2,100,0,Full
11:43:15,100,100,0,2,100,0,Full
11:43:16,100,100,0,2,100,0,Full
11:43:16,100,100,0,2,100,0,Full
11:43:17,100,100,0,2,100,0,Full
11:43:17,100,100,0,2,100,0,Full
11:43:18,100,100,0,2,100,0,Full
11:43:18,100,100,0,2,100,0,Full
11:43:19,100,100,0,2,100,0,Full
11:43:19,100,100,0,2,100,0,Full
11:43:20,100,100,0,2,100,0,Full
11:43:20,100,100,0,2,100,0,Full
11:43:21,100,100,0,2,100,0,Full
11:43:21,100,100,0,2,100,0,Full
11:43:22,100,100,0,2,100,0,Full
11:43:22,100,100,0,2,100,0,Full
11:43:23,100,100,0,2,100,0,Full
11:43:23,100,100,0,2,100,0,Full
11:43:24,100,100,0,2,100,0,Full
11:43:24,100,100,0,2,100,0,Full
11:43:25,100,100,0,2,100,0,Full
11:43:25,100,100,0,2,100,0,Full
11:43:26,100,100,0,2,100,0,Full
11:43:26,100,100,0,2,100,0,Full
11:43:27,100,100,0,2,100,0,Full
11:43:27,100,100,0,2,100,0,Full
11:43:28,100,100,0,2,100,0,Full
11:43:28,100,100,0,2,100,0,Full
11:43:29,100,100,0,2,100,0,Full
11:43:29,100,100,0,2,100,0,Full
11:43:30,100,100,0,2,100,0,Full
11:43:30,100,100,0,2,100,0,Full
11:43:31,100,100,0,2,100,0,Full
11:43:31,100,100,0,2,100,0,Full
11:43:32,100,100,0,2,100,0,Full
11:43:32,100,100,0,2,100,0,Full
11:43:33,100,100,0,2,100,0,Full
11:43:33,100,100,0,2,100,0,Full
11:43:34,100,100,0,2,100,0,Full
11:43:34,100,100,0,2,100,0,Full
11:43:35,100,100,0,2,100,0,Full
11:43:35,100,100,0,2,100,0,Full
11:43:36,100,100,0,2,100,0,Full
11:43:36,100,100,0,2,100,0,Full
11:43:37,100,100,0,2,100,0,Full
11:43:37,100,100,0,2,100,0,Full
11:43:38,100,100,0,2,100,0,Full
11:43:38,100,100,0,2,100,0,Full
11:43:39,100,100,0,2,100,0,Full
11:43:39,100,100,0,2,100,0,Full
11:43:40,100,100,0,2,100,0,Full
11:43:40,100,100,0,2,100,0,Full
11:43:41,100,100,0,2,100,0,Full
11:43:41,100,100,0,2,100,0,Full
11:43:42,100,100,0,2,100,0,Full
11:43:42,100,100,0,2,100,0,Full
11:43:43,100,100,0,2,100,0,Full
11:43:43,100,100,0,2,100,0,Full
11:43:44,100,100,0,2,100,0,Full
11:43:44,100,100,0,2,100,0,Full
11:43:45,100,100,0,2,100,0,Full
11:43:45,100,100,0,2,100,0,Full
11:43:46,100,100,0,2,100,0,Full
11:43:46,100,100,0,2,100,0,Full
11:43:47,100,100,0,2,100,0,Full
11:43:47,100,100,0,2,100,0,Full
11:43:48,100,100,0,2,100,0,Full
11:43:48,100,100,0,2,100,0,Full
11:43:49,100,100,0,2,100,0,Full
11:43:49,100,100,0,2,100,0,Full
11:43:50,100,100,0,2,100,0,Full
11:43:50,100,100,0,2,100,0,Full
11:43:51,100,100,0,2,100,0,Full
11:43:51,100,100,0,2,100,0,Full
11:43:52,100,100,0,2,100,0,Full
11:43:52,100,100,0,2,100,0,Full
11:43:53,100,100,0,2,100,0,Full
11:43:53,100,100,0,2,100,0,Full
11:43:54,100,100,0,2,100,0,Full
11:43:54,100,100,0,2,100,0,Full
11:43:55,100,100,0,2,100,0,Full
11:43:55,100,100,0,2,100,0,Full
11:43:56,100,100,0,2,100,0,Full
11:43:56,100,100,0,2,100,0,Full
11:43:57,100,100,0,2,100,0,Full
11:43:57,100,100,0,2,100,0,Full
11:43:58,100,100,0,2,100,0,Full
11:43:58,100,100,0,2,100,0,Full
11:43:59,100,100,0,2,100,0,Full
11:43:59,100,100,0,2,100,0,Full
11:44:00,100,100,0,2,100,0,Full
11:44:00,100,100,0,2,100,0,Full
11:44:01,100,100,0,2,100,0,Full
11:44:01,100,100,0,2,100,0,Full
11:44:02,100,100,0,2,100,0,Full
11:44:02,100,100,0,2,100,0,Full
11:44:03,100,100,0,2,100,0,Full
11:44:03,100,100,0,2,100,0,Full
11:44:04,100,100,0,2,100,0,Full
11:44:04,100,100,0,2,100,0,Full
11:44:05,100,100,0,2,100,0,Full
11:44:05,100,100,0,2,100,0,Full
11:44:06,100,100,0,2,100,0,Full
11:44:06,100,100,0,2,100,0,Full
11:44:07,100,100,0,2,100,0,Full
11:44:07,100,100,0,2,100,0,Full
11:44:08,100,100,0,2,100,0,Full
11:44:08,100,100,0,2,100,0,Full
11:44:09,100,100,0,2,100,0,Full
11:44:09,100,100,0,2,100,0,Full
11:44:10,100,100,0,2,100,0,Full
11:44:10,100,100,0,2,100,0,Full
11:44:11,100,100,0,2,100,0,Full
11:44:11,100,100,0,2,100,0,Full
11:44:12,100,100,0,2,100,0,Full
11:44:12,100,100,0,2,100,0,Full
11:44:13,100,100,0,2,100,0,Full
11:44:13,100,100,0,2,100,0,Full
11:44:14,100,100,0,2,100,0,Full
11:44:14,100,100,0,2,100,0,Full
11:44:15,100,100,0,2,100,0,Full
11:44:15,100,100,0,2,100,0,Full
11:44:16,100,100,0,2,100,0,Full
11:44:16,100,100,0,2,100,0,Full
11:44:17,100,100,0,2,100,0,Full
11:44:17,100,100,0,2,100,0,Full
11:44:18,100,100,0,2,100,0,Full
11:44:18,100,100,0,2,100,0,Full
11:44:19,100,100,0,2,100,0,Full
11:44:19,100,100,0,2,100,0,Full
11:44:20,100,100,0,2,100,0,Full
11:44:20,100,100,0,2,100,0,Full
11:44:21,100,100,0,2,100,0,Full
11:44:21,100,100,0,2,100,0,Full
11:44:22,100,100,0,2,100,0,Full
11:44:22,100,100,0,2,100,0,Full
11:44:23,100,100,0,2,100,0,Full
11:44:23,100,100,0,2,100,0,Full
11:44:24,100,100,0,2,100,0,Full
11:44:24,100,100,0,2,100,0,Full
11:44:25,100,100,0,2,100,0,Full
11:44:25,100,100,0,2,100,0,Full
11:44:26,100,100,0,2,100,0,Full
11:44:26,100,100,0,2,100,0,Full
11:44:27,100,100,0,2,100,0,Full
11:44:27,100,100,0,2,100,0,Full
11:44:28,100,100,0,2,100,0,Full
11:44:28,100,100,0,2,100,0,Full
11:44:29,100,100,0,2,100,0,Full
11:44:29,100,100,0,2,100,0,Full
11:44:30,100,100,0,2,100,0,Full
11:44:30,100,100,0,2,100,0,Full
11:44:31,100,100,0,2,100,0,Full
11:44:31,100,100,0,2,100,0,Full
11:44:32,100,100,0,2,100,0,Full
11:44:32,100,100,0,2,100,0,Full
11:44:33,100,100,0,2,100,0,Full
11:44:33,100,100,0,2,100,0,Full
11:44:34,100,100,0,2,100,0,Full
11:44:34,100,100,0,2,100,0,Full
11:44:35,100,100,0,2,100,0,Full
11:44:35,100,100,0,2,100,0,Full
11:44:36,100,100,0,2,100,0,Full
11:44:36,100,100,0,2,100,0,Full
11:44:37,100,100,0,2,100,0,Full
11:44:37,100,100,0,2,100,0,Full
11:44:38,100,100,0,2,100,0,Full
11:44:38,100,100,0,2,100,0,Full
11:44:39,100,100,0,2,100,0,Full
11:44:39,100,100,0,2,100,0,Full
11:44:40,100,100,0,2,100,0,Full
11:44:40,100,100,0,2,100,0,Full
11:44:41,100,100,0,2,100,0,Full
11:44:41,100,100,0,2,100,0,Full
11:44:42,100,100,0,2,100,0,Full
11:44:42,100,100,0,2,100,0,Full
11:44:43,100,100,0,2,100,0,Full
11:44:43,100,100,0,2,100,0,Full
11:44:44,100,100,0,2,100,0,Full
11:44:44,100,100,0,2,100,0,Full
11:44:45,100,100,0,2,100,0,Full
11:44:45,100,100,0,2,100,0,Full
11:44:46,100,100,0,2,100,0,Full
11:44:46,100,100,0,2,100,0,Full
11:44:47,100,100,0,2,100,0,Full
11:44:47,100,100,0,2,100,0,Full
11:44:48,100,100,0,2,100,0,Full
11:44:48,100,100,0,2,100,0,Full
11:44:49,100,100,0,2,100,0,Full
11:44:49,100,100,0,2,100,0,Full
11:44:50,100,100,0,2,100,0,Full
11:44:50,100,100,0,2,100,0,Full
11:44:51,100,100,0,2,100,0,Full
11:44:51,100,100,0,2,100,0,Full
11:44:52,100,100,0,2,100,0,Full
11:44:52,100,100,0,2,100,0,Full
11:44:53,100,100,0,2,100,0,Full
11:44:53,100,100,0,2,100,0,Full
11:44:54,100,100,0,2,100,0,Full
11:44:54,100,100,0,2,100,0,Full
11:44:55,100,100,0,2,100,0,Full
11:44:55,100,100,0,2,100,0,Full
11:44:56,100,100,0,2,100,0,Full
11:44:56,100,100,0,2,100,0,Full
11:44:57,100,100,0,2,100,0,Full
11:44:57,100,100,0,2,100,0,Full
11:44:58,100,100,0,2,100,0,Full
11:44:58,100,100,0,2,100,0,Full
11:44:59,100,100,0,2,100,0,Full
11:44:59,100,100,0,2,100,0,Full
11:45:00,100,100,0,2,100,0,Full
11:45:01,100,100,0,2,100,0,Full
11:45:01,100,100,0,2,100,0,Full
11:45:02,100,100,0,2,100,0,Full
11:45:02,100,100,0,2,100,0,Full
11:45:03,100,100,0,2,100,0,Full
11:45:03,100,100,0,2,100,0,Full
11:45:04,100,100,0,2,100,0,Full
11:45:04,100,100,0,2,100,0,Full
11:45:05,100,100,0,2,100,0,Full
11:45:05,100,100,0,2,100,0,Full
11:45:06,100,100,0,2,100,0,Full
11:45:06,100,100,0,2,100,0,Full
11:45:07,100,100,0,2,100,0,Full
11:45:07,100,100,0,2,100,0,Full
11:45:08,100,100,0,2,100,0,Full
11:45:08,100,100,0,2,100,0,Full
11:45:09,100,100,0,2,100,0,Full
11:45:09,100,100,0,2,100,0,Full
11:45:10,100,100,0,2,100,0,Full
11:45:10,100,100,0,2,100,0,Full
11:45:11,100,100,0,2,100,0,Full
11:45:11,100,100,0,2,100,0,Full
11:45:12,100,100,0,2,100,0,Full
11:45:12,100,100,0,2,100,0,Full
11:45:13,100,100,0,2,100,0,Full
11:45:13,100,100,0,2,100,0,Full
11:45:14,100,100,0,2,100,0,Full
11:45:14,100,100,0,2,100,0,Full
11:45:15,100,100,0,2,100,0,Full
11:45:15,100,100,0,2,100,0,Full
11:45:16,100,100,0,2,100,0,Full
11:45:16,100,100,0,2,100,0,Full
11:45:17,100,100,0,2,100,0,Full
11:45:17,100,100,0,2,100,0,Full
11:45:18,100,100,0,2,100,0,Full
11:45:18,100,100,0,2,100,0,Full
11:45:19,100,100,0,2,100,0,Full
11:45:19,100,100,0,2,100,0,Full
11:45:20,100,100,0,2,100,0,Full
11:45:20,100,100,0,2,100,0,Full
11:45:21,100,100,0,2,100,0,Full
11:45:21,100,100,0,2,100,0,Full
11:45:22,100,100,0,2,100,0,Full
11:45:22,100,100,0,2,100,0,Full
11:45:23,100,100,0,2,100,0,Full
11:45:23,100,100,0,2,100,0,Full
11:45:24,100,100,0,2,100,0,Full
11:45:24,100,100,0,2,100,0,Full
11:45:25,100,100,0,2,100,0,Full
11:45:25,100,100,0,2,100,0,Full
11:45:26,100,100,0,2,100,0,Full
11:45:26,100,100,0,2,100,0,Full
11:45:27,100,100,0,2,100,0,Full
11:45:27,100,100,0,2,100,0,Full
11:45:28,100,100,0,2,100,0,Full
11:45:28,100,100,0,2,100,0,Full
11:45:29,100,100,0,2,100,0,Full
11:45:29,100,100,0,2,100,0,Full
11:45:30,100,100,0,2,100,0,Full
11:45:30,100,100,0,2,100,0,Full
11:45:31,100,100,0,2,100,0,Full
11:45:31,100,100,0,2,100,0,Full
11:45:32,100,100,0,2,100,0,Full
11:45:32,100,100,0,2,100,0,Full
11:45:33,100,100,0,2,100,0,Full
11:45:33,100,100,0,2,100,0,Full
11:45:34,100,100,0,2,100,0,Full
11:45:34,100,100,0,2,100,0,Full
11:45:35,100,100,0,2,100,0,Full
11:45:35,100,100,0,2,100,0,Full
11:45:36,100,100,0,2,100,0,Full
11:45:36,100,100,0,2,100,0,Full
11:45:37,100,100,0,2,100,0,Full
11:45:37,100,100,0,2,100,0,Full
11:45:38,100,100,0,2,100,0,Full
11:45:38,100,100,0,2,100,0,Full
11:45:39,100,100,0,2,100,0,Full
11:45:39,100,100,0,2,100,0,Full
11:45:40,100,100,0,2,100,0,Full
11:45:40,100,100,0,2,100,0,Full
11:45:41,100,100,0,2,100,0,Full
11:45:41,100,100,0,2,100,0,Full
11:45:42,100,100,0,2,100,0,Full
11:45:42,100,100,0,2,100,0,Full
11:45:43,100,100,0,2,100,0,Full
11:45:43,100,100,0,2,100,0,Full
11:45:44,100,100,0,2,100,0,Full
11:45:44,100,100,0,2,100,0,Full
11:45:45,100,100,0,2,100,0,Full
11:45:45,100,100,0,2,100,0,Full
11:45:46,100,100,0,2,100,0,Full
11:45:46,100,100,0,2,100,0,Full
11:45:47,100,100,0,2,100,0,Full
11:45:47,100,100,0,2,100,0,Full
11:45:48,100,100,0,2,100,0,Full
11:45:48,100,100,0,2,100,0,Full
11:45:49,100,100,0,2,100,0,Full
11:45:49,100,100,0,2,100,0,Full
11:45:50,100,100,0,2,100,0,Full
11:45:50,100,100,0,2,100,0,Full
11:45:51,100,100,0,2,100,0,Full
11:45:51,100,100,0,2,100,0,Full
11:45:52,100,100,0,2,100,0,Full
11:45:52,100,100,0,2,100,0,Full
11:45:53,100,100,0,2,100,0,Full
11:45:53,100,100,0,2,100,0,Full
11:45:54,100,100,0,2,100,0,Full
11:45:54,100,100,0,2,100,0,Full
11:45:55,100,100,0,2,100,0,Full
11:45:55,100,100,0,2,100,0,Full
11:45:56,100,100,0,2,100,0,Full
11:45:56,100,100,0,2,100,0,Full
11:45:57,100,100,0,2,100,0,Full
11:45:57,100,100,0,2,100,0,Full
11:45:58,100,100,0,2,100,0,Full
11:45:58,100,100,0,2,100,0,Full
11:45:59,100,100,0,2,100,0,Full
11:45:59,100,100,0,2,100,0,Full
11:46:00,100,100,0,2,100,0,Full
11:46:00,100,100,0,2,100,0,Full
11:46:01,100,100,0,2,100,0,Full
11:46:01,100,100,0,2,100,0,Full
11:46:02,100,100,0,2,100,0,Full
11:46:02,100,100,0,2,100,0,Full
11:46:03,100,100,0,2,100,0,Full
11:46:03,100,100,0,2,100,0,Full
11:46:04,100,100,0,2,100,0,Full
11:46:04,100,100,0,2,100,0,Full
11:46:05,100,100,0,2,100,0,Full
11:46:05,100,100,0,2,100,0,Full
11:46:06,100,100,0,2,100,0,Full
11:46:06,100,100,0,2,100,0,Full
11:46:07,100,100,0,2,100,0,Full
11:46:07,100,100,0,2,100,0,Full
11:46:08,100,100,0,2,100,0,Full
11:46:08,100,100,0,2,100,0,Full
11:46:09,100,100,0,2,100,0,Full
11:46:09,100,100,0,2,100,0,Full
11:46:10,100,100,0,2,100,0,Full
11:46:10,100,100,0,2,100,0,Full
11:46:11,100,100,0,2,100,0,Full
11:46:11,100,100,0,2,100,0,Full
11:46:12,100,100,0,2,100,0,Full
11:46:12,100,100,0,2,100,0,Full
11:46:13,100,100,0,2,100,0,Full
11:46:13,100,100,0,2,100,0,Full
11:46:14,100,100,0,2,100,0,Full
11:46:14,100,100,0,2,100,0,Full
11:46:15,100,100,0,2,100,0,Full
11:46:15,100,100,0,2,100,0,Full
11:46:16,100,100,0,2,100,0,Full
11:46:16,100,100,0,2,100,0,Full
11:46:17,100,100,0,2,100,0,Full
11:46:17,100,100,0,2,100,0,Full
11:46:18,100,100,0,2,100,0,Full
11:46:18,100,100,0,2,100,0,Full
11:46:19,100,100,0,2,100,0,Full
11:46:19,100,100,0,2,100,0,Full
11:46:20,100,100,0,2,100,0,Full
11:46:20,100,100,0,2,100,0,Full
11:46:21,100,100,0,2,100,0,Full
11:46:21,100,100,0,2,100,0,Full
11:46:22,100,100,0,2,100,0,Full
11:46:22,100,100,0,2,100,0,Full
11:46:23,100,100,0,2,100,0,Full
11:46:23,100,100,0,2,100,0,Full
11:46:24,100,100,0,2,100,0,Full
11:46:24,100,100,0,2,100,0,Full
11:46:25,100,100,0,2,100,0,Full
11:46:25,100,100,0,2,100,0,Full
11:46:26,100,100,0,2,100,0,Full
11:46:26,100,100,0,2,100,0,Full
11:46:27,100,100,0,2,100,0,Full
11:46:27,100,100,0,2,100,0,Full
11:46:28,100,100,0,2,100,0,Full
11:46:28,100,100,0,2,100,0,Full
11:46:29,100,100,0,2,100,0,Full
11:46:29,100,100,0,2,100,0,Full
11:46:30,100,100,0,2,100,0,Full
11:46:30,100,100,0,2,100,0,Full
11:46:31,100,100,0,2,100,0,Full
11:46:31,100,100,0,2,100,0,Full
11:46:32,100,100,0,2,100,0,Full
11:46:32,100,100,0,2,100,0,Full
11:46:33,100,100,0,2,100,0,Full
11:46:33,100,100,0,2,100,0,Full
11:46:34,100,100,0,2,100,0,Full
11:46:34,100,100,0,2,100,0,Full
11:46:35,100,100,0,2,100,0,Full
11:46:35,100,100,0,2,100,0,Full
11:46:36,100,100,0,2,100,0,Full
11:46:36,100,100,0,2,100,0,Full
11:46:37,100,100,0,2,100,0,Full
11:46:37,100,100,0,2,100,0,Full
11:46:38,100,100,0,2,100,0,Full
11:46:38,100,100,0,2,100,0,Full
11:46:39,100,100,0,2,100,0,Full
11:46:39,100,100,0,2,100,0,Full
11:46:40,100,100,0,2,100,0,Full
11:46:40,100,100,0,2,100,0,Full
11:46:41,100,100,0,2,100,0,Full
11:46:41,100,100,0,2,100,0,Full
11:46:42,100,100,0,2,100,0,Full
11:46:42,100,100,0,2,100,0,Full
11:46:43,100,100,0,2,100,0,Full
11:46:43,100,100,0,2,100,0,Full
11:46:44,100,100,0,2,100,0,Full
11:46:44,100,100,0,2,100,0,Full
11:46:45,100,100,0,2,100,0,Full
11:46:45,100,100,0,2,100,0,Full
11:46:46,100,100,0,2,100,0,Full
11:46:46,100,100,0,2,100,0,Full
11:46:47,100,100,0,2,100,0,Full
11:46:47,100,100,0,2,100,0,Full
11:46:48,100,100,0,2,100,0,Full
11:46:48,100,100,0,2,100,0,Full
11:46:49,100,100,0,2,100,0,Full
11:46:49,100,100,0,2,100,0,Full
11:46:50,100,100,0,2,100,0,Full
11:46:50,100,100,0,2,100,0,Full
11:46:51,100,100,0,2,100,0,Full
11:46:51,100,100,0,2,100,0,Full
11:46:52,100,100,0,2,100,0,Full
11:46:52,100,100,0,2,100,0,Full
11:46:53,100,100,0,2,100,0,Full
11:46:53,100,100,0,2,100,0,Full
11:46:54,100,100,0,2,100,0,Full
11:46:54,100,100,0,2,100,0,Full
11:46:55,100,100,0,2,100,0,Full
11:46:55,100,100,0,2,100,0,Full
11:46:56,100,100,0,2,100,0,Full
11:46:56,100,100,0,2,100,0,Full
11:46:57,100,100,0,2,100,0,Full
11:46:57,100,100,0,2,100,0,Full
11:46:58,100,100,0,2,100,0,Full
11:46:58,100,100,0,2,100,0,Full
11:46:59,100,100,0,2,100,0,Full
11:46:59,100,100,0,2,100,0,Full
11:47:00,100,100,0,2,100,0,Full
11:47:00,100,100,0,2,100,0,Full
11:47:01,100,100,0,2,100,0,Full
11:47:01,100,100,0,2,100,0,Full
11:47:02,100,100,0,2,100,0,Full
11:47:02,100,100,0,2,100,0,Full
11:47:03,100,100,0,2,100,0,Full
11:47:03,100,100,0,2,100,0,Full
11:47:04,100,100,0,2,100,0,Full
11:47:04,100,100,0,2,100,0,Full
11:47:05,100,100,0,2,100,0,Full
11:47:05,100,100,0,2,100,0,Full
11:47:06,100,100,0,2,100,0,Full
11:47:06,100,100,0,2,100,0,Full
11:47:07,100,100,0,2,100,0,Full
11:47:07,100,100,0,2,100,0,Full
11:47:08,100,100,0,2,100,0,Full
11:47:08,100,100,0,2,100,0,Full
11:47:09,100,100,0,2,100,0,Full
11:47:09,100,100,0,2,100,0,Full
11:47:10,100,100,0,2,100,0,Full
11:47:10,100,100,0,2,100,0,Full
11:47:11,100,100,0,2,100,0,Full
11:47:11,100,100,0,2,100,0,Full
11:47:12,100,100,0,2,100,0,Full
11:47:12,100,100,0,2,100,0,Full
11:47:13,100,100,0,2,100,0,Full
11:47:13,100,100,0,2,100,0,Full
11:47:14,100,100,0,2,100,0,Full
11:47:14,100,100,0,2,100,0,Full
11:47:15,100,100,0,2,100,0,Full
11:47:15,100,100,0,2,100,0,Full
11:47:16,100,100,0,2,100,0,Full
11:47:16,100,100,0,2,100,0,Full
11:47:17,100,100,0,2,100,0,Full
11:47:17,100,100,0,2,100,0,Full
11:47:18,100,100,0,2,100,0,Full
11:47:18,100,100,0,2,100,0,Full
11:47:19,100,100,0,2,100,0,Full
11:47:19,100,100,0,2,100,0,Full
11:47:20,100,100,0,2,100,0,Full
11:47:20,100,100,0,2,100,0,Full
11:47:21,100,100,0,2,100,0,Full
11:47:21,100,100,0,2,100,0,Full
11:47:22,100,100,0,2,100,0,Full
11:47:22,100,100,0,2,100,0,Full
11:47:23,100,100,0,2,100,0,Full
11:47:23,100,100,0,2,100,0,Full
11:47:24,100,100,0,2,100,0,Full
11:47:24,100,100,0,2,100,0,Full
11:47:25,100,100,0,2,100,0,Full
11:47:25,100,100,0,2,100,0,Full
11:47:26,100,100,0,2,100,0,Full
11:47:26,100,100,0,2,100,0,Full
11:47:27,100,100,0,2,100,0,Full
11:47:27,100,100,0,2,100,0,Full
11:47:28,100,100,0,2,100,0,Full
11:47:28,100,100,0,2,100,0,Full
11:47:29,100,100,0,2,100,0,Full
11:47:29,100,100,0,2,100,0,Full
11:47:30,100,100,0,2,100,0,Full
11:47:30,100,100,0,2,100,0,Full
11:47:31,100,100,0,2,100,0,Full
11:47:31,100,100,0,2,100,0,Full
11:47:32,100,100,0,2,100,0,Full
11:47:32,100,100,0,2,100,0,Full
11:47:33,100,100,0,2,100,0,Full
11:47:33,100,100,0,2,100,0,Full
11:47:34,100,100,0,2,100,0,Full
11:47:34,100,100,0,2,100,0,Full
11:47:35,100,100,0,2,100,0,Full
11:47:35,100,100,0,2,100,0,Full
11:47:36,100,100,0,2,100,0,Full
11:47:36,100,100,0,2,100,0,Full
11:47:37,100,100,0,2,100,0,Full
11:47:37,100,100,0,2,100,0,Full
11:47:38,100,100,0,2,100,0,Full
11:47:38,100,100,0,2,100,0,Full
11:47:39,100,100,0,2,100,0,Full
11:47:39,100,100,0,2,100,0,Full
11:47:40,100,100,0,2,100,0,Full
11:47:40,100,100,0,2,100,0,Full
11:47:41,100,100,0,2,100,0,Full
11:47:41,100,100,0,2,100,0,Full
11:47:42,100,100,0,2,100,0,Full
11:47:42,100,100,0,2,100,0,Full
11:47:43,100,100,0,2,100,0,Full
11:47:43,100,100,0,2,100,0,Full
11:47:44,100,100,0,2,100,0,Full
11:47:44,100,100,0,2,100,0,Full
11:47:45,100,100,0,2,100,0,Full
11:47:45,100,100,0,2,100,0,Full
11:47:46,100,100,0,2,100,0,Full
11:47:46,100,100,0,2,100,0,Full
11:47:47,100,100,0,2,100,0,Full
11:47:47,100,100,0,2,100,0,Full
11:47:48,100,100,0,2,100,0,Full
11:47:48,100,100,0,2,100,0,Full
11:47:49,100,100,0,2,100,0,Full
11:47:49,100,100,0,2,100,0,Full
11:47:50,100,100,0,2,100,0,Full
11:47:50,100,100,0,2,100,0,Full
11:47:51,100,100,0,2,100,0,Full
11:47:51,100,100,0,2,100,0,Full
11:47:52,100,100,0,2,100,0,Full
11:47:52,100,100,0,2,100,0,Full
11:47:53,100,100,0,2,100,0,Full
11:47:53,100,100,0,2,100,0,Full
11:47:54,100,100,0,2,100,0,Full
11:47:54,100,100,0,2,100,0,Full
11:47:55,100,100,0,2,100,0,Full
11:47:55,100,100,0,2,100,0,Full
11:47:56,100,100,0,2,100,0,Full
11:47:56,100,100,0,2,100,0,Full
11:47:57,100,100,0,2,100,0,Full
11:47:57,100,100,0,2,100,0,Full
11:47:58,100,100,0,2,100,0,Full
11:47:58,100,100,0,2,100,0,Full
11:47:59,100,100,0,2,100,0,Full
11:47:59,100,100,0,2,100,0,Full
11:48:00,100,100,0,2,100,0,Full
11:48:00,100,100,0,2,100,0,Full
11:48:01,100,100,0,2,100,0,Full
11:48:01,100,100,0,2,100,0,Full
11:48:02,100,100,0,2,100,0,Full
11:48:02,100,100,0,2,100,0,Full
11:48:03,100,100,0,2,100,0,Full
11:48:03,100,100,0,2,100,0,Full
11:48:04,100,100,0,2,100,0,Full
11:48:04,100,100,0,2,100,0,Full
11:48:05,100,100,0,2,100,0,Full
11:48:05,100,100,0,2,100,0,Full
11:48:06,100,100,0,2,100,0,Full
11:48:06,100,100,0,2,100,0,Full
11:48:07,100,100,0,2,100,0,Full
11:48:07,100,100,0,2,100,0,Full
11:48:08,100,100,0,2,100,0,Full
11:48:08,100,100,0,2,100,0,Full
11:48:09,100,100,0,2,100,0,Full
11:48:09,100,100,0,2,100,0,Full
11:48:10,100,100,0,2,100,0,Full
11:48:10,100,100,0,2,100,0,Full
11:48:11,100,100,0,2,100,0,Full
11:48:11,100,100,0,2,100,0,Full
11:48:12,100,100,0,2,100,0,Full
11:48:12,100,100,0,2,100,0,Full
11:48:13,100,100,0,2,100,0,Full
11:48:13,100,100,0,2,100,0,Full
11:48:14,100,100,0,2,100,0,Full
11:48:14,100,100,0,2,100,0,Full
11:48:15,100,100,0,2,100,0,Full
11:48:15,100,100,0,2,100,0,Full
11:48:16,100,100,0,2,100,0,Full
11:48:16,100,100,0,2,100,0,Full
11:48:17,100,100,0,2,100,0,Full
11:48:17,100,100,0,2,100,0,Full
11:48:18,100,100,0,2,100,0,Full
11:48:18,100,100,0,2,100,0,Full
11:48:19,100,100,0,2,100,0,Full
11:48:19,100,100,0,2,100,0,Full
11:48:20,100,100,0,2,100,0,Full
11:48:20,100,100,0,2,100,0,Full
11:48:21,100,100,0,2,100,0,Full
11:48:21,100,100,0,2,100,0,Full
11:48:22,100,100,0,2,100,0,Full
11:48:22,100,100,0,2,100,0,Full
11:48:23,100,100,0,2,100,0,Full
11:48:23,100,100,0,2,100,0,Full
11:48:24,100,100,0,2,100,0,Full
11:48:24,100,100,0,2,100,0,Full
11:48:25,100,100,0,2,100,0,Full
11:48:25,100,100,0,2,100,0,Full
11:48:26,100,100,0,2,100,0,Full
11:48:26,100,100,0,2,100,0,Full
11:48:27,100,100,0,2,100,0,Full
11:48:27,100,100,0,2,100,0,Full
11:48:28,100,100,0,2,100,0,Full
11:48:28,100,100,0,2,100,0,Full
11:48:29,100,100,0,2,100,0,Full
11:48:29,100,100,0,2,100,0,Full
11:48:30,100,100,0,2,100,0,Full
11:48:30,100,100,0,2,100,0,Full
11:48:31,100,100,0,2,100,0,Full
11:48:31,100,100,0,2,100,0,Full
11:48:32,100,100,0,2,100,0,Full
11:48:32,100,100,0,2,100,0,Full
11:48:33,100,100,0,2,100,0,Full
11:48:33,100,100,0,2,100,0,Full
11:48:34,100,100,0,2,100,0,Full
11:48:34,100,100,0,2,100,0,Full
11:48:35,100,100,0,2,100,0,Full
11:48:35,100,100,0,2,100,0,Full
11:48:36,100,100,0,2,100,0,Full
11:48:36,100,100,0,2,100,0,Full
11:48:37,100,100,0,2,100,0,Full
11:48:37,100,100,0,2,100,0,Full
11:48:38,100,100,0,2,100,0,Full
11:48:38,100,100,0,2,100,0,Full
11:48:39,100,100,0,2,100,0,Full
11:48:39,100,100,0,2,100,0,Full
11:48:40,100,100,0,2,100,0,Full
11:48:40,100,100,0,2,100,0,Full
11:48:41,100,100,0,2,100,0,Full
11:48:41,100,100,0,2,100,0,Full
11:48:42,100,100,0,2,100,0,Full
11:48:42,100,100,0,2,100,0,Full
11:48:43,100,100,0,2,100,0,Full
11:48:43,100,100,0,2,100,0,Full
11:48:44,100,100,0,2,100,0,Full
11:48:44,100,100,0,2,100,0,Full
11:48:45,100,100,0,2,100,0,Full
11:48:45,100,100,0,2,100,0,Full
11:48:46,100,100,0,2,100,0,Full
11:48:46,100,100,0,2,100,0,Full
11:48:47,100,100,0,2,100,0,Full
11:48:47,100,100,0,2,100,0,Full
11:48:48,100,100,0,2,100,0,Full
11:48:48,100,100,0,2,100,0,Full
11:48:49,100,100,0,2,100,0,Full
11:48:49,100,100,0,2,100,0,Full
11:48:50,100,100,0,2,100,0,Full
11:48:50,100,100,0,2,100,0,Full
11:48:51,100,100,0,2,100,0,Full
11:48:51,100,100,0,2,100,0,Full
11:48:52,100,100,0,2,100,0,Full
11:48:52,100,100,0,2,100,0,Full
11:48:53,100,100,0,2,100,0,Full
11:48:53,100,100,0,2,100,0,Full
11:48:54,100,100,0,2,100,0,Full
11:48:54,100,100,0,2,100,0,Full
11:48:55,100,100,0,2,100,0,Full
11:48:55,100,100,0,2,100,0,Full
11:48:56,100,100,0,2,100,0,Full
11:48:56,100,100,0,2,100,0,Full
11:48:57,100,100,0,2,100,0,Full
11:48:57,100,100,0,2,100,0,Full
11:48:58,100,100,0,2,100,0,Full
11:48:58,100,100,0,2,100,0,Full
11:48:59,100,100,0,2,100,0,Full
11:48:59,100,100,0,2,100,0,Full
11:49:00,100,100,0,2,100,0,Full
11:49:00,100,100,0,2,100,0,Full
11:49:01,100,100,0,2,100,0,Full
11:49:01,100,100,0,2,100,0,Full
11:49:02,100,100,0,2,100,0,Full
11:49:02,100,100,0,2,100,0,Full
11:49:03,100,100,0,2,100,0,Full
11:49:03,100,100,0,2,100,0,Full
11:49:04,100,100,0,2,100,0,Full
11:49:04,100,100,0,2,100,0,Full
11:49:05,100,100,0,2,100,0,Full
11:49:05,100,100,0,2,100,0,Full
11:49:06,100,100,0,2,100,0,Full
11:49:06,100,100,0,2,100,0,Full
11:49:07,100,100,0,2,100,0,Full
11:49:07,100,100,0,2,100,0,Full
11:49:08,100,100,0,2,100,0,Full
11:49:08,100,100,0,2,100,0,Full
11:49:09,100,100,0,2,100,0,Full
11:49:09,100,100,0,2,100,0,Full
11:49:10,100,100,0,2,100,0,Full
11:49:10,100,100,0,2,100,0,Full
11:49:11,100,100,0,2,100,0,Full
11:49:11,100,100,0,2,100,0,Full
11:49:12,100,100,0,2,100,0,Full
11:49:12,100,100,0,2,100,0,Full
11:49:13,100,100,0,2,100,0,Full
11:49:13,100,100,0,2,100,0,Full
11:49:14,100,100,0,2,100,0,Full
11:49:14,100,100,0,2,100,0,Full
11:49:15,100,100,0,2,100,0,Full
11:49:15,100,100,0,2,100,0,Full
11:49:16,100,100,0,2,100,0,Full
11:49:16,100,100,0,2,100,0,Full
11:49:17,100,100,0,2,100,0,Full
11:49:17,100,100,0,2,100,0,Full
11:49:18,100,100,0,2,100,0,Full
11:49:18,100,100,0,2,100,0,Full
11:49:19,100,100,0,2,100,0,Full
11:49:19,100,100,0,2,100,0,Full
11:49:20,100,100,0,2,100,0,Full
11:49:20,100,100,0,2,100,0,Full
11:49:21,100,100,0,2,100,0,Full
11:49:21,100,100,0,2,100,0,Full
11:49:22,100,100,0,2,100,0,Full
11:49:22,100,100,0,2,100,0,Full
11:49:23,100,100,0,2,100,0,Full
11:49:23,100,100,0,2,100,0,Full
11:49:24,100,100,0,2,100,0,Full
11:49:24,100,100,0,2,100,0,Full
11:49:25,100,100,0,2,100,0,Full
11:49:25,100,100,0,2,100,0,Full
11:49:26,100,100,0,2,100,0,Full
11:49:26,100,100,0,2,100,0,Full
11:49:27,100,100,0,2,100,0,Full
11:49:27,100,100,0,2,100,0,Full
11:49:28,100,100,0,2,100,0,Full
11:49:28,100,100,0,2,100,0,Full
11:49:29,100,100,0,2,100,0,Full
11:49:29,100,100,0,2,100,0,Full
11:49:30,100,100,0,2,100,0,Full
11:49:30,100,100,0,2,100,0,Full
11:49:31,100,100,0,2,100,0,Full
11:49:31,100,100,0,2,100,0,Full
11:49:32,100,100,0,2,100,0,Full
11:49:32,100,100,0,2,100,0,Full
11:49:33,100,100,0,2,100,0,Full
11:49:33,100,100,0,2,100,0,Full
11:49:34,100,100,0,2,100,0,Full
11:49:34,100,100,0,2,100,0,Full
11:49:35,100,100,0,2,100,0,Full
11:49:35,100,100,0,2,100,0,Full
11:49:36,100,100,0,2,100,0,Full
11:49:36,100,100,0,2,100,0,Full
11:49:37,100,100,0,2,100,0,Full
11:49:37,100,100,0,2,100,0,Full
11:49:38,100,100,0,2,100,0,Full
11:49:38,100,100,0,2,100,0,Full
11:49:39,100,100,0,2,100,0,Full
11:49:39,100,100,0,2,100,0,Full
11:49:40,100,100,0,2,100,0,Full
11:49:40,100,100,0,2,100,0,Full
11:49:41,100,100,0,2,100,0,Full
11:49:41,100,100,0,2,100,0,Full
11:49:42,100,100,0,2,100,0,Full
11:49:42,100,100,0,2,100,0,Full
11:49:43,100,100,0,2,100,0,Full
11:49:43,100,100,0,2,100,0,Full
11:49:44,100,100,0,2,100,0,Full
11:49:44,100,100,0,2,100,0,Full
11:49:45,100,100,0,2,100,0,Full
11:49:45,100,100,0,2,100,0,Full
11:49:46,100,100,0,2,100,0,Full
11:49:46,100,100,0,2,100,0,Full
11:49:47,100,100,0,2,100,0,Full
11:49:47,100,100,0,2,100,0,Full
11:49:48,100,100,0,2,100,0,Full
11:49:48,100,100,0,2,100,0,Full
11:49:49,100,100,0,2,100,0,Full
11:49:49,100,100,0,2,100,0,Full
11:49:50,100,100,0,2,100,0,Full
11:49:50,100,100,0,2,100,0,Full
11:49:51,100,100,0,2,100,0,Full
11:49:51,100,100,0,2,100,0,Full
11:49:52,100,100,0,2,100,0,Full
11:49:52,100,100,0,2,100,0,Full
11:49:53,100,100,0,2,100,0,Full
11:49:53,100,100,0,2,100,0,Full
11:49:54,100,100,0,2,100,0,Full
11:49:54,100,100,0,2,100,0,Full
11:49:55,100,100,0,2,100,0,Full
11:49:55,100,100,0,2,100,0,Full
11:49:56,100,100,0,2,100,0,Full
11:49:56,100,100,0,2,100,0,Full
11:49:57,100,100,0,2,100,0,Full
11:49:57,100,100,0,2,100,0,Full
11:49:58,100,100,0,2,100,0,Full
11:49:58,100,100,0,2,100,0,Full
11:49:59,100,100,0,2,100,0,Full
11:49:59,100,100,0,2,100,0,Full
11:50:00,100,100,0,2,100,0,Full
11:50:00,100,100,0,2,100,0,Full
11:50:01,100,100,0,2,100,0,Full
11:50:01,100,100,0,2,100,0,Full
11:50:02,100,100,0,2,100,0,Full
11:50:02,100,100,0,2,100,0,Full
11:50:03,100,100,0,2,100,0,Full
11:50:03,100,100,0,2,100,0,Full
11:50:04,100,100,0,2,100,0,Full
11:50:04,100,100,0,2,100,0,Full
11:50:05,100,100,0,2,100,0,Full
11:50:05,100,100,0,2,100,0,Full
11:50:06,100,100,0,2,100,0,Full
11:50:06,100,100,0,2,100,0,Full
11:50:07,100,100,0,2,100,0,Full
11:50:07,100,100,0,2,100,0,Full
11:50:08,100,100,0,2,100,0,Full
11:50:08,100,100,0,2,100,0,Full
11:50:09,100,100,0,2,100,0,Full
11:50:09,100,100,0,2,100,0,Full
11:50:10,100,100,0,2,100,0,Full
11:50:10,100,100,0,2,100,0,Full
11:50:11,100,100,0,2,100,0,Full
11:50:11,100,100,0,2,100,0,Full
11:50:12,100,100,0,2,100,0,Full
11:50:12,100,100,0,2,100,0,Full
11:50:13,100,100,0,2,100,0,Full
11:50:13,100,100,0,2,100,0,Full
11:50:14,100,100,0,2,100,0,Full
11:50:14,100,100,0,2,100,0,Full
11:50:15,100,100,0,2,100,0,Full
11:50:15,100,100,0,2,100,0,Full
11:50:16,100,100,0,2,100,0,Full
11:50:16,100,100,0,2,100,0,Full
11:50:17,100,100,0,2,100,0,Full
11:50:17,100,100,0,2,100,0,Full
11:50:18,100,100,0,2,100,0,Full
11:50:18,100,100,0,2,100,0,Full
11:50:19,100,100,0,2,100,0,Full
11:50:19,100,100,0,2,100,0,Full
11:50:20,100,100,0,2,100,0,Full
11:50:20,100,100,0,2,100,0,Full
11:50:21,100,100,0,2,100,0,Full
11:50:21,100,100,0,2,100,0,Full
11:50:22,100,100,0,2,100,0,Full
11:50:22,100,100,0,2,100,0,Full
11:50:23,100,100,0,2,100,0,Full
11:50:23,100,100,0,2,100,0,Full
11:50:24,100,100,0,2,100,0,Full
11:50:24,100,100,0,2,100,0,Full
11:50:25,100,100,0,2,100,0,Full
11:50:25,100,100,0,2,100,0,Full
11:50:26,100,100,0,2,100,0,Full
11:50:26,100,100,0,2,100,0,Full
11:50:27,100,100,0,2,100,0,Full
11:50:27,100,100,0,2,100,0,Full
11:50:28,100,100,0,2,100,0,Full
11:50:28,100,100,0,2,100,0,Full
11:50:29,100,100,0,2,100,0,Full
11:50:29,100,100,0,2,100,0,Full
11:50:30,100,100,0,2,100,0,Full
11:50:30,100,100,0,2,100,0,Full
11:50:31,100,100,0,2,100,0,Full
11:50:31,100,100,0,2,100,0,Full
11:50:32,100,100,0,2,100,0,Full
11:50:32,100,100,0,2,100,0,Full
11:50:33,100,100,0,2,100,0,Full
11:50:33,100,100,0,2,100,0,Full
11:50:34,100,100,0,2,100,0,Full
11:50:34,100,100,0,2,100,0,Full
11:50:35,100,100,0,2,100,0,Full
11:50:35,100,100,0,2,100,0,Full
11:50:36,100,100,0,2,100,0,Full
11:50:36,100,100,0,2,100,0,Full
11:50:37,100,100,0,2,100,0,Full
11:50:37,100,100,0,2,100,0,Full
11:50:38,100,100,0,2,100,0,Full
11:50:38,100,100,0,2,100,0,Full
11:50:39,100,100,0,2,100,0,Full
11:50:39,100,100,0,2,100,0,Full
11:50:40,100,100,0,2,100,0,Full
11:50:40,100,100,0,2,100,0,Full
11:50:41,100,100,0,2,100,0,Full
11:50:41,100,100,0,2,100,0,Full
11:50:42,100,100,0,2,100,0,Full
11:50:42,100,100,0,2,100,0,Full
11:50:43,100,100,0,2,100,0,Full
11:50:43,100,100,0,2,100,0,Full
11:50:44,100,100,0,2,100,0,Full
11:50:44,100,100,0,2,100,0,Full
11:50:45,100,100,0,2,100,0,Full
11:50:45,100,100,0,2,100,0,Full
11:50:46,100,100,0,2,100,0,Full
11:50:46,100,100,0,2,100,0,Full
11:50:47,100,100,0,2,100,0,Full
11:50:47,100,100,0,2,100,0,Full
11:50:48,100,100,0,2,100,0,Full
11:50:48,100,100,0,2,100,0,Full
11:50:49,100,100,0,2,100,0,Full
11:50:49,100,100,0,2,100,0,Full
11:50:50,100,100,0,2,100,0,Full
11:50:50,100,100,0,2,100,0,Full
11:50:51,100,100,0,2,100,0,Full
11:50:51,100,100,0,2,100,0,Full
11:50:52,100,100,0,2,100,0,Full
11:50:52,100,100,0,2,100,0,Full
11:50:53,100,100,0,2,100,0,Full
11:50:53,100,100,0,2,100,0,Full
11:50:54,100,100,0,2,100,0,Full
11:50:54,100,100,0,2,100,0,Full
11:50:55,100,100,0,2,100,0,Full
11:50:55,100,100,0,2,100,0,Full
11:50:56,100,100,0,2,100,0,Full
11:50:56,100,100,0,2,100,0,Full
11:50:57,100,100,0,2,100,0,Full
11:50:57,100,100,0,2,100,0,Full
11:50:58,100,100,0,2,100,0,Full
11:50:58,100,100,0,2,100,0,Full
11:50:59,100,100,0,2,100,0,Full
11:50:59,100,100,0,2,100,0,Full
11:51:00,100,100,0,2,100,0,Full
11:51:00,100,100,0,2,100,0,Full
11:51:01,100,100,0,2,100,0,Full
11:51:01,100,100,0,2,100,0,Full
11:51:02,100,100,0,2,100,0,Full
11:51:02,100,100,0,2,100,0,Full
11:51:03,100,100,0,2,100,0,Full
11:51:03,100,100,0,2,100,0,Full
11:51:04,100,100,0,2,100,0,Full
11:51:04,100,100,0,2,100,0,Full
11:51:05,100,100,0,2,100,0,Full
11:51:05,100,100,0,2,100,0,Full
11:51:06,100,100,0,2,100,0,Full
11:51:06,100,100,0,2,100,0,Full
11:51:07,100,100,0,2,100,0,Full
11:51:07,100,100,0,2,100,0,Full
11:51:08,100,100,0,2,100,0,Full
11:51:08,100,100,0,2,100,0,Full
11:51:09,100,100,0,2,100,0,Full
11:51:09,100,100,0,2,100,0,Full
11:51:10,100,100,0,2,100,0,Full
11:51:10,100,100,0,2,100,0,Full
11:51:11,100,100,0,2,100,0,Full
11:51:11,100,100,0,2,100,0,Full
11:51:12,100,100,0,2,100,0,Full
11:51:12,100,100,0,2,100,0,Full
11:51:13,100,100,0,2,100,0,Full
11:51:13,100,100,0,2,100,0,Full
11:51:14,100,100,0,2,100,0,Full
11:51:14,100,100,0,2,100,0,Full
11:51:15,100,100,0,2,100,0,Full
11:51:15,100,100,0,2,100,0,Full
11:51:16,100,100,0,2,100,0,Full
11:51:16,100,100,0,2,100,0,Full
11:51:17,100,100,0,2,100,0,Full
11:51:17,100,100,0,2,100,0,Full
11:51:18,100,100,0,2,100,0,Full
11:51:18,100,100,0,2,100,0,Full
11:51:19,100,100,0,2,100,0,Full
11:51:19,100,100,0,2,100,0,Full
11:51:20,100,100,0,2,100,0,Full
11:51:20,100,100,0,2,100,0,Full
11:51:21,100,100,0,2,100,0,Full
11:51:21,100,100,0,2,100,0,Full
11:51:22,100,100,0,2,100,0,Full
11:51:22,100,100,0,2,100,0,Full
11:51:23,100,100,0,2,100,0,Full
11:51:23,100,100,0,2,100,0,Full
11:51:24,100,100,0,2,100,0,Full
11:51:24,100,100,0,2,100,0,Full
11:51:25,100,100,0,2,100,0,Full
11:51:25,100,100,0,2,100,0,Full
11:51:26,100,100,0,2,100,0,Full
11:51:26,100,100,0,2,100,0,Full
11:51:27,100,100,0,2,100,0,Full
11:51:27,100,100,0,2,100,0,Full
11:51:28,100,100,0,2,100,0,Full
11:51:28,100,100,0,2,100,0,Full
11:51:29,100,100,0,2,100,0,Full
11:51:29,100,100,0,2,100,0,Full
11:51:30,100,100,0,2,100,0,Full
11:51:30,100,100,0,2,100,0,Full
11:51:31,100,100,0,2,100,0,Full
11:51:31,100,100,0,2,100,0,Full
11:51:32,100,100,0,2,100,0,Full
11:51:32,100,100,0,2,100,0,Full
11:51:33,100,100,0,2,100,0,Full
11:51:33,100,100,0,2,100,0,Full
11:51:34,100,100,0,2,100,0,Full
11:51:34,100,100,0,2,100,0,Full
11:51:35,100,100,0,2,100,0,Full
11:51:35,100,100,0,2,100,0,Full
11:51:36,100,100,0,2,100,0,Full
11:51:36,100,100,0,2,100,0,Full
11:51:37,100,100,0,2,100,0,Full
11:51:37,100,100,0,2,100,0,Full
11:51:38,100,100,0,2,100,0,Full
11:51:38,100,100,0,2,100,0,Full
11:51:39,100,100,0,2,100,0,Full
11:51:39,100,100,0,2,100,0,Full
11:51:40,100,100,0,2,100,0,Full
11:51:40,100,100,0,2,100,0,Full
11:51:41,100,100,0,2,100,0,Full
11:51:41,100,100,0,2,100,0,Full
11:51:42,100,100,0,2,100,0,Full
11:51:42,100,100,0,2,100,0,Full
11:51:43,100,100,0,2,100,0,Full
11:51:43,100,100,0,2,100,0,Full
11:51:44,100,100,0,2,100,0,Full
11:51:44,100,100,0,2,100,0,Full
11:51:45,100,100,0,2,100,0,Full
11:51:45,100,100,0,2,100,0,Full
11:51:46,100,100,0,2,100,0,Full
11:51:46,100,100,0,2,100,0,Full
11:51:47,100,100,0,2,100,0,Full
11:51:47,100,100,0,2,100,0,Full
11:51:48,100,100,0,2,100,0,Full
11:51:48,100,100,0,2,100,0,Full
11:51:49,100,100,0,2,100,0,Full
11:51:49,100,100,0,2,100,0,Full
11:51:50,100,100,0,2,100,0,Full
11:51:50,100,100,0,2,100,0,Full
11:51:51,100,100,0,2,100,0,Full
11:51:51,100,100,0,2,100,0,Full
11:51:52,100,100,0,2,100,0,Full
11:51:52,100,100,0,2,100,0,Full
11:51:53,100,100,0,2,100,0,Full
11:51:53,100,100,0,2,100,0,Full
11:51:54,100,100,0,2,100,0,Full
11:51:54,100,100,0,2,100,0,Full
11:51:55,100,100,0,2,100,0,Full
11:51:55,100,100,0,2,100,0,Full
11:51:56,100,100,0,2,100,0,Full
11:51:56,100,100,0,2,100,0,Full
11:51:57,100,100,0,2,100,0,Full
11:51:57,100,100,0,2,100,0,Full
11:51:58,100,100,0,2,100,0,Full
11:51:58,100,100,0,2,100,0,Full
11:51:59,100,100,0,2,100,0,Full
11:51:59,100,100,0,2,100,0,Full
11:52:00,100,100,0,2,100,0,Full
11:52:00,100,100,0,2,100,0,Full
11:52:01,100,100,0,2,100,0,Full
11:52:01,100,100,0,2,100,0,Full
11:52:02,100,100,0,2,100,0,Full
11:52:02,100,100,0,2,100,0,Full
11:52:03,100,100,0,2,100,0,Full
11:52:03,100,100,0,2,100,0,Full
11:52:04,100,100,0,2,100,0,Full
11:52:04,100,100,0,2,100,0,Full
11:52:05,100,100,0,2,100,0,Full
11:52:05,100,100,0,2,100,0,Full
11:52:06,100,100,0,2,100,0,Full
11:52:06,100,100,0,2,100,0,Full
11:52:07,100,100,0,2,100,0,Full
11:52:07,100,100,0,2,100,0,Full
11:52:08,100,100,0,2,100,0,Full
11:52:08,100,100,0,2,100,0,Full
11:52:09,100,100,0,2,100,0,Full
11:52:09,100,100,0,2,100,0,Full
11:52:10,100,100,0,2,100,0,Full
11:52:10,100,100,0,2,100,0,Full
11:52:11,100,100,0,2,100,0,Full
11:52:11,100,100,0,2,100,0,Full
11:52:12,100,100,0,2,100,0,Full
11:52:12,100,100,0,2,100,0,Full
11:52:13,100,100,0,2,100,0,Full
11:52:13,100,100,0,2,100,0,Full
11:52:14,100,100,0,2,100,0,Full
11:52:14,100,100,0,2,100,0,Full
11:52:15,100,100,0,2,100,0,Full
11:52:15,100,100,0,2,100,0,Full
11:52:16,100,100,0,2,100,0,Full
11:52:16,100,100,0,2,100,0,Full
11:52:17,100,100,0,2,100,0,Full
11:52:17,100,100,0,2,100,0,Full
11:52:18,100,100,0,2,100,0,Full
11:52:18,100,100,0,2,100,0,Full
11:52:19,100,100,0,2,100,0,Full
11:52:19,100,100,0,2,100,0,Full
11:52:20,100,100,0,2,100,0,Full
11:52:20,100,100,0,2,100,0,Full
11:52:21,100,100,0,2,100,0,Full
11:52:21,100,100,0,2,100,0,Full
11:52:22,100,100,0,2,100,0,Full
11:52:22,100,100,0,2,100,0,Full
11:52:23,100,100,0,2,100,0,Full
11:52:23,100,100,0,2,100,0,Full
11:52:24,100,100,0,2,100,0,Full
11:52:24,100,100,0,2,100,0,Full
11:52:25,100,100,0,2,100,0,Full
11:52:25,100,100,0,2,100,0,Full
11:52:26,100,100,0,2,100,0,Full
11:52:26,100,100,0,2,100,0,Full
11:52:27,100,100,0,2,100,0,Full
11:52:27,100,100,0,2,100,0,Full
11:52:28,100,100,0,2,100,0,Full
11:52:28,100,100,0,2,100,0,Full
11:52:29,100,100,0,2,100,0,Full
11:52:29,100,100,0,2,100,0,Full
11:52:30,100,100,0,2,100,0,Full
11:52:30,100,100,0,2,100,0,Full
11:52:31,100,100,0,2,100,0,Full
11:52:31,100,100,0,2,100,0,Full
11:52:32,100,100,0,2,100,0,Full
11:52:32,100,100,0,2,100,0,Full
11:52:33,100,100,0,2,100,0,Full
11:52:33,100,100,0,2,100,0,Full
11:52:34,100,100,0,2,100,0,Full
11:52:34,100,100,0,2,100,0,Full
11:52:35,100,100,0,2,100,0,Full
11:52:35,100,100,0,2,100,0,Full
11:52:36,100,100,0,2,100,0,Full
11:52:36,100,100,0,2,100,0,Full
11:52:37,100,100,0,2,100,0,Full
11:52:37,100,100,0,2,100,0,Full
11:52:38,100,100,0,2,100,0,Full
11:52:38,100,100,0,2,100,0,Full
11:52:39,100,100,0,2,100,0,Full
11:52:39,100,100,0,2,100,0,Full
11:52:40,100,100,0,2,100,0,Full
11:52:40,100,100,0,2,100,0,Full
11:52:41,100,100,0,2,100,0,Full
11:52:41,100,100,0,2,100,0,Full
11:52:42,100,100,0,2,100,0,Full
11:52:42,100,100,0,2,100,0,Full
11:52:43,100,100,0,2,100,0,Full
11:52:43,100,100,0,2,100,0,Full
11:52:44,100,100,0,2,100,0,Full
11:52:44,100,100,0,2,100,0,Full
11:52:45,100,100,0,2,100,0,Full
11:52:45,100,100,0,2,100,0,Full
11:52:46,100,100,0,2,100,0,Full
11:52:46,100,100,0,2,100,0,Full
11:52:47,100,100,0,2,100,0,Full
11:52:47,100,100,0,2,100,0,Full
11:52:48,100,100,0,2,100,0,Full
11:52:48,100,100,0,2,100,0,Full
11:52:49,100,100,0,2,100,0,Full
11:52:49,100,100,0,2,100,0,Full
11:52:50,100,100,0,2,100,0,Full
11:52:50,100,100,0,2,100,0,Full
11:52:51,100,100,0,2,100,0,Full
11:52:51,100,100,0,2,100,0,Full
11:52:52,100,100,0,2,100,0,Full
11:52:53,100,100,0,2,100,0,Full
11:52:53,100,100,0,2,100,0,Full
11:52:54,100,100,0,2,100,0,Full
11:52:54,100,100,0,2,100,0,Full
11:52:55,100,100,0,2,100,0,Full
11:52:55,100,100,0,2,100,0,Full
11:52:56,100,100,0,2,100,0,Full
11:52:56,100,100,0,2,100,0,Full
11:52:57,100,100,0,2,100,0,Full
11:52:57,100,100,0,2,100,0,Full
11:52:58,100,100,0,2,100,0,Full
11:52:58,100,100,0,2,100,0,Full
11:52:59,100,100,0,2,100,0,Full
11:52:59,100,100,0,2,100,0,Full
11:53:00,100,100,0,2,100,0,Full
11:53:00,100,100,0,2,100,0,Full
11:53:01,100,100,0,2,100,0,Full
11:53:01,100,100,0,2,100,0,Full
11:53:02,100,100,0,2,100,0,Full
11:53:02,100,100,0,2,100,0,Full
11:53:03,100,100,0,2,100,0,Full
11:53:03,100,100,0,2,100,0,Full
11:53:04,100,100,0,2,100,0,Full
11:53:04,100,100,0,2,100,0,Full
11:53:05,100,100,0,2,100,0,Full
11:53:05,100,100,0,2,100,0,Full
11:53:06,100,100,0,2,100,0,Full
11:53:06,100,100,0,2,100,0,Full
11:53:07,100,100,0,2,100,0,Full
11:53:07,100,100,0,2,100,0,Full
11:53:08,100,100,0,2,100,0,Full
11:53:08,100,100,0,2,100,0,Full
11:53:09,100,100,0,2,100,0,Full
11:53:09,100,100,0,2,100,0,Full
11:53:10,100,100,0,2,100,0,Full
11:53:10,100,100,0,2,100,0,Full
11:53:11,100,100,0,2,100,0,Full
11:53:11,100,100,0,2,100,0,Full
11:53:12,100,100,0,2,100,0,Full
11:53:12,100,100,0,2,100,0,Full
11:53:13,100,100,0,2,100,0,Full
11:53:13,100,100,0,2,100,0,Full
11:53:14,100,100,0,2,100,0,Full
11:53:14,100,100,0,2,100,0,Full
11:53:15,100,100,0,2,100,0,Full
11:53:15,100,100,0,2,100,0,Full
11:53:16,100,100,0,2,100,0,Full
11:53:16,100,100,0,2,100,0,Full
11:53:17,100,100,0,2,100,0,Full
11:53:17,100,100,0,2,100,0,Full
11:53:18,100,100,0,2,100,0,Full
11:53:18,100,100,0,2,100,0,Full
11:53:19,100,100,0,2,100,0,Full
11:53:19,100,100,0,2,100,0,Full
11:53:20,100,100,0,2,100,0,Full
11:53:20,100,100,0,2,100,0,Full
11:53:21,100,100,0,2,100,0,Full
11:53:21,100,100,0,2,100,0,Full
11:53:22,100,100,0,2,100,0,Full
11:53:22,100,100,0,2,100,0,Full
11:53:23,100,100,0,2,100,0,Full
11:53:23,100,100,0,2,100,0,Full
11:53:24,100,100,0,2,100,0,Full
11:53:24,100,100,0,2,100,0,Full
11:53:25,100,100,0,2,100,0,Full
11:53:25,100,100,0,2,100,0,Full
11:53:26,100,100,0,2,100,0,Full
11:53:26,100,100,0,2,100,0,Full
11:53:27,100,100,0,2,100,0,Full
11:53:27,100,100,0,2,100,0,Full
11:53:28,100,100,0,2,100,0,Full
11:53:28,100,100,0,2,100,0,Full
11:53:29,100,100,0,2,100,0,Full
11:53:29,100,100,0,2,100,0,Full
11:53:30,100,100,0,2,100,0,Full
11:53:30,100,100,0,2,100,0,Full
11:53:31,100,100,0,2,100,0,Full
11:53:31,100,100,0,2,100,0,Full
11:53:32,100,100,0,2,100,0,Full
11:53:32,100,100,0,2,100,0,Full
11:53:33,100,100,0,2,100,0,Full
11:53:33,100,100,0,2,100,0,Full
11:53:34,100,100,0,2,100,0,Full
11:53:34,100,100,0,2,100,0,Full
11:53:35,100,100,0,2,100,0,Full
11:53:35,100,100,0,2,100,0,Full
11:53:36,100,100,0,2,100,0,Full
11:53:36,100,100,0,2,100,0,Full
11:53:37,100,100,0,2,100,0,Full
11:53:37,100,100,0,2,100,0,Full
11:53:38,100,100,0,2,100,0,Full
11:53:38,100,100,0,2,100,0,Full
11:53:39,100,100,0,2,100,0,Full
11:53:39,100,100,0,2,100,0,Full
11:53:40,100,100,0,2,100,0,Full
11:53:40,100,100,0,2,100,0,Full
11:53:41,100,100,0,2,100,0,Full
11:53:41,100,100,0,2,100,0,Full
11:53:42,100,100,0,2,100,0,Full
11:53:42,100,100,0,2,100,0,Full
11:53:43,100,100,0,2,100,0,Full
11:53:43,100,100,0,2,100,0,Full
11:53:44,100,100,0,2,100,0,Full
11:53:44,100,100,0,2,100,0,Full
11:53:45,100,100,0,2,100,0,Full
11:53:45,100,100,0,2,100,0,Full
11:53:46,100,100,0,2,100,0,Full
11:53:46,100,100,0,2,100,0,Full
11:53:47,100,100,0,2,100,0,Full
11:53:47,100,100,0,2,100,0,Full
11:53:48,100,100,0,2,100,0,Full
11:53:48,100,100,0,2,100,0,Full
11:53:49,100,100,0,2,100,0,Full
11:53:49,100,100,0,2,100,0,Full
11:53:50,100,100,0,2,100,0,Full
11:53:50,100,100,0,2,100,0,Full
11:53:51,100,100,0,2,100,0,Full
11:53:51,100,100,0,2,100,0,Full
11:53:52,100,100,0,2,100,0,Full
11:53:52,100,100,0,2,100,0,Full
11:53:53,100,100,0,2,100,0,Full
11:53:53,100,100,0,2,100,0,Full
11:53:54,100,100,0,2,100,0,Full
11:53:54,100,100,0,2,100,0,Full
11:53:55,100,100,0,2,100,0,Full
11:53:55,100,100,0,2,100,0,Full
11:53:56,100,100,0,2,100,0,Full
11:53:56,100,100,0,2,100,0,Full
11:53:57,100,100,0,2,100,0,Full
11:53:57,100,100,0,2,100,0,Full
11:53:58,100,100,0,2,100,0,Full
11:53:58,100,100,0,2,100,0,Full
11:53:59,100,100,0,2,100,0,Full
11:53:59,100,100,0,2,100,0,Full
11:54:00,100,100,0,2,100,0,Full
11:54:00,100,100,0,2,100,0,Full
11:54:01,100,100,0,2,100,0,Full
11:54:01,100,100,0,2,100,0,Full
11:54:02,100,100,0,2,100,0,Full
11:54:02,100,100,0,2,100,0,Full
11:54:03,100,100,0,2,100,0,Full
11:54:03,100,100,0,2,100,0,Full
11:54:04,100,100,0,2,100,0,Full
11:54:04,100,100,0,2,100,0,Full
11:54:05,100,100,0,2,100,0,Full
11:54:05,100,100,0,2,100,0,Full
11:54:06,100,100,0,2,100,0,Full
11:54:06,100,100,0,2,100,0,Full
11:54:07,100,100,0,2,100,0,Full
11:54:07,100,100,0,2,100,0,Full
11:54:08,100,100,0,2,100,0,Full
11:54:08,100,100,0,2,100,0,Full
11:54:09,100,100,0,2,100,0,Full
11:54:09,100,100,0,2,100,0,Full
11:54:10,100,100,0,2,100,0,Full
11:54:10,100,100,0,2,100,0,Full
11:54:11,100,100,0,2,100,0,Full
11:54:11,100,100,0,2,100,0,Full
11:54:12,100,100,0,2,100,0,Full
11:54:12,100,100,0,2,100,0,Full
11:54:13,100,100,0,2,100,0,Full
11:54:13,100,100,0,2,100,0,Full
11:54:14,100,100,0,2,100,0,Full
11:54:14,100,100,0,2,100,0,Full
11:54:15,100,100,0,2,100,0,Full
11:54:15,100,100,0,2,100,0,Full
11:54:16,100,100,0,2,100,0,Full
11:54:16,100,100,0,2,100,0,Full
11:54:17,100,100,0,2,100,0,Full
11:54:17,100,100,0,2,100,0,Full
11:54:18,100,100,0,2,100,0,Full
11:54:18,100,100,0,2,100,0,Full
11:54:19,100,100,0,2,100,0,Full
11:54:19,100,100,0,2,100,0,Full
11:54:20,100,100,0,2,100,0,Full
11:54:20,100,100,0,2,100,0,Full
11:54:21,100,100,0,2,100,0,Full
11:54:21,100,100,0,2,100,0,Full
11:54:22,100,100,0,2,100,0,Full
11:54:22,100,100,0,2,100,0,Full
11:54:23,100,100,0,2,100,0,Full
11:54:23,100,100,0,2,100,0,Full
11:54:24,100,100,0,2,100,0,Full
11:54:24,100,100,0,2,100,0,Full
11:54:25,100,100,0,2,100,0,Full
11:54:25,100,100,0,2,100,0,Full
11:54:26,100,100,0,2,100,0,Full
11:54:26,100,100,0,2,100,0,Full
11:54:27,100,100,0,2,100,0,Full
11:54:27,100,100,0,2,100,0,Full
11:54:28,100,100,0,2,100,0,Full
11:54:28,100,100,0,2,100,0,Full
11:54:29,100,100,0,2,100,0,Full
11:54:29,100,100,0,2,100,0,Full
11:54:30,100,100,0,2,100,0,Full
11:54:30,100,100,0,2,100,0,Full
11:54:31,100,100,0,2,100,0,Full
11:54:31,100,100,0,2,100,0,Full
11:54:32,100,100,0,2,100,0,Full
11:54:32,100,100,0,2,100,0,Full
11:54:33,100,100,0,2,100,0,Full
11:54:33,100,100,0,2,100,0,Full
11:54:34,100,100,0,2,100,0,Full
11:54:34,100,100,0,2,100,0,Full
11:54:35,100,100,0,2,100,0,Full
11:54:35,100,100,0,2,100,0,Full
11:54:36,100,100,0,2,100,0,Full
11:54:36,100,100,0,2,100,0,Full
11:54:37,100,100,0,2,100,0,Full
11:54:37,100,100,0,2,100,0,Full
11:54:38,100,100,0,2,100,0,Full
11:54:38,100,100,0,2,100,0,Full
11:54:39,100,100,0,2,100,0,Full
11:54:39,100,100,0,2,100,0,Full
11:54:40,100,100,0,2,100,0,Full
11:54:40,100,100,0,2,100,0,Full
11:54:41,100,100,0,2,100,0,Full
11:54:41,100,100,0,2,100,0,Full
11:54:42,100,100,0,2,100,0,Full
11:54:42,100,100,0,2,100,0,Full
11:54:43,100,100,0,2,100,0,Full
11:54:43,100,100,0,2,100,0,Full
11:54:44,100,100,0,2,100,0,Full
11:54:44,100,100,0,2,100,0,Full
11:54:45,100,100,0,2,100,0,Full
11:54:45,100,100,0,2,100,0,Full
11:54:46,100,100,0,2,100,0,Full
11:54:46,100,100,0,2,100,0,Full
11:54:47,100,100,0,2,100,0,Full
11:54:47,100,100,0,2,100,0,Full
11:54:48,100,100,0,2,100,0,Full
11:54:48,100,100,0,2,100,0,Full
11:54:49,100,100,0,2,100,0,Full
11:54:49,100,100,0,2,100,0,Full
11:54:50,100,100,0,2,100,0,Full
11:54:50,100,100,0,2,100,0,Full
11:54:51,100,100,0,2,100,0,Full
11:54:51,100,100,0,2,100,0,Full
11:54:52,100,100,0,2,100,0,Full
11:54:52,100,100,0,2,100,0,Full
11:54:53,100,100,0,2,100,0,Full
11:54:53,100,100,0,2,100,0,Full
11:54:54,100,100,0,2,100,0,Full
11:54:54,100,100,0,2,100,0,Full
11:54:55,100,100,0,2,100,0,Full
11:54:55,100,100,0,2,100,0,Full
11:54:56,100,100,0,2,100,0,Full
11:54:56,100,100,0,2,100,0,Full
11:54:57,100,100,0,2,100,0,Full
11:54:57,100,100,0,2,100,0,Full
11:54:58,100,100,0,2,100,0,Full
11:54:58,100,100,0,2,100,0,Full
11:54:59,100,100,0,2,100,0,Full
11:54:59,100,100,0,2,100,0,Full
11:55:00,100,100,0,2,100,0,Full
11:55:00,100,100,0,2,100,0,Full
11:55:01,100,100,0,2,100,0,Full
11:55:01,100,100,0,2,100,0,Full
11:55:02,100,100,0,2,100,0,Full
11:55:02,100,100,0,2,100,0,Full
11:55:03,100,100,0,2,100,0,Full
11:55:03,100,100,0,2,100,0,Full
11:55:04,100,100,0,2,100,0,Full
11:55:04,100,100,0,2,100,0,Full
11:55:05,100,100,0,2,100,0,Full
11:55:05,100,100,0,2,100,0,Full
11:55:06,100,100,0,2,100,0,Full
11:55:06,100,100,0,2,100,0,Full
11:55:07,100,100,0,2,100,0,Full
11:55:07,100,100,0,2,100,0,Full
11:55:08,100,100,0,2,100,0,Full
11:55:08,100,100,0,2,100,0,Full
11:55:09,100,100,0,2,100,0,Full
11:55:09,100,100,0,2,100,0,Full
11:55:10,100,100,0,2,100,0,Full
11:55:10,100,100,0,2,100,0,Full
11:55:11,100,100,0,2,100,0,Full
11:55:11,100,100,0,2,100,0,Full
11:55:12,100,100,0,2,100,0,Full
11:55:12,100,100,0,2,100,0,Full
11:55:13,100,100,0,2,100,0,Full
11:55:13,100,100,0,2,100,0,Full
11:55:14,100,100,0,2,100,0,Full
11:55:14,100,100,0,2,100,0,Full
11:55:15,100,100,0,2,100,0,Full
11:55:15,100,100,0,2,100,0,Full
11:55:16,100,100,0,2,100,0,Full
11:55:16,100,100,0,2,100,0,Full
11:55:17,100,100,0,2,100,0,Full
11:55:17,100,100,0,2,100,0,Full
11:55:18,100,100,0,2,100,0,Full
11:55:18,100,100,0,2,100,0,Full
11:55:19,100,100,0,2,100,0,Full
11:55:19,100,100,0,2,100,0,Full
11:55:20,100,100,0,2,100,0,Full
11:55:20,100,100,0,2,100,0,Full
11:55:21,100,100,0,2,100,0,Full
11:55:21,100,100,0,2,100,0,Full
11:55:22,100,100,0,2,100,0,Full
11:55:22,100,100,0,2,100,0,Full
11:55:23,100,100,0,2,100,0,Full
11:55:23,100,100,0,2,100,0,Full
11:55:24,100,100,0,2,100,0,Full
11:55:24,100,100,0,2,100,0,Full
11:55:25,100,100,0,2,100,0,Full
11:55:25,100,100,0,2,100,0,Full
11:55:26,100,100,0,2,100,0,Full
11:55:26,100,100,0,2,100,0,Full
11:55:27,100,100,0,2,100,0,Full
11:55:27,100,100,0,2,100,0,Full
11:55:28,100,100,0,2,100,0,Full
11:55:28,100,100,0,2,100,0,Full
11:55:29,100,100,0,2,100,0,Full
11:55:29,100,100,0,2,100,0,Full
11:55:30,100,100,0,2,100,0,Full
11:55:30,100,100,0,2,100,0,Full
11:55:31,100,100,0,2,100,0,Full
11:55:31,100,100,0,2,100,0,Full
11:55:32,100,100,0,2,100,0,Full
11:55:32,100,100,0,2,100,0,Full
11:55:33,100,100,0,2,100,0,Full
11:55:33,100,100,0,2,100,0,Full
11:55:34,100,100,0,2,100,0,Full
11:55:34,100,100,0,2,100,0,Full
11:55:35,100,100,0,2,100,0,Full
11:55:35,100,100,0,2,100,0,Full
11:55:36,100,100,0,2,100,0,Full
11:55:36,100,100,0,2,100,0,Full
11:55:37,100,100,0,2,100,0,Full
11:55:37,100,100,0,2,100,0,Full
11:55:38,100,100,0,2,100,0,Full
11:55:38,100,100,0,2,100,0,Full
11:55:39,100,100,0,2,100,0,Full
11:55:39,100,100,0,2,100,0,Full
11:55:40,100,100,0,2,100,0,Full
11:55:40,100,100,0,2,100,0,Full
11:55:41,100,100,0,2,100,0,Full
11:55:41,100,100,0,2,100,0,Full
11:55:42,100,100,0,2,100,0,Full
11:55:42,100,100,0,2,100,0,Full
11:55:43,100,100,0,2,100,0,Full
11:55:43,100,100,0,2,100,0,Full
11:55:44,100,100,0,2,100,0,Full
11:55:44,100,100,0,2,100,0,Full
11:55:45,100,100,0,2,100,0,Full
11:55:45,100,100,0,2,100,0,Full
11:55:46,100,100,0,2,100,0,Full
11:55:46,100,100,0,2,100,0,Full
11:55:47,100,100,0,2,100,0,Full
11:55:47,100,100,0,2,100,0,Full
11:55:48,100,100,0,2,100,0,Full
11:55:48,100,100,0,2,100,0,Full
11:55:49,100,100,0,2,100,0,Full
11:55:49,100,100,0,2,100,0,Full
11:55:50,100,100,0,2,100,0,Full
11:55:50,100,100,0,2,100,0,Full
11:55:51,100,100,0,2,100,0,Full
11:55:51,100,100,0,2,100,0,Full
11:55:52,100,100,0,2,100,0,Full
11:55:52,100,100,0,2,100,0,Full
11:55:53,100,100,0,2,100,0,Full
11:55:53,100,100,0,2,100,0,Full
11:55:54,100,100,0,2,100,0,Full
11:55:54,100,100,0,2,100,0,Full
11:55:55,100,100,0,2,100,0,Full
11:55:55,100,100,0,2,100,0,Full
11:55:56,100,100,0,2,100,0,Full
11:55:56,100,100,0,2,100,0,Full
11:55:57,100,100,0,2,100,0,Full
11:55:57,100,100,0,2,100,0,Full
11:55:58,100,100,0,2,100,0,Full
11:55:58,100,100,0,2,100,0,Full
11:55:59,100,100,0,2,100,0,Full
11:55:59,100,100,0,2,100,0,Full
11:56:00,100,100,0,2,100,0,Full
11:56:00,100,100,0,2,100,0,Full
11:56:01,100,100,0,2,100,0,Full
11:56:01,100,100,0,2,100,0,Full
11:56:02,100,100,0,2,100,0,Full
11:56:02,100,100,0,2,100,0,Full
11:56:03,100,100,0,2,100,0,Full
11:56:03,100,100,0,2,100,0,Full
11:56:04,100,100,0,2,100,0,Full
11:56:04,100,100,0,2,100,0,Full
11:56:05,100,100,0,2,100,0,Full
11:56:05,100,100,0,2,100,0,Full
11:56:06,100,100,0,2,100,0,Full
11:56:06,100,100,0,2,100,0,Full
11:56:07,100,100,0,2,100,0,Full
11:56:07,100,100,0,2,100,0,Full
11:56:08,100,100,0,2,100,0,Full
11:56:08,100,100,0,2,100,0,Full
11:56:09,100,100,0,2,100,0,Full
11:56:09,100,100,0,2,100,0,Full
11:56:10,100,100,0,2,100,0,Full
11:56:10,100,100,0,2,100,0,Full
11:56:11,100,100,0,2,100,0,Full
11:56:11,100,100,0,2,100,0,Full
11:56:12,100,100,0,2,100,0,Full
11:56:12,100,100,0,2,100,0,Full
11:56:13,100,100,0,2,100,0,Full
11:56:13,100,100,0,2,100,0,Full
11:56:14,100,100,0,2,100,0,Full
11:56:14,100,100,0,2,100,0,Full
11:56:15,100,100,0,2,100,0,Full
11:56:15,100,100,0,2,100,0,Full
11:56:16,100,100,0,2,100,0,Full
11:56:16,100,100,0,2,100,0,Full
11:56:17,100,100,0,2,100,0,Full
11:56:17,100,100,0,2,100,0,Full
11:56:18,100,100,0,2,100,0,Full
11:56:18,100,100,0,2,100,0,Full
11:56:19,100,100,0,2,100,0,Full
11:56:19,100,100,0,2,100,0,Full
11:56:20,100,100,0,2,100,0,Full
11:56:20,100,100,0,2,100,0,Full
11:56:21,100,100,0,2,100,0,Full
11:56:21,100,100,0,2,100,0,Full
11:56:22,100,100,0,2,100,0,Full
11:56:22,100,100,0,2,100,0,Full
11:56:23,100,100,0,2,100,0,Full
11:56:23,100,100,0,2,100,0,Full
11:56:24,100,100,0,2,100,0,Full
11:56:24,100,100,0,2,100,0,Full
11:56:25,100,100,0,2,100,0,Full
11:56:25,100,100,0,2,100,0,Full
11:56:26,100,100,0,2,100,0,Full
11:56:26,100,100,0,2,100,0,Full
11:56:27,100,100,0,2,100,0,Full
11:56:27,100,100,0,2,100,0,Full
11:56:28,100,100,0,2,100,0,Full
11:56:28,100,100,0,2,100,0,Full
11:56:29,100,100,0,2,100,0,Full
11:56:29,100,100,0,2,100,0,Full
11:56:30,100,100,0,2,100,0,Full
11:56:30,100,100,0,2,100,0,Full
11:56:31,100,100,0,2,100,0,Full
11:56:31,100,100,0,2,100,0,Full
11:56:32,100,100,0,2,100,0,Full
11:56:32,100,100,0,2,100,0,Full
11:56:33,100,100,0,2,100,0,Full
11:56:33,100,100,0,2,100,0,Full
11:56:34,100,100,0,2,100,0,Full
11:56:34,100,100,0,2,100,0,Full
11:56:35,100,100,0,2,100,0,Full
11:56:35,100,100,0,2,100,0,Full
11:56:36,100,100,0,2,100,0,Full
11:56:36,100,100,0,2,100,0,Full
11:56:37,100,100,0,2,100,0,Full
11:56:37,100,100,0,2,100,0,Full
11:56:38,100,100,0,2,100,0,Full
11:56:38,100,100,0,2,100,0,Full
11:56:39,100,100,0,2,100,0,Full
11:56:39,100,100,0,2,100,0,Full
11:56:40,100,100,0,2,100,0,Full
11:56:40,100,100,0,2,100,0,Full
11:56:41,100,100,0,2,100,0,Full
11:56:41,100,100,0,2,100,0,Full
11:56:42,100,100,0,2,100,0,Full
11:56:42,100,100,0,2,100,0,Full
11:56:43,100,100,0,2,100,0,Full
11:56:43,100,100,0,2,100,0,Full
11:56:44,100,100,0,2,100,0,Full
11:56:44,100,100,0,2,100,0,Full
11:56:45,100,100,0,2,100,0,Full
11:56:45,100,100,0,2,100,0,Full
11:56:46,100,100,0,2,100,0,Full
11:56:46,100,100,0,2,100,0,Full
11:56:47,100,100,0,2,100,0,Full
11:56:47,100,100,0,2,100,0,Full
11:56:48,100,100,0,2,100,0,Full
11:56:48,100,100,0,2,100,0,Full
11:56:49,100,100,0,2,100,0,Full
11:56:49,100,100,0,2,100,0,Full
11:56:50,100,100,0,2,100,0,Full
11:56:50,100,100,0,2,100,0,Full
11:56:51,100,100,0,2,100,0,Full
11:56:51,100,100,0,2,100,0,Full
11:56:52,100,100,0,2,100,0,Full
11:56:52,100,100,0,2,100,0,Full
11:56:53,100,100,0,2,100,0,Full
11:56:53,100,100,0,2,100,0,Full
11:56:54,100,100,0,2,100,0,Full
11:56:54,100,100,0,2,100,0,Full
11:56:55,100,100,0,2,100,0,Full
11:56:55,100,100,0,2,100,0,Full
11:56:56,100,100,0,2,100,0,Full
11:56:56,100,100,0,2,100,0,Full
11:56:57,100,100,0,2,100,0,Full
11:56:57,100,100,0,2,100,0,Full
11:56:58,100,100,0,2,100,0,Full
11:56:58,100,100,0,2,100,0,Full
11:56:59,100,100,0,2,100,0,Full
11:56:59,100,100,0,2,100,0,Full
11:57:00,100,100,0,2,100,0,Full
11:57:00,100,100,0,2,100,0,Full
11:57:01,100,100,0,2,100,0,Full
11:57:01,100,100,0,2,100,0,Full
11:57:02,100,100,0,2,100,0,Full
11:57:02,100,100,0,2,100,0,Full
11:57:03,100,100,0,2,100,0,Full
11:57:03,100,100,0,2,100,0,Full
11:57:04,100,100,0,2,100,0,Full
11:57:04,100,100,0,2,100,0,Full
11:57:05,100,100,0,2,100,0,Full
11:57:05,100,100,0,2,100,0,Full
11:57:06,100,100,0,2,100,0,Full
11:57:06,100,100,0,2,100,0,Full
11:57:07,100,100,0,2,100,0,Full
11:57:07,100,100,0,2,100,0,Full
11:57:08,100,100,0,2,100,0,Full
11:57:08,100,100,0,2,100,0,Full
11:57:09,100,100,0,2,100,0,Full
11:57:09,100,100,0,2,100,0,Full
11:57:10,100,100,0,2,100,0,Full
11:57:10,100,100,0,2,100,0,Full
11:57:11,100,100,0,2,100,0,Full
11:57:11,100,100,0,2,100,0,Full
11:57:12,100,100,0,2,100,0,Full
11:57:12,100,100,0,2,100,0,Full
11:57:13,100,100,0,2,100,0,Full
11:57:13,100,100,0,2,100,0,Full
11:57:14,100,100,0,2,100,0,Full
11:57:14,100,100,0,2,100,0,Full
11:57:15,100,100,0,2,100,0,Full
11:57:15,100,100,0,2,100,0,Full
11:57:16,100,100,0,2,100,0,Full
11:57:16,100,100,0,2,100,0,Full
11:57:17,100,100,0,2,100,0,Full
11:57:17,100,100,0,2,100,0,Full
11:57:18,100,100,0,2,100,0,Full
11:57:18,100,100,0,2,100,0,Full
11:57:19,100,100,0,2,100,0,Full
11:57:19,100,100,0,2,100,0,Full
11:57:20,100,100,0,2,100,0,Full
11:57:20,100,100,0,2,100,0,Full
11:57:21,100,100,0,2,100,0,Full
11:57:21,100,100,0,2,100,0,Full
11:57:22,100,100,0,2,100,0,Full
11:57:22,100,100,0,2,100,0,Full
11:57:23,100,100,0,2,100,0,Full
11:57:23,100,100,0,2,100,0,Full
11:57:24,100,100,0,2,100,0,Full
11:57:24,100,100,0,2,100,0,Full
11:57:25,100,100,0,2,100,0,Full
11:57:25,100,100,0,2,100,0,Full
11:57:26,100,100,0,2,100,0,Full
11:57:26,100,100,0,2,100,0,Full
11:57:27,100,100,0,2,100,0,Full
11:57:27,100,100,0,2,100,0,Full
11:57:28,100,100,0,2,100,0,Full
11:57:28,100,100,0,2,100,0,Full
11:57:29,100,100,0,2,100,0,Full
11:57:29,100,100,0,2,100,0,Full
11:57:30,100,100,0,2,100,0,Full
11:57:30,100,100,0,2,100,0,Full
11:57:31,100,100,0,2,100,0,Full
11:57:31,100,100,0,2,100,0,Full
11:57:32,100,100,0,2,100,0,Full
11:57:32,100,100,0,2,100,0,Full
11:57:33,100,100,0,2,100,0,Full
11:57:33,100,100,0,2,100,0,Full
11:57:34,100,100,0,2,100,0,Full
11:57:34,100,100,0,2,100,0,Full
11:57:35,100,100,0,2,100,0,Full
11:57:35,100,100,0,2,100,0,Full
11:57:36,100,100,0,2,100,0,Full
11:57:36,100,100,0,2,100,0,Full
11:57:37,100,100,0,2,100,0,Full
11:57:37,100,100,0,2,100,0,Full
11:57:38,100,100,0,2,100,0,Full
11:57:38,100,100,0,2,100,0,Full
11:57:39,100,100,0,2,100,0,Full
11:57:39,100,100,0,2,100,0,Full
11:57:40,100,100,0,2,100,0,Full
11:57:40,100,100,0,2,100,0,Full
11:57:41,100,100,0,2,100,0,Full
11:57:41,100,100,0,2,100,0,Full
11:57:42,100,100,0,2,100,0,Full
11:57:42,100,100,0,2,100,0,Full
11:57:43,100,100,0,2,100,0,Full
11:57:43,100,100,0,2,100,0,Full
11:57:44,100,100,0,2,100,0,Full
11:57:44,100,100,0,2,100,0,Full
11:57:45,100,100,0,2,100,0,Full
11:57:45,100,100,0,2,100,0,Full
11:57:46,100,100,0,2,100,0,Full
11:57:46,100,100,0,2,100,0,Full
11:57:47,100,100,0,2,100,0,Full
11:57:47,100,100,0,2,100,0,Full
11:57:48,100,100,0,2,100,0,Full
11:57:48,100,100,0,2,100,0,Full
11:57:49,100,100,0,2,100,0,Full
11:57:49,100,100,0,2,100,0,Full
11:57:50,100,100,0,2,100,0,Full
11:57:50,100,100,0,2,100,0,Full
11:57:51,100,100,0,2,100,0,Full
11:57:51,100,100,0,2,100,0,Full
11:57:52,100,100,0,2,100,0,Full
11:57:52,100,100,0,2,100,0,Full
11:57:53,100,100,0,2,100,0,Full
11:57:53,100,100,0,2,100,0,Full
11:57:54,100,100,0,2,100,0,Full
11:57:54,100,100,0,2,100,0,Full
11:57:55,100,100,0,2,100,0,Full
11:57:55,100,100,0,2,100,0,Full
11:57:56,100,100,0,2,100,0,Full
11:57:56,100,100,0,2,100,0,Full
11:57:57,100,100,0,2,100,0,Full
11:57:57,100,100,0,2,100,0,Full
11:57:58,100,100,0,2,100,0,Full
11:57:58,100,100,0,2,100,0,Full
11:57:59,100,100,0,2,100,0,Full
11:57:59,100,100,0,2,100,0,Full
11:58:00,100,100,0,2,100,0,Full
11:58:00,100,100,0,2,100,0,Full
11:58:01,100,100,0,2,100,0,Full
11:58:01,100,100,0,2,100,0,Full
11:58:02,100,100,0,2,100,0,Full
11:58:02,100,100,0,2,100,0,Full
11:58:03,100,100,0,2,100,0,Full
11:58:03,100,100,0,2,100,0,Full
11:58:04,100,100,0,2,100,0,Full
11:58:04,100,100,0,2,100,0,Full
11:58:05,100,100,0,2,100,0,Full
11:58:05,100,100,0,2,100,0,Full
11:58:06,100,100,0,2,100,0,Full
11:58:06,100,100,0,2,100,0,Full
11:58:07,100,100,0,2,100,0,Full
11:58:07,100,100,0,2,100,0,Full
11:58:08,100,100,0,2,100,0,Full
11:58:08,100,100,0,2,100,0,Full
11:58:09,100,100,0,2,100,0,Full
11:58:09,100,100,0,2,100,0,Full
11:58:10,100,100,0,2,100,0,Full
11:58:10,100,100,0,2,100,0,Full
11:58:11,100,100,0,2,100,0,Full
11:58:11,100,100,0,2,100,0,Full
11:58:12,100,100,0,2,100,0,Full
11:58:12,100,100,0,2,100,0,Full
11:58:13,100,100,0,2,100,0,Full
11:58:13,100,100,0,2,100,0,Full
11:58:14,100,100,0,2,100,0,Full
11:58:14,100,100,0,2,100,0,Full
11:58:15,100,100,0,2,100,0,Full
11:58:15,100,100,0,2,100,0,Full
11:58:16,100,100,0,2,100,0,Full
11:58:16,100,100,0,2,100,0,Full
11:58:17,100,100,0,2,100,0,Full
11:58:17,100,100,0,2,100,0,Full
11:58:18,100,100,0,2,100,0,Full
11:58:18,100,100,0,2,100,0,Full
11:58:19,100,100,0,2,100,0,Full
11:58:19,100,100,0,2,100,0,Full
11:58:20,100,100,0,2,100,0,Full
11:58:20,100,100,0,2,100,0,Full
11:58:21,100,100,0,2,100,0,Full
11:58:21,100,100,0,2,100,0,Full
11:58:22,100,100,0,2,100,0,Full
11:58:22,100,100,0,2,100,0,Full
11:58:23,100,100,0,2,100,0,Full
11:58:23,100,100,0,2,100,0,Full
11:58:24,100,100,0,2,100,0,Full
11:58:24,100,100,0,2,100,0,Full
11:58:25,100,100,0,2,100,0,Full
11:58:25,100,100,0,2,100,0,Full
11:58:26,100,100,0,2,100,0,Full
11:58:26,100,100,0,2,100,0,Full
11:58:27,100,100,0,2,100,0,Full
11:58:27,100,100,0,2,100,0,Full
11:58:28,100,100,0,2,100,0,Full
11:58:28,100,100,0,2,100,0,Full
11:58:29,100,100,0,2,100,0,Full
11:58:29,100,100,0,2,100,0,Full
11:58:30,100,100,0,2,100,0,Full
11:58:30,100,100,0,2,100,0,Full
11:58:31,100,100,0,2,100,0,Full
11:58:31,100,100,0,2,100,0,Full
11:58:32,100,100,0,2,100,0,Full
11:58:32,100,100,0,2,100,0,Full
11:58:33,100,100,0,2,100,0,Full
11:58:33,100,100,0,2,100,0,Full
11:58:34,100,100,0,2,100,0,Full
11:58:34,100,100,0,2,100,0,Full
11:58:35,100,100,0,2,100,0,Full
11:58:35,100,100,0,2,100,0,Full
11:58:36,100,100,0,2,100,0,Full
11:58:36,100,100,0,2,100,0,Full
11:58:37,100,100,0,2,100,0,Full
11:58:37,100,100,0,2,100,0,Full
11:58:38,100,100,0,2,100,0,Full
11:58:38,100,100,0,2,100,0,Full
11:58:39,100,100,0,2,100,0,Full
11:58:39,100,100,0,2,100,0,Full
11:58:40,100,100,0,2,100,0,Full
11:58:40,100,100,0,2,100,0,Full
11:58:41,100,100,0,2,100,0,Full
11:58:41,100,100,0,2,100,0,Full
11:58:42,100,100,0,2,100,0,Full
11:58:42,100,100,0,2,100,0,Full
11:58:43,100,100,0,2,100,0,Full
11:58:43,100,100,0,2,100,0,Full
11:58:44,100,100,0,2,100,0,Full
11:58:44,100,100,0,2,100,0,Full
11:58:45,100,100,0,2,100,0,Full
11:58:45,100,100,0,2,100,0,Full
