t,phase,ac,status,capacity,charge_now,charge_full,current_ma,voltage_uv,v_per_cell,profile,threshold,reached,oem6,erm_reached,full_24h
2026-09-24T14:24:54,wait_ac,0,Discharging,40,2560000,6400000,5067,14116000,3.529,2,80,0,0x04,0,0
2026-09-24T14:24:59,wait_ac,0,Discharging,40,2560000,6400000,4761,14105000,3.5263,2,80,0,0x04,0,0
2026-09-24T14:25:04,stationary,1,Charging,40,2560000,6400000,0,14148000,3.537,2,80,0,0x04,0,0
2026-09-24T14:25:09,stationary,1,Charging,40,2560000,6400000,2040,15247000,3.8117,2,80,0,0x04,0,0
2026-09-24T14:25:14,stationary,1,Charging,40,2560000,6400000,2040,15293000,3.8232,2,80,0,0x04,0,0
2026-09-24T14:25:19,stationary,1,Charging,40,2560000,6400000,2040,15317000,3.8293,2,80,0,0x04,0,0
2026-09-24T14:25:24,stationary,1,Charging,40,2560000,6400000,2040,15340000,3.835,2,80,0,0x04,0,0
2026-09-24T14:25:30,stationary,1,Charging,41,2624000,6400000,2040,15387000,3.8468,2,80,0,0x04,0,0
2026-09-24T14:25:35,stationary,1,Charging,41,2624000,6400000,2040,15387000,3.8468,2,80,0,0x04,0,0
2026-09-24T14:25:40,stationary,1,Charging,41,2624000,6400000,2040,15387000,3.8468,2,80,0,0x04,0,0
2026-09-24T14:25:45,stationary,1,Charging,41,2624000,6400000,2040,15411000,3.8527,2,80,0,0x04,0,0
2026-09-24T14:25:50,stationary,1,Charging,41,2624000,6400000,2040,15434000,3.8585,2,80,0,0x04,0,0
2026-09-24T14:25:55,stationary,1,Charging,41,2624000,6400000,2040,15434000,3.8585,2,80,0,0x04,0,0
2026-09-24T14:26:00,stationary,1,Charging,41,2624000,6400000,2040,15434000,3.8585,2,80,0,0x04,0,0
2026-09-24T14:26:05,stationary,1,Charging,41,2624000,6400000,2040,15458000,3.8645,2,80,0,0x04,0,0
2026-09-24T14:26:10,stationary,1,Charging,41,2624000,6400000,2040,15458000,3.8645,2,80,0,0x04,0,0
2026-09-24T14:26:15,stationary,1,Charging,41,2624000,6400000,2040,15458000,3.8645,2,80,0,0x04,0,0
2026-09-24T14:26:20,stationary,1,Charging,41,2624000,6400000,2040,15458000,3.8645,2,80,0,0x04,0,0
2026-09-24T14:26:25,stationary,1,Charging,41,2624000,6400000,2040,15481000,3.8702,2,80,0,0x04,0,0
2026-09-24T14:26:30,stationary,1,Charging,41,2624000,6400000,2040,15481000,3.8702,2,80,0,0x04,0,0
2026-09-24T14:26:35,stationary,1,Charging,41,2624000,6400000,2040,15481000,3.8702,2,80,0,0x04,0,0
2026-09-24T14:26:40,stationary,1,Charging,41,2624000,6400000,2040,15481000,3.8702,2,80,0,0x04,0,0
2026-09-24T14:26:45,stationary,1,Charging,41,2624000,6400000,2040,15481000,3.8702,2,80,0,0x04,0,0
2026-09-24T14:26:50,stationary,1,Charging,41,2624000,6400000,2040,15505000,3.8763,2,80,0,0x04,0,0
2026-09-24T14:26:55,stationary,1,Charging,41,2624000,6400000,2040,15505000,3.8763,2,80,0,0xA0,0,0
2026-09-24T14:27:00,stationary,1,Charging,41,2624000,6400000,2040,15505000,3.8763,2,80,0,0x04,0,0
2026-09-24T14:27:05,stationary,1,Charging,41,2624000,6400000,2040,15505000,3.8763,2,80,0,0x04,0,0
2026-09-24T14:27:10,stationary,1,Charging,41,2624000,6400000,2040,15505000,3.8763,2,80,0,0x04,0,0
2026-09-24T14:27:15,stationary,1,Charging,41,2624000,6400000,2040,15505000,3.8763,2,80,0,0x04,0,0
2026-09-24T14:27:20,stationary,1,Charging,42,2688000,6400000,2040,15505000,3.8763,2,80,0,0x04,0,0
2026-09-24T14:27:25,stationary,1,Charging,42,2688000,6400000,2040,15505000,3.8763,2,80,0,0x04,0,0
2026-09-24T14:27:30,stationary,1,Charging,42,2688000,6400000,2040,15528000,3.882,2,80,0,0x04,0,0
2026-09-24T14:27:35,stationary,1,Charging,42,2688000,6400000,2040,15528000,3.882,2,80,0,0x04,0,0
2026-09-24T14:27:40,stationary,1,Charging,42,2688000,6400000,2040,15528000,3.882,2,80,0,0x04,0,0
2026-09-24T14:27:45,stationary,1,Charging,42,2688000,6400000,2040,15528000,3.882,2,80,0,0x04,0,0
2026-09-24T14:27:50,stationary,1,Charging,42,2688000,6400000,2040,15528000,3.882,2,80,0,0x04,0,0
2026-09-24T14:27:55,stationary,1,Charging,42,2688000,6400000,2040,15528000,3.882,2,80,0,0x04,0,0
2026-09-24T14:28:00,stationary,1,Charging,42,2688000,6400000,2040,15528000,3.882,2,80,0,0x04,0,0
2026-09-24T14:28:05,stationary,1,Charging,42,2688000,6400000,2040,15528000,3.882,2,80,0,0x04,0,0
2026-09-24T14:28:10,stationary,1,Charging,42,2688000,6400000,2040,15528000,3.882,2,80,0,0x04,0,0
2026-09-24T14:28:15,stationary,1,Charging,42,2688000,6400000,2040,15528000,3.882,2,80,0,0x04,0,0
2026-09-24T14:28:20,stationary,1,Charging,42,2688000,6400000,2040,15528000,3.882,2,80,0,0x04,0,0
2026-09-24T14:28:25,stationary,1,Charging,42,2688000,6400000,2040,15552000,3.888,2,80,0,0x04,0,0
2026-09-24T14:28:30,stationary,1,Charging,42,2688000,6400000,2040,15552000,3.888,2,80,0,0x04,0,0
2026-09-24T14:28:35,stationary,1,Charging,42,2688000,6400000,2040,15552000,3.888,2,80,0,0x04,0,0
2026-09-24T14:28:40,stationary,1,Charging,42,2688000,6400000,2040,15552000,3.888,2,80,0,0x04,0,0
2026-09-24T14:28:45,stationary,1,Charging,42,2688000,6400000,2040,15552000,3.888,2,80,0,0x04,0,0
2026-09-24T14:28:50,stationary,1,Charging,42,2688000,6400000,2040,15552000,3.888,2,80,0,0x04,0,0
2026-09-24T14:28:55,stationary,1,Charging,42,2688000,6400000,2040,15552000,3.888,2,80,0,0x04,0,0
2026-09-24T14:29:00,stationary,1,Charging,42,2688000,6400000,2040,15552000,3.888,2,80,0,0x04,0,0
2026-09-24T14:29:05,stationary,1,Charging,42,2688000,6400000,2040,15552000,3.888,2,80,0,0x04,0,0
2026-09-24T14:29:10,stationary,1,Charging,42,2688000,6400000,2040,15552000,3.888,2,80,0,0x04,0,0
2026-09-24T14:29:15,stationary,1,Charging,43,2752000,6400000,2040,15552000,3.888,2,80,0,0x04,0,0
2026-09-24T14:29:20,stationary,1,Charging,43,2752000,6400000,2040,15552000,3.888,2,80,0,0x04,0,0
2026-09-24T14:29:25,stationary,1,Charging,43,2752000,6400000,2040,15552000,3.888,2,80,0,0x04,0,0
2026-09-24T14:29:30,stationary,1,Charging,43,2752000,6400000,2040,15552000,3.888,2,80,0,0x04,0,0
2026-09-24T14:29:35,stationary,1,Charging,43,2752000,6400000,2040,15552000,3.888,2,47,0,0x04,0,0
2026-09-24T14:29:40,stationary,1,Charging,43,2752000,6400000,2040,15552000,3.888,2,80,0,0x04,0,0
2026-09-24T14:29:45,stationary,1,Charging,43,2752000,6400000,2040,15575000,3.8937,2,80,0,0x04,0,0
2026-09-24T14:29:50,stationary,1,Charging,43,2752000,6400000,2040,15575000,3.8937,2,80,0,0x04,0,0
2026-09-24T14:29:55,stationary,1,Charging,43,2752000,6400000,2040,15575000,3.8937,2,80,0,,,
2026-09-24T14:30:00,stationary,1,Charging,43,2752000,6400000,2040,15575000,3.8937,2,80,0,0x04,0,0
2026-09-24T14:30:05,stationary,1,Charging,43,2752000,6400000,2040,15575000,3.8937,2,80,0,0x04,0,0
2026-09-24T14:30:10,stationary,1,Charging,43,2752000,6400000,2040,15575000,3.8937,2,80,0,0x04,0,0
2026-09-24T14:30:15,stationary,1,Charging,43,2752000,6400000,2040,15575000,3.8937,2,80,0,0x04,0,0
2026-09-24T14:30:20,stationary,1,Charging,43,2752000,6400000,2040,15575000,3.8937,2,80,0,0x04,0,0
2026-09-24T14:30:25,stationary,1,Charging,43,2752000,6400000,2040,15575000,3.8937,2,80,0,0x04,0,0
2026-09-24T14:30:30,stationary,1,Charging,43,2752000,6400000,2040,15575000,3.8937,2,80,0,0x04,0,0
2026-09-24T14:30:35,stationary,1,Charging,43,2752000,6400000,2040,15575000,3.8937,2,80,0,0x04,0,0
2026-09-24T14:30:40,stationary,1,Charging,43,2752000,6400000,2040,15575000,3.8937,2,80,0,0x04,0,0
2026-09-24T14:30:45,stationary,1,Charging,43,2752000,6400000,2040,15575000,3.8937,2,80,0,0x04,0,0
2026-09-24T14:30:50,stationary,1,Charging,43,2752000,6400000,2040,15575000,3.8937,2,80,0,0x04,0,0
2026-09-24T14:30:55,stationary,1,Charging,43,2752000,6400000,2040,15575000,3.8937,2,80,0,0x04,0,0
2026-09-24T14:31:00,stationary,1,Charging,43,2752000,6400000,2040,15575000,3.8937,2,80,0,0x04,0,0
2026-09-24T14:31:05,stationary,1,Charging,44,2816000,6400000,2040,15575000,3.8937,2,80,0,0x04,0,0
2026-09-24T14:31:10,stationary,1,Charging,44,2816000,6400000,2040,15575000,3.8937,2,80,0,0x04,0,0
2026-09-24T14:31:15,stationary,1,Charging,44,2816000,6400000,2040,15575000,3.8937,2,80,0,0x04,0,0
2026-09-24T14:31:20,stationary,1,Charging,44,2816000,6400000,2040,15575000,3.8937,2,80,0,0x04,0,0
2026-09-24T14:31:25,stationary,1,Charging,44,2816000,6400000,2040,15598000,3.8995,2,80,0,0x04,0,0
2026-09-24T14:31:30,stationary,1,Charging,44,2816000,6400000,2040,15598000,3.8995,2,80,0,0x04,0,0
2026-09-24T14:31:36,stationary,1,Charging,44,2816000,6400000,2040,15598000,3.8995,2,80,0,0x04,0,0
2026-09-24T14:31:41,stationary,1,Charging,44,2816000,6400000,2040,15598000,3.8995,2,80,0,0x04,0,0
2026-09-24T14:31:46,stationary,1,Charging,44,2816000,6400000,2040,15598000,3.8995,2,80,0,0x04,0,0
2026-09-24T14:31:51,stationary,1,Charging,44,2816000,6400000,2040,15598000,3.8995,2,80,0,0x04,0,0
2026-09-24T14:31:56,stationary,1,Charging,44,2816000,6400000,2040,15598000,3.8995,2,80,0,0x04,0,0
2026-09-24T14:32:01,stationary,1,Charging,44,2816000,6400000,2040,15598000,3.8995,2,80,0,0x04,0,0
2026-09-24T14:32:06,stationary,1,Charging,44,2816000,6400000,2040,15598000,3.8995,2,80,0,0x04,0,0
2026-09-24T14:32:11,stationary,1,Charging,44,2816000,6400000,2040,15598000,3.8995,2,80,0,0x04,0,0
2026-09-24T14:32:16,stationary,1,Charging,44,2816000,6400000,2040,15575000,3.8937,2,80,0,0x04,0,0
2026-09-24T14:32:21,stationary,1,Charging,44,2816000,6400000,2040,15598000,3.8995,2,80,0,0x04,0,0
2026-09-24T14:32:26,stationary,1,Charging,44,2816000,6400000,2040,15598000,3.8995,2,80,0,0x04,0,0
2026-09-24T14:32:31,stationary,1,Charging,44,2816000,6400000,2040,15598000,3.8995,2,80,0,0x04,0,0
2026-09-24T14:32:36,stationary,1,Charging,44,2816000,6400000,2040,15598000,3.8995,2,80,0,0x04,0,0
2026-09-24T14:32:41,stationary,1,Charging,44,2816000,6400000,2040,15598000,3.8995,2,80,0,0x04,0,0
2026-09-24T14:32:46,stationary,1,Charging,44,2816000,6400000,2040,15598000,3.8995,2,80,0,0x04,0,0
2026-09-24T14:32:51,stationary,1,Charging,44,2816000,6400000,2040,15598000,3.8995,2,80,0,0x04,0,0
2026-09-24T14:32:56,stationary,1,Charging,44,2816000,6400000,2040,15622000,3.9055,2,80,0,0x04,0,0
2026-09-24T14:33:01,stationary,1,Charging,45,2880000,6400000,2040,15622000,3.9055,2,80,0,0x04,0,0
2026-09-24T14:33:06,stationary,1,Charging,45,2880000,6400000,2040,15622000,3.9055,2,80,0,0x04,0,0
2026-09-24T14:33:11,stationary,1,Charging,45,2880000,6400000,2040,15622000,3.9055,2,80,0,0x04,0,0
2026-09-24T14:33:16,stationary,1,Charging,45,2880000,6400000,2040,15622000,3.9055,2,80,0,0x04,0,0
2026-09-24T14:33:21,stationary,1,Charging,45,2880000,6400000,2040,15622000,3.9055,2,80,0,0x04,0,0
2026-09-24T14:33:26,stationary,1,Charging,45,2880000,6400000,2040,15622000,3.9055,2,80,0,0x04,0,0
2026-09-24T14:33:31,stationary,1,Charging,45,2880000,6400000,2040,15622000,3.9055,2,80,0,0x04,0,0
2026-09-24T14:33:36,stationary,1,Charging,45,2880000,6400000,2040,15622000,3.9055,2,80,0,0x04,0,0
2026-09-24T14:33:41,stationary,1,Charging,45,2880000,6400000,2040,15622000,3.9055,2,80,0,0x04,0,0
2026-09-24T14:33:46,stationary,1,Charging,45,2880000,6400000,2040,15622000,3.9055,2,80,0,0x04,0,0
2026-09-24T14:33:51,stationary,1,Charging,45,2880000,6400000,2040,15622000,3.9055,2,80,0,0x04,0,0
2026-09-24T14:33:56,stationary,1,Charging,45,2880000,6400000,2040,15622000,3.9055,2,80,0,0x04,0,0
2026-09-24T14:34:01,stationary,1,Charging,45,2880000,6400000,2040,15622000,3.9055,2,80,0,0x04,0,0
2026-09-24T14:34:06,stationary,1,Charging,45,2880000,6400000,2040,15622000,3.9055,2,80,0,0x04,0,0
2026-09-24T14:34:11,stationary,1,Charging,45,2880000,6400000,2040,15622000,3.9055,2,80,0,0x04,0,0
2026-09-24T14:34:16,stationary,1,Charging,45,2880000,6400000,2040,15622000,3.9055,2,80,0,0x04,0,0
2026-09-24T14:34:21,stationary,1,Charging,45,2880000,6400000,2040,15622000,3.9055,2,80,0,0x04,0,0
2026-09-24T14:34:26,stationary,1,Charging,45,2880000,6400000,2040,15622000,3.9055,2,80,0,0x04,0,0
2026-09-24T14:34:31,stationary,1,Charging,45,2880000,6400000,2040,15622000,3.9055,2,80,0,0x04,0,0
2026-09-24T14:34:36,stationary,1,Charging,45,2880000,6400000,2040,15645000,3.9112,2,80,0,0x04,0,0
2026-09-24T14:34:41,stationary,1,Charging,45,2880000,6400000,2040,15645000,3.9112,2,80,0,0x04,0,0
2026-09-24T14:34:46,stationary,1,Charging,45,2880000,6400000,2040,15622000,3.9055,2,80,0,0x04,0,0
2026-09-24T14:34:51,stationary,1,Charging,46,2944000,6400000,2040,15622000,3.9055,2,80,0,0x04,0,0
2026-09-24T14:34:56,stationary,1,Charging,46,2944000,6400000,2040,15645000,3.9112,2,80,0,0x04,0,0
2026-09-24T14:35:01,stationary,1,Charging,46,2944000,6400000,2040,15645000,3.9112,2,80,0,0x04,0,0
2026-09-24T14:35:06,stationary,1,Charging,46,2944000,6400000,2040,15645000,3.9112,2,80,0,0x04,0,0
2026-09-24T14:35:11,stationary,1,Charging,46,2944000,6400000,2040,15645000,3.9112,2,80,0,0x04,0,0
2026-09-24T14:35:16,stationary,1,Charging,46,2944000,6400000,2040,15645000,3.9112,2,80,0,0x04,0,0
2026-09-24T14:35:21,stationary,1,Charging,46,2944000,6400000,2040,15622000,3.9055,2,80,0,0x04,0,0
2026-09-24T14:35:26,stationary,1,Charging,46,2944000,6400000,2040,15645000,3.9112,2,80,0,0x04,0,0
2026-09-24T14:35:31,stationary,1,Charging,46,2944000,6400000,2040,15645000,3.9112,2,80,0,0x04,0,0
2026-09-24T14:35:36,stationary,1,Charging,46,2944000,6400000,2040,15645000,3.9112,2,80,0,0x04,0,0
2026-09-24T14:35:41,stationary,1,Charging,46,2944000,6400000,2040,15645000,3.9112,2,80,0,0x04,0,0
2026-09-24T14:35:46,stationary,1,Charging,46,2944000,6400000,2040,15645000,3.9112,2,80,0,0x04,0,0
2026-09-24T14:35:51,stationary,1,Charging,46,2944000,6400000,2040,15645000,3.9112,2,80,0,0x04,0,0
2026-09-24T14:35:56,stationary,1,Charging,46,2944000,6400000,2040,15645000,3.9112,2,80,0,0x04,0,0
2026-09-24T14:36:01,stationary,1,Charging,46,2944000,6400000,2040,15645000,3.9112,2,80,0,0x04,0,0
2026-09-24T14:36:06,stationary,1,Charging,46,2944000,6400000,2040,15645000,3.9112,2,80,0,0x04,0,0
2026-09-24T14:36:11,stationary,1,Charging,46,2944000,6400000,2040,15645000,3.9112,2,80,0,0x04,0,0
2026-09-24T14:36:16,stationary,1,Charging,46,2944000,6400000,2040,15645000,3.9112,2,80,0,0x04,0,0
2026-09-24T14:36:21,stationary,1,Charging,46,2944000,6400000,2040,15645000,3.9112,2,80,0,0x04,0,0
2026-09-24T14:36:26,stationary,1,Charging,46,2944000,6400000,2040,15669000,3.9173,2,80,0,0x04,0,0
2026-09-24T14:36:31,stationary,1,Charging,46,2944000,6400000,2040,15669000,3.9173,2,80,0,0x04,0,0
2026-09-24T14:36:36,stationary,1,Charging,46,2944000,6400000,2040,15669000,3.9173,2,80,0,0x04,0,0
2026-09-24T14:36:41,stationary,1,Charging,46,2944000,6400000,2040,15669000,3.9173,2,80,0,0x04,0,0
2026-09-24T14:36:46,stationary,1,Charging,47,3008000,6400000,2040,15669000,3.9173,2,80,0,0x04,0,0
2026-09-24T14:36:51,stationary,1,Charging,47,3008000,6400000,2040,15669000,3.9173,2,80,0,0x04,0,0
2026-09-24T14:36:56,stationary,1,Charging,47,3008000,6400000,2040,15669000,3.9173,2,80,0,0x04,0,0
2026-09-24T14:37:01,stationary,1,Charging,47,3008000,6400000,2040,15669000,3.9173,2,80,0,0x04,0,0
2026-09-24T14:37:06,stationary,1,Charging,47,3008000,6400000,2040,15669000,3.9173,2,80,0,0x04,0,0
2026-09-24T14:37:11,stationary,1,Charging,47,3008000,6400000,2040,15669000,3.9173,2,80,0,0x04,0,0
2026-09-24T14:37:16,stationary,1,Charging,47,3008000,6400000,2040,15669000,3.9173,2,80,0,0x04,0,0
2026-09-24T14:37:21,stationary,1,Charging,47,3008000,6400000,2040,15669000,3.9173,2,80,0,0x04,0,0
2026-09-24T14:37:26,stationary,1,Charging,47,3008000,6400000,2040,15669000,3.9173,2,80,0,0x04,0,0
2026-09-24T14:37:31,stationary,1,Charging,47,3008000,6400000,2040,15669000,3.9173,2,80,0,0x04,0,0
2026-09-24T14:37:36,stationary,1,Charging,47,3008000,6400000,2040,15669000,3.9173,2,80,0,0x04,0,0
2026-09-24T14:37:42,stationary,1,Charging,47,3008000,6400000,2040,15669000,3.9173,2,80,0,0x04,0,0
2026-09-24T14:37:47,stationary,1,Charging,47,3008000,6400000,2040,15669000,3.9173,2,80,0,0x04,0,0
2026-09-24T14:37:52,stationary,1,Charging,47,3008000,6400000,2040,15669000,3.9173,2,80,0,0x04,0,0
2026-09-24T14:37:57,stationary,1,Charging,47,3008000,6400000,2040,15669000,3.9173,2,80,0,0x04,0,0
2026-09-24T14:38:02,stationary,1,Charging,47,3008000,6400000,2040,15692000,3.923,2,80,0,0x04,0,0
2026-09-24T14:38:07,stationary,1,Charging,47,3008000,6400000,2040,15692000,3.923,2,80,0,0x04,0,0
2026-09-24T14:38:12,stationary,1,Charging,47,3008000,6400000,2040,15669000,3.9173,2,80,0,0x04,0,0
2026-09-24T14:38:17,stationary,1,Charging,47,3008000,6400000,2040,15669000,3.9173,2,80,0,0x04,0,0
2026-09-24T14:38:22,stationary,1,Charging,47,3008000,6400000,2040,15692000,3.923,2,80,0,0x04,0,0
2026-09-24T14:38:27,stationary,1,Charging,47,3008000,6400000,2040,15692000,3.923,2,80,0,0x04,0,0
2026-09-24T14:38:32,stationary,1,Charging,47,3008000,6400000,2040,15692000,3.923,2,80,0,0x04,0,0
2026-09-24T14:38:37,stationary,1,Charging,48,3072000,6400000,2040,15692000,3.923,2,80,0,0x04,0,0
2026-09-24T14:38:42,stationary,1,Charging,48,3072000,6400000,2040,15692000,3.923,2,80,0,0x04,0,0
2026-09-24T14:38:47,stationary,1,Charging,48,3072000,6400000,2040,15692000,3.923,2,80,0,0x04,0,0
2026-09-24T14:38:52,stationary,1,Charging,48,3072000,6400000,2040,15692000,3.923,2,80,0,0x04,0,0
2026-09-24T14:38:57,stationary,1,Charging,48,3072000,6400000,2040,15692000,3.923,2,80,0,0x04,0,0
2026-09-24T14:39:02,stationary,1,Charging,48,3072000,6400000,2040,15692000,3.923,2,80,0,0x04,0,0
2026-09-24T14:39:07,stationary,1,Charging,48,3072000,6400000,2040,15692000,3.923,2,80,0,0x04,0,0
2026-09-24T14:39:12,stationary,1,Charging,48,3072000,6400000,2040,15692000,3.923,2,80,0,0x04,0,0
2026-09-24T14:39:17,stationary,1,Charging,48,3072000,6400000,2040,15692000,3.923,2,80,0,0x04,0,0
2026-09-24T14:39:22,stationary,1,Charging,48,3072000,6400000,2040,15692000,3.923,2,80,0,0x04,0,0
2026-09-24T14:39:27,stationary,1,Charging,48,3072000,6400000,2040,15692000,3.923,2,80,0,0x04,0,0
2026-09-24T14:39:32,stationary,1,Charging,48,3072000,6400000,2040,15692000,3.923,2,80,0,0x04,0,0
2026-09-24T14:39:37,stationary,1,Charging,48,3072000,6400000,2040,15692000,3.923,2,80,0,0x04,0,0
2026-09-24T14:39:42,stationary,1,Charging,48,3072000,6400000,2040,15716000,3.929,2,80,0,0x04,0,0
2026-09-24T14:39:47,stationary,1,Charging,48,3072000,6400000,2040,15716000,3.929,2,80,0,0x04,0,0
2026-09-24T14:39:52,stationary,1,Charging,48,3072000,6400000,2040,15692000,3.923,2,80,0,0x04,0,0
2026-09-24T14:39:57,stationary,1,Charging,48,3072000,6400000,2040,15716000,3.929,2,80,0,0x04,0,0
2026-09-24T14:40:02,stationary,1,Charging,48,3072000,6400000,2040,15716000,3.929,2,80,0,0x04,0,0
2026-09-24T14:40:07,stationary,1,Charging,48,3072000,6400000,2040,15716000,3.929,2,80,0,0x04,0,0
2026-09-24T14:40:12,stationary,1,Charging,48,3072000,6400000,2040,15716000,3.929,2,80,0,0x04,0,0
2026-09-24T14:40:17,stationary,1,Charging,48,3072000,6400000,2040,15716000,3.929,2,80,0,0x04,0,0
2026-09-24T14:40:22,stationary,1,Charging,48,3072000,6400000,2040,15716000,3.929,2,80,0,0x04,0,0
2026-09-24T14:40:27,stationary,1,Charging,49,3136000,6400000,2040,15716000,3.929,2,80,0,0x04,0,0
2026-09-24T14:40:32,stationary,1,Charging,49,3136000,6400000,2040,15716000,3.929,2,80,0,0x04,0,0
2026-09-24T14:40:37,stationary,1,Charging,49,3136000,6400000,2040,15716000,3.929,2,80,0,0x04,0,0
2026-09-24T14:40:42,stationary,1,Charging,49,3136000,6400000,2040,15716000,3.929,2,80,0,0x04,0,0
2026-09-24T14:40:47,stationary,1,Charging,49,3136000,6400000,2040,15716000,3.929,2,80,0,0x04,0,0
2026-09-24T14:40:52,stationary,1,Charging,49,3136000,6400000,2040,15716000,3.929,2,80,0,0x04,0,0
2026-09-24T14:40:57,stationary,1,Charging,49,3136000,6400000,2040,15716000,3.929,2,80,0,0x04,0,0
2026-09-24T14:41:02,stationary,1,Charging,49,3136000,6400000,2040,15716000,3.929,2,80,0,0x04,0,0
2026-09-24T14:41:07,stationary,1,Charging,49,3136000,6400000,2040,15716000,3.929,2,80,0,0x04,0,0
2026-09-24T14:41:12,stationary,1,Charging,49,3136000,6400000,2040,15716000,3.929,2,80,0,0x04,0,0
2026-09-24T14:41:17,stationary,1,Charging,49,3136000,6400000,2040,15716000,3.929,2,80,0,0x04,0,0
2026-09-24T14:41:22,stationary,1,Charging,49,3136000,6400000,2040,15739000,3.9348,2,80,0,0x04,0,0
2026-09-24T14:41:27,stationary,1,Charging,49,3136000,6400000,2040,15716000,3.929,2,80,0,0x04,0,0
2026-09-24T14:41:32,stationary,1,Charging,49,3136000,6400000,2040,15716000,3.929,2,80,0,0x04,0,0
2026-09-24T14:41:37,stationary,1,Charging,49,3136000,6400000,2040,15739000,3.9348,2,80,0,0x04,0,0
2026-09-24T14:41:42,stationary,1,Charging,49,3136000,6400000,2040,15739000,3.9348,2,80,0,0x04,0,0
2026-09-24T14:41:47,stationary,1,Charging,49,3136000,6400000,2040,15739000,3.9348,2,80,0,0x04,0,0
2026-09-24T14:41:52,stationary,1,Charging,49,3136000,6400000,2040,15739000,3.9348,2,80,0,0x04,0,0
2026-09-24T14:41:57,stationary,1,Charging,49,3136000,6400000,2040,15739000,3.9348,2,80,0,0x04,0,0
2026-09-24T14:42:02,stationary,1,Charging,49,3136000,6400000,2040,15739000,3.9348,2,80,0,0x04,0,0
2026-09-24T14:42:07,stationary,1,Charging,49,3136000,6400000,2040,15739000,3.9348,2,80,0,0x04,0,0
2026-09-24T14:42:12,stationary,1,Charging,49,3136000,6400000,2040,15739000,3.9348,2,80,0,0x04,0,0
2026-09-24T14:42:17,stationary,1,Charging,49,3136000,6400000,2040,15739000,3.9348,2,80,0,0x04,0,0
2026-09-24T14:42:22,stationary,1,Charging,50,3200000,6400000,2040,15739000,3.9348,2,80,0,0x04,0,0
2026-09-24T14:42:27,stationary,1,Charging,50,3200000,6400000,2040,15739000,3.9348,2,80,0,0x04,0,0
2026-09-24T14:42:32,stationary,1,Charging,50,3200000,6400000,2040,15739000,3.9348,2,80,0,0x04,0,0
2026-09-24T14:42:37,stationary,1,Charging,50,3200000,6400000,2040,15739000,3.9348,2,80,0,0x04,0,0
2026-09-24T14:42:42,stationary,1,Charging,50,3200000,6400000,2040,15739000,3.9348,2,80,0,0x04,0,0
2026-09-24T14:42:47,stationary,1,Charging,50,3200000,6400000,2040,15763000,3.9407,2,80,0,0x04,0,0
2026-09-24T14:42:52,stationary,1,Charging,50,3200000,6400000,2040,15763000,3.9407,2,80,0,0x04,0,0
2026-09-24T14:42:57,stationary,1,Charging,50,3200000,6400000,2040,15739000,3.9348,2,80,0,0x04,0,0
2026-09-24T14:43:02,stationary,1,Charging,50,3200000,6400000,2040,15739000,3.9348,2,80,0,0x04,0,0
2026-09-24T14:43:07,stationary,1,Charging,50,3200000,6400000,2040,15763000,3.9407,2,80,0,0x04,0,0
2026-09-24T14:43:12,stationary,1,Charging,50,3200000,6400000,2040,15763000,3.9407,2,80,0,0x04,0,0
2026-09-24T14:43:17,stationary,1,Charging,50,3200000,6400000,2040,15739000,3.9348,2,80,0,0x04,0,0
2026-09-24T14:43:22,stationary,1,Charging,50,3200000,6400000,2040,15763000,3.9407,2,80,0,0x04,0,0
2026-09-24T14:43:27,stationary,1,Charging,50,3200000,6400000,2040,15739000,3.9348,2,80,0,0x04,0,0
2026-09-24T14:43:32,stationary,1,Charging,50,3200000,6400000,2040,15763000,3.9407,2,80,0,0x04,0,0
2026-09-24T14:43:37,stationary,1,Charging,50,3200000,6400000,2040,15763000,3.9407,2,80,0,0x04,0,0
2026-09-24T14:43:42,stationary,1,Charging,50,3200000,6400000,2040,15763000,3.9407,2,80,0,0x04,0,0
2026-09-24T14:43:48,stationary,1,Charging,50,3200000,6400000,2040,15763000,3.9407,2,80,0,0x04,0,0
2026-09-24T14:43:53,stationary,1,Charging,50,3200000,6400000,2040,15763000,3.9407,2,80,0,0x04,0,0
2026-09-24T14:43:58,stationary,1,Charging,50,3200000,6400000,2040,15763000,3.9407,2,80,0,0x04,0,0
2026-09-24T14:44:03,stationary,1,Charging,50,3200000,6400000,2040,15763000,3.9407,2,80,0,0x04,0,0
2026-09-24T14:44:08,stationary,1,Charging,50,3200000,6400000,2040,15763000,3.9407,2,80,0,0x04,0,0
2026-09-24T14:44:13,stationary,1,Charging,50,3200000,6400000,2040,15763000,3.9407,2,80,0,0x04,0,0
2026-09-24T14:44:18,stationary,1,Charging,51,3264000,6400000,2040,15763000,3.9407,2,80,0,0x04,0,0
2026-09-24T14:44:23,stationary,1,Charging,51,3264000,6400000,2040,15763000,3.9407,2,80,0,0x04,0,0
2026-09-24T14:44:28,stationary,1,Charging,51,3264000,6400000,2040,15786000,3.9465,2,80,0,0x04,0,0
2026-09-24T14:44:33,stationary,1,Charging,51,3264000,6400000,2040,15763000,3.9407,2,80,0,0x04,0,0
2026-09-24T14:44:38,stationary,1,Charging,51,3264000,6400000,2040,15763000,3.9407,2,80,0,0x04,0,0
2026-09-24T14:44:43,stationary,1,Charging,51,3264000,6400000,2040,15786000,3.9465,2,80,0,0x04,0,0
2026-09-24T14:44:48,stationary,1,Charging,51,3264000,6400000,2040,15786000,3.9465,2,80,0,0x04,0,0
2026-09-24T14:44:53,stationary,1,Charging,51,3264000,6400000,2040,15786000,3.9465,2,80,0,0x04,0,0
2026-09-24T14:44:58,stationary,1,Charging,51,3264000,6400000,2040,15786000,3.9465,2,80,0,0x04,0,0
2026-09-24T14:45:03,stationary,1,Charging,51,3264000,6400000,2040,15763000,3.9407,2,80,0,0x04,0,0
2026-09-24T14:45:08,stationary,1,Charging,51,3264000,6400000,2040,15786000,3.9465,2,80,0,0x04,0,0
2026-09-24T14:45:13,stationary,1,Charging,51,3264000,6400000,2040,15786000,3.9465,2,80,0,0x04,0,0
2026-09-24T14:45:18,stationary,1,Charging,51,3264000,6400000,2040,15786000,3.9465,2,80,0,0x04,0,0
2026-09-24T14:45:23,stationary,1,Charging,51,3264000,6400000,2040,15786000,3.9465,2,80,0,0x04,0,0
2026-09-24T14:45:28,stationary,1,Charging,51,3264000,6400000,2040,15786000,3.9465,2,80,0,0x04,0,0
2026-09-24T14:45:33,stationary,1,Charging,51,3264000,6400000,2040,15786000,3.9465,2,80,0,0x04,0,0
2026-09-24T14:45:38,stationary,1,Charging,51,3264000,6400000,2040,15786000,3.9465,2,80,0,0x04,0,0
2026-09-24T14:45:43,stationary,1,Charging,51,3264000,6400000,2040,15786000,3.9465,2,80,0,0x04,0,0
2026-09-24T14:45:48,stationary,1,Charging,51,3264000,6400000,2040,15786000,3.9465,2,80,0,0x04,0,0
2026-09-24T14:45:53,stationary,1,Charging,51,3264000,6400000,2040,15786000,3.9465,2,80,0,0x04,0,0
2026-09-24T14:45:58,stationary,1,Charging,51,3264000,6400000,2040,15786000,3.9465,2,80,0,0x04,0,0
2026-09-24T14:46:03,stationary,1,Charging,51,3264000,6400000,2040,15786000,3.9465,2,80,0,0x04,0,0
2026-09-24T14:46:08,stationary,1,Charging,52,3328000,6400000,2040,15786000,3.9465,2,80,0,0x04,0,0
2026-09-24T14:46:13,stationary,1,Charging,52,3328000,6400000,2040,15810000,3.9525,2,80,0,0x04,0,0
2026-09-24T14:46:18,stationary,1,Charging,52,3328000,6400000,2040,15786000,3.9465,2,80,0,0x04,0,0
2026-09-24T14:46:23,stationary,1,Charging,52,3328000,6400000,2040,15810000,3.9525,2,80,0,0x04,0,0
2026-09-24T14:46:28,stationary,1,Charging,52,3328000,6400000,2040,15786000,3.9465,2,80,0,0x04,0,0
2026-09-24T14:46:33,stationary,1,Charging,52,3328000,6400000,2040,15810000,3.9525,2,80,0,0x04,0,0
2026-09-24T14:46:38,stationary,1,Charging,52,3328000,6400000,2040,15810000,3.9525,2,80,0,0x04,0,0
2026-09-24T14:46:43,stationary,1,Charging,52,3328000,6400000,2040,15810000,3.9525,2,80,0,0x04,0,0
2026-09-24T14:46:48,stationary,1,Charging,52,3328000,6400000,2040,15810000,3.9525,2,80,0,0x04,0,0
2026-09-24T14:46:53,stationary,1,Charging,52,3328000,6400000,2040,15810000,3.9525,2,80,0,0x04,0,0
2026-09-24T14:46:58,stationary,1,Charging,52,3328000,6400000,2040,15810000,3.9525,2,80,0,0x04,0,0
2026-09-24T14:47:03,stationary,1,Charging,52,3328000,6400000,2040,15810000,3.9525,2,80,0,0xBE,1,1
2026-09-24T14:47:08,stationary,1,Charging,52,3328000,6400000,2040,15810000,3.9525,2,80,0,0x04,0,0
2026-09-24T14:47:13,stationary,1,Charging,52,3328000,6400000,2040,15810000,3.9525,2,80,0,0x04,0,0
2026-09-24T14:47:18,stationary,1,Charging,52,3328000,6400000,2040,15810000,3.9525,2,80,0,0x04,0,0
2026-09-24T14:47:23,stationary,1,Charging,52,3328000,6400000,2040,15810000,3.9525,2,80,0,0x04,0,0
2026-09-24T14:47:28,stationary,1,Charging,52,3328000,6400000,2040,15810000,3.9525,2,80,0,0x04,0,0
2026-09-24T14:47:33,stationary,1,Charging,52,3328000,6400000,2040,15810000,3.9525,2,80,0,0x04,0,0
2026-09-24T14:47:38,stationary,1,Charging,52,3328000,6400000,2040,15810000,3.9525,2,80,0,0x04,0,0
2026-09-24T14:47:43,stationary,1,Charging,52,3328000,6400000,2040,15810000,3.9525,2,80,0,0x04,0,0
2026-09-24T14:47:48,stationary,1,Charging,52,3328000,6400000,2040,15810000,3.9525,2,80,0,0x04,0,0
2026-09-24T14:47:53,stationary,1,Charging,52,3328000,6400000,2040,15810000,3.9525,2,80,0,0x04,0,0
2026-09-24T14:47:58,stationary,1,Charging,53,3392000,6400000,2040,15810000,3.9525,2,80,0,0x04,0,0
2026-09-24T14:48:03,stationary,1,Charging,53,3392000,6400000,2040,15833000,3.9583,2,80,0,0x04,0,0
2026-09-24T14:48:08,stationary,1,Charging,53,3392000,6400000,2040,15833000,3.9583,2,80,0,0x04,0,0
2026-09-24T14:48:13,stationary,1,Charging,53,3392000,6400000,2040,15833000,3.9583,2,80,0,0x04,0,0
2026-09-24T14:48:18,stationary,1,Charging,53,3392000,6400000,2040,15833000,3.9583,2,80,0,0x04,0,0
2026-09-24T14:48:23,stationary,1,Charging,53,3392000,6400000,2040,15833000,3.9583,2,80,0,0x04,0,0
2026-09-24T14:48:28,stationary,1,Charging,53,3392000,6400000,2040,15833000,3.9583,2,80,0,0x04,0,0
2026-09-24T14:48:33,stationary,1,Charging,53,3392000,6400000,2040,15833000,3.9583,2,80,0,0x04,0,0
2026-09-24T14:48:38,stationary,1,Charging,53,3392000,6400000,2040,15833000,3.9583,2,80,0,0x04,0,0
2026-09-24T14:48:43,stationary,1,Charging,53,3392000,6400000,2040,15833000,3.9583,,80,0,0x04,0,0
2026-09-24T14:48:48,stationary,1,Charging,53,3392000,6400000,2040,15833000,3.9583,2,80,0,0x04,0,0
2026-09-24T14:48:53,stationary,1,Charging,53,3392000,6400000,2040,15833000,3.9583,2,80,0,0x04,0,0
2026-09-24T14:48:58,stationary,1,Charging,53,3392000,6400000,2040,15833000,3.9583,2,80,0,0x04,0,0
2026-09-24T14:49:03,stationary,1,Charging,53,3392000,6400000,2040,15833000,3.9583,2,80,0,0x04,0,0
2026-09-24T14:49:08,stationary,1,Charging,53,3392000,6400000,2040,15833000,3.9583,2,80,0,0x04,0,0
2026-09-24T14:49:13,stationary,1,Charging,53,3392000,6400000,2040,15856000,3.964,2,80,0,0x04,0,0
2026-09-24T14:49:18,stationary,1,Charging,53,3392000,6400000,2040,15833000,3.9583,2,80,0,0x04,0,0
2026-09-24T14:49:23,stationary,1,Charging,53,3392000,6400000,2040,15856000,3.964,2,80,0,0x04,0,0
2026-09-24T14:49:28,stationary,1,Charging,53,3392000,6400000,2040,15833000,3.9583,2,80,0,0x04,0,0
2026-09-24T14:49:33,stationary,1,Charging,53,3392000,6400000,2040,15856000,3.964,2,80,0,0x04,0,0
2026-09-24T14:49:38,stationary,1,Charging,53,3392000,6400000,2040,15856000,3.964,2,80,0,0x04,0,0
2026-09-24T14:49:43,stationary,1,Charging,53,3392000,6400000,2040,15833000,3.9583,2,80,0,0x04,0,0
2026-09-24T14:49:49,stationary,1,Charging,53,3392000,6400000,2040,15856000,3.964,2,80,0,0x04,0,0
2026-09-24T14:49:54,stationary,1,Charging,54,3456000,6400000,2040,15856000,3.964,2,80,0,0x04,0,0
2026-09-24T14:49:59,stationary,1,Charging,54,3456000,6400000,2040,15856000,3.964,2,80,0,0x04,0,0
2026-09-24T14:50:04,stationary,1,Charging,54,3456000,6400000,2040,15856000,3.964,2,80,0,0x04,0,0
2026-09-24T14:50:09,stationary,1,Charging,54,3456000,6400000,2040,15856000,3.964,2,80,0,0x04,0,0
2026-09-24T14:50:14,stationary,1,Charging,54,3456000,6400000,2040,15856000,3.964,2,80,0,0x04,0,0
2026-09-24T14:50:19,stationary,1,Charging,54,3456000,6400000,2040,15856000,3.964,2,80,0,0x04,0,0
2026-09-24T14:50:24,stationary,1,Charging,54,3456000,6400000,2040,15856000,3.964,,80,0,0x04,0,0
2026-09-24T14:50:29,stationary,1,Charging,54,3456000,6400000,2040,15856000,3.964,2,80,0,0x04,0,0
2026-09-24T14:50:34,stationary,1,Charging,54,3456000,6400000,2040,15880000,3.97,2,80,0,0x04,0,0
2026-09-24T14:50:39,stationary,1,Charging,54,3456000,6400000,2040,15880000,3.97,2,80,0,0x04,0,0
2026-09-24T14:50:44,stationary,1,Charging,54,3456000,6400000,2040,15856000,3.964,2,80,0,0x04,0,0
2026-09-24T14:50:49,stationary,1,Charging,54,3456000,6400000,2040,15856000,3.964,2,80,0,0x04,0,0
2026-09-24T14:50:54,stationary,1,Charging,54,3456000,6400000,2040,15856000,3.964,2,80,0,0x04,0,0
2026-09-24T14:50:59,stationary,1,Charging,54,3456000,6400000,2040,15856000,3.964,2,80,0,0x04,0,0
2026-09-24T14:51:04,stationary,1,Charging,54,3456000,6400000,2040,15856000,3.964,2,80,0,0x04,0,0
2026-09-24T14:51:09,stationary,1,Charging,54,3456000,6400000,2040,15880000,3.97,2,80,0,0x04,0,0
2026-09-24T14:51:14,stationary,1,Charging,54,3456000,6400000,2040,15880000,3.97,2,80,0,0x04,0,0
2026-09-24T14:51:19,stationary,1,Charging,54,3456000,6400000,2040,15880000,3.97,2,80,0,0x04,0,0
2026-09-24T14:51:24,stationary,1,Charging,54,3456000,6400000,2040,15880000,3.97,2,80,0,0x04,0,0
2026-09-24T14:51:29,stationary,1,Charging,54,3456000,6400000,2040,15880000,3.97,2,80,0,0x04,0,0
2026-09-24T14:51:34,stationary,1,Charging,54,3456000,6400000,2040,15880000,3.97,2,80,0,0x04,0,0
2026-09-24T14:51:39,stationary,1,Charging,54,3456000,6400000,2040,15880000,3.97,2,80,0,0x04,0,0
2026-09-24T14:51:44,stationary,1,Charging,54,3456000,6400000,2040,15880000,3.97,2,80,0,0x04,0,0
2026-09-24T14:51:49,stationary,1,Charging,55,3520000,6400000,2040,15880000,3.97,2,80,0,0x04,0,0
2026-09-24T14:51:54,stationary,1,Charging,55,3520000,6400000,2040,15880000,3.97,2,80,0,0x04,0,0
2026-09-24T14:51:59,stationary,1,Charging,55,3520000,6400000,2040,15880000,3.97,2,80,0,0x04,0,0
2026-09-24T14:52:04,stationary,1,Charging,55,3520000,6400000,2040,15880000,3.97,2,80,0,0x04,0,0
2026-09-24T14:52:09,stationary,1,Charging,55,3520000,6400000,2040,15880000,3.97,2,80,0,0x04,0,0
2026-09-24T14:52:14,stationary,1,Charging,55,3520000,6400000,2040,15880000,3.97,2,80,0,0x04,0,0
2026-09-24T14:52:19,stationary,1,Charging,55,3520000,6400000,2040,15880000,3.97,2,80,0,0x04,0,0
2026-09-24T14:52:24,stationary,1,Charging,55,3520000,6400000,2040,15880000,3.97,2,80,0,0x04,0,0
2026-09-24T14:52:29,stationary,1,Charging,55,3520000,6400000,2040,15880000,3.97,2,80,0,0x04,0,0
2026-09-24T14:52:34,stationary,1,Charging,55,3520000,6400000,2040,15903000,3.9758,2,80,0,0x04,0,0
2026-09-24T14:52:39,stationary,1,Charging,55,3520000,6400000,2040,15903000,3.9758,2,80,0,0x04,0,0
2026-09-24T14:52:44,stationary,1,Charging,55,3520000,6400000,2040,15903000,3.9758,2,80,0,0x04,0,0
2026-09-24T14:52:49,stationary,1,Charging,55,3520000,6400000,2040,15903000,3.9758,2,80,0,0x04,0,0
2026-09-24T14:52:54,stationary,1,Charging,55,3520000,6400000,2040,15903000,3.9758,2,80,0,0x04,0,0
2026-09-24T14:52:59,stationary,1,Charging,55,3520000,6400000,2040,15903000,3.9758,2,80,0,0x04,0,0
2026-09-24T14:53:04,stationary,1,Charging,55,3520000,6400000,2040,15880000,3.97,2,80,0,0x04,0,0
2026-09-24T14:53:09,stationary,1,Charging,55,3520000,6400000,2040,15903000,3.9758,2,80,0,0x04,0,0
2026-09-24T14:53:14,stationary,1,Charging,55,3520000,6400000,2040,15903000,3.9758,2,80,0,0x04,0,0
2026-09-24T14:53:19,stationary,1,Charging,55,3520000,6400000,2040,15903000,3.9758,2,80,0,0x04,0,0
2026-09-24T14:53:24,stationary,1,Charging,55,3520000,6400000,2040,15903000,3.9758,2,80,0,0x04,0,0
2026-09-24T14:53:29,stationary,1,Charging,55,3520000,6400000,2040,15903000,3.9758,2,80,0,0x04,0,0
2026-09-24T14:53:34,stationary,1,Charging,55,3520000,6400000,2040,15903000,3.9758,2,80,0,0x04,0,0
2026-09-24T14:53:39,stationary,1,Charging,56,3584000,6400000,2040,15903000,3.9758,2,80,0,0x04,0,0
2026-09-24T14:53:44,stationary,1,Charging,56,3584000,6400000,2040,15903000,3.9758,2,80,0,0x04,0,0
2026-09-24T14:53:49,stationary,1,Charging,56,3584000,6400000,2040,15903000,3.9758,2,80,0,0x04,0,0
2026-09-24T14:53:54,stationary,1,Charging,56,3584000,6400000,2040,15903000,3.9758,2,80,0,0x04,0,0
2026-09-24T14:53:59,stationary,1,Charging,56,3584000,6400000,2040,15903000,3.9758,2,80,0,0x04,0,0
2026-09-24T14:54:04,stationary,1,Charging,56,3584000,6400000,2040,15903000,3.9758,2,80,0,0x04,0,0
2026-09-24T14:54:09,stationary,1,Charging,56,3584000,6400000,2040,15903000,3.9758,2,80,0,0x04,0,0
2026-09-24T14:54:14,stationary,1,Charging,56,3584000,6400000,2040,15927000,3.9817,2,80,0,0x04,0,0
2026-09-24T14:54:19,stationary,1,Charging,56,3584000,6400000,2040,15927000,3.9817,2,80,0,0x04,0,0
2026-09-24T14:54:24,stationary,1,Charging,56,3584000,6400000,2040,15903000,3.9758,2,80,0,0x04,0,0
2026-09-24T14:54:29,stationary,1,Charging,56,3584000,6400000,2040,15927000,3.9817,2,80,0,0x04,0,0
2026-09-24T14:54:34,stationary,1,Charging,56,3584000,6400000,2040,15927000,3.9817,2,80,0,0x04,0,0
2026-09-24T14:54:39,stationary,1,Charging,56,3584000,6400000,2040,15927000,3.9817,2,80,0,0x04,0,0
2026-09-24T14:54:44,stationary,1,Charging,56,3584000,6400000,2040,15927000,3.9817,2,80,0,0x04,0,0
2026-09-24T14:54:49,stationary,1,Charging,56,3584000,6400000,2040,15927000,3.9817,2,80,0,0x04,0,0
2026-09-24T14:54:54,stationary,1,Charging,56,3584000,6400000,2040,15927000,3.9817,2,80,0,0x04,0,0
2026-09-24T14:54:59,stationary,1,Charging,56,3584000,6400000,2040,15927000,3.9817,2,80,0,0x04,0,0
2026-09-24T14:55:04,stationary,1,Charging,56,3584000,6400000,2040,15927000,3.9817,2,80,0,0x04,0,0
2026-09-24T14:55:09,stationary,1,Charging,56,3584000,6400000,2040,15927000,3.9817,2,80,0,0x04,0,0
2026-09-24T14:55:14,stationary,1,Charging,56,3584000,6400000,2040,15927000,3.9817,2,80,0,0x04,0,0
2026-09-24T14:55:19,stationary,1,Charging,56,3584000,6400000,2040,15927000,3.9817,2,80,0,0x04,0,0
2026-09-24T14:55:24,stationary,1,Charging,56,3584000,6400000,2040,15927000,3.9817,2,80,0,0x04,0,0
2026-09-24T14:55:29,stationary,1,Charging,56,3584000,6400000,2040,15927000,3.9817,2,80,0,0x04,0,0
2026-09-24T14:55:34,stationary,1,Charging,57,3648000,6400000,2040,15950000,3.9875,2,80,0,0x04,0,0
2026-09-24T14:55:39,stationary,1,Charging,57,3648000,6400000,2040,15927000,3.9817,2,80,0,0x04,0,0
2026-09-24T14:55:44,stationary,1,Charging,57,3648000,6400000,2040,15950000,3.9875,2,80,0,0x04,0,0
2026-09-24T14:55:49,stationary,1,Charging,57,3648000,6400000,2040,15950000,3.9875,2,80,0,0x04,0,0
2026-09-24T14:55:55,stationary,1,Charging,57,3648000,6400000,2040,15950000,3.9875,2,80,0,0x04,0,0
2026-09-24T14:56:00,stationary,1,Charging,57,3648000,6400000,2040,15950000,3.9875,2,80,0,0x04,0,0
2026-09-24T14:56:05,stationary,1,Charging,57,3648000,6400000,2040,15950000,3.9875,2,80,0,0x04,0,0
2026-09-24T14:56:10,stationary,1,Charging,57,3648000,6400000,2040,15950000,3.9875,2,80,0,0x04,0,0
2026-09-24T14:56:15,stationary,1,Charging,57,3648000,6400000,2040,15950000,3.9875,2,80,0,0x04,0,0
2026-09-24T14:56:20,stationary,1,Charging,57,3648000,6400000,2040,15950000,3.9875,2,80,0,0x04,0,0
2026-09-24T14:56:25,stationary,1,Charging,57,3648000,6400000,2040,15950000,3.9875,2,80,0,0x04,0,0
2026-09-24T14:56:30,stationary,1,Charging,57,3648000,6400000,2040,15950000,3.9875,2,80,0,0x04,0,0
2026-09-24T14:56:35,stationary,1,Charging,57,3648000,6400000,2040,15950000,3.9875,2,80,0,0x04,0,0
2026-09-24T14:56:40,stationary,1,Charging,57,3648000,6400000,2040,15950000,3.9875,2,80,0,0x04,0,0
2026-09-24T14:56:45,stationary,1,Charging,57,3648000,6400000,2040,15950000,3.9875,2,80,0,0x04,0,0
2026-09-24T14:56:50,stationary,1,Charging,57,3648000,6400000,2040,15950000,3.9875,2,80,0,0x04,0,0
2026-09-24T14:56:55,stationary,1,Charging,57,3648000,6400000,2040,15950000,3.9875,2,80,0,0x04,0,0
2026-09-24T14:57:00,stationary,1,Charging,57,3648000,6400000,2040,15950000,3.9875,2,80,0,0x04,0,0
2026-09-24T14:57:05,stationary,1,Charging,57,3648000,6400000,2040,15974000,3.9935,2,80,0,0x04,0,0
2026-09-24T14:57:10,stationary,1,Charging,57,3648000,6400000,2040,15950000,3.9875,2,80,0,0x04,0,0
2026-09-24T14:57:15,stationary,1,Charging,57,3648000,6400000,2040,15950000,3.9875,2,80,0,0x04,0,0
2026-09-24T14:57:20,stationary,1,Charging,57,3648000,6400000,2040,15974000,3.9935,2,80,0,0x04,0,0
2026-09-24T14:57:25,stationary,1,Charging,58,3712000,6400000,2040,15974000,3.9935,2,80,0,0x04,0,0
2026-09-24T14:57:30,stationary,1,Charging,58,3712000,6400000,2040,15950000,3.9875,2,80,0,0x04,0,0
2026-09-24T14:57:35,stationary,1,Charging,58,3712000,6400000,2040,15974000,3.9935,2,80,0,0x04,0,0
2026-09-24T14:57:40,stationary,1,Charging,58,3712000,6400000,2040,15974000,3.9935,2,80,0,0x04,0,0
2026-09-24T14:57:45,stationary,1,Charging,58,3712000,6400000,2040,15974000,3.9935,2,80,0,0x04,0,0
2026-09-24T14:57:50,stationary,1,Charging,58,3712000,6400000,2040,15974000,3.9935,2,80,0,0x04,0,0
2026-09-24T14:57:55,stationary,1,Charging,58,3712000,6400000,2040,15974000,3.9935,2,80,0,0x04,0,0
2026-09-24T14:58:00,stationary,1,Charging,58,3712000,6400000,2040,15974000,3.9935,2,80,0,0x04,0,0
2026-09-24T14:58:05,stationary,1,Charging,58,3712000,6400000,2040,15974000,3.9935,2,80,0,0x4C,0,1
2026-09-24T14:58:10,stationary,1,Charging,58,3712000,6400000,2040,15974000,3.9935,2,80,0,0x04,0,0
2026-09-24T14:58:15,stationary,1,Charging,58,3712000,6400000,2040,15974000,3.9935,2,80,0,0x04,0,0
2026-09-24T14:58:20,stationary,1,Charging,58,3712000,6400000,2040,15974000,3.9935,2,80,0,0x04,0,0
2026-09-24T14:58:25,stationary,1,Charging,58,3712000,6400000,2040,15974000,3.9935,2,80,0,0x04,0,0
2026-09-24T14:58:30,stationary,1,Charging,58,3712000,6400000,2040,15974000,3.9935,2,80,0,0x04,0,0
2026-09-24T14:58:35,stationary,1,Charging,58,3712000,6400000,2040,15974000,3.9935,2,80,0,0x04,0,0
2026-09-24T14:58:40,stationary,1,Charging,58,3712000,6400000,2040,15974000,3.9935,2,80,0,0x04,0,0
2026-09-24T14:58:45,stationary,1,Charging,58,3712000,6400000,2040,15974000,3.9935,2,80,0,0x04,0,0
2026-09-24T14:58:50,stationary,1,Charging,58,3712000,6400000,2040,15974000,3.9935,2,80,0,0x04,0,0
2026-09-24T14:58:55,stationary,1,Charging,58,3712000,6400000,2040,15974000,3.9935,2,80,0,0x04,0,0
2026-09-24T14:59:00,stationary,1,Charging,58,3712000,6400000,2040,15974000,3.9935,2,80,0,0x04,0,0
2026-09-24T14:59:05,stationary,1,Charging,58,3712000,6400000,2040,15997000,3.9992,2,80,0,0x04,0,0
2026-09-24T14:59:10,stationary,1,Charging,58,3712000,6400000,2040,15974000,3.9935,2,80,0,0x04,0,0
2026-09-24T14:59:15,stationary,1,Charging,59,3776000,6400000,2040,15997000,3.9992,2,80,0,0x04,0,0
2026-09-24T14:59:20,stationary,1,Charging,59,3776000,6400000,2040,15997000,3.9992,2,80,0,0x04,0,0
2026-09-24T14:59:25,stationary,1,Charging,59,3776000,6400000,2040,15997000,3.9992,2,80,0,0x04,0,0
2026-09-24T14:59:30,stationary,1,Charging,59,3776000,6400000,2040,15997000,3.9992,2,80,0,0x04,0,0
2026-09-24T14:59:35,stationary,1,Charging,59,3776000,6400000,2040,15997000,3.9992,2,80,0,0x04,0,0
2026-09-24T14:59:40,stationary,1,Charging,59,3776000,6400000,2040,15997000,3.9992,2,80,0,0x04,0,0
2026-09-24T14:59:45,stationary,1,Charging,59,3776000,6400000,2040,15997000,3.9992,2,80,0,0x04,0,0
2026-09-24T14:59:50,stationary,1,Charging,59,3776000,6400000,2040,15997000,3.9992,2,80,0,0x04,0,0
2026-09-24T14:59:55,stationary,1,Charging,59,3776000,6400000,2040,15997000,3.9992,2,80,0,0x04,0,0
2026-09-24T15:00:00,stationary,1,Charging,59,3776000,6400000,2040,15997000,3.9992,2,80,0,0x04,0,0
2026-09-24T15:00:05,stationary,1,Charging,59,3776000,6400000,2040,15997000,3.9992,2,80,0,0x04,0,0
2026-09-24T15:00:10,stationary,1,Charging,59,3776000,6400000,2040,15997000,3.9992,2,80,0,0x04,0,0
2026-09-24T15:00:15,stationary,1,Charging,59,3776000,6400000,2040,15997000,3.9992,2,80,0,0x04,0,0
2026-09-24T15:00:20,stationary,1,Charging,59,3776000,6400000,2040,15997000,3.9992,2,80,0,0x04,0,0
2026-09-24T15:00:25,stationary,1,Charging,59,3776000,6400000,2040,16021000,4.0053,2,80,0,0x04,0,0
2026-09-24T15:00:30,stationary,1,Charging,59,3776000,6400000,2040,15997000,3.9992,2,80,0,0x04,0,0
2026-09-24T15:00:35,stationary,1,Charging,59,3776000,6400000,2040,15997000,3.9992,2,80,0,0x04,0,0
2026-09-24T15:00:40,stationary,1,Charging,59,3776000,6400000,2040,16021000,4.0053,2,80,0,0x04,0,0
2026-09-24T15:00:45,stationary,1,Charging,59,3776000,6400000,2040,16021000,4.0053,2,80,0,0x04,0,0
2026-09-24T15:00:50,stationary,1,Charging,59,3776000,6400000,2040,16021000,4.0053,2,80,0,0x04,0,0
2026-09-24T15:00:55,stationary,1,Charging,59,3776000,6400000,2040,16021000,4.0053,2,80,0,0x04,0,0
2026-09-24T15:01:00,stationary,1,Charging,59,3776000,6400000,2040,16021000,4.0053,2,80,0,0x04,0,0
2026-09-24T15:01:05,stationary,1,Charging,59,3776000,6400000,2040,16021000,4.0053,2,80,0,0x04,0,0
2026-09-24T15:01:10,stationary,1,Charging,60,3840000,6400000,2040,16021000,4.0053,2,80,0,0x04,0,0
2026-09-24T15:01:15,stationary,1,Charging,60,3840000,6400000,2040,16021000,4.0053,2,80,0,0x04,0,0
2026-09-24T15:01:20,stationary,1,Charging,60,3840000,6400000,2040,16021000,4.0053,2,80,0,0x04,0,0
2026-09-24T15:01:25,stationary,1,Charging,60,3840000,6400000,2040,16021000,4.0053,2,80,0,0x04,0,0
2026-09-24T15:01:30,stationary,1,Charging,60,3840000,6400000,2040,16021000,4.0053,2,80,0,0x04,0,0
2026-09-24T15:01:35,stationary,1,Charging,60,3840000,6400000,2040,16021000,4.0053,2,80,0,0x04,0,0
2026-09-24T15:01:40,stationary,1,Charging,60,3840000,6400000,2040,16021000,4.0053,2,80,0,0x04,0,0
2026-09-24T15:01:45,stationary,1,Charging,60,3840000,6400000,2040,16021000,4.0053,2,80,0,0x04,0,0
2026-09-24T15:01:50,stationary,1,Charging,60,3840000,6400000,2040,16044000,4.011,2,80,0,0x04,0,0
2026-09-24T15:01:55,stationary,1,Charging,60,3840000,6400000,2040,16021000,4.0053,2,80,0,0x04,0,0
2026-09-24T15:02:00,stationary,1,Charging,60,3840000,6400000,2040,16044000,4.011,2,80,0,0x04,0,0
2026-09-24T15:02:06,stationary,1,Charging,60,3840000,6400000,2040,16044000,4.011,2,80,0,0x04,0,0
2026-09-24T15:02:11,stationary,1,Charging,60,3840000,6400000,2040,16044000,4.011,2,80,0,0x04,0,0
2026-09-24T15:02:16,stationary,1,Charging,60,3840000,6400000,2040,16044000,4.011,2,80,0,0x04,0,0
2026-09-24T15:02:21,stationary,1,Charging,60,3840000,6400000,2040,16044000,4.011,2,80,0,0x04,0,0
2026-09-24T15:02:26,stationary,1,Charging,60,3840000,6400000,2040,16044000,4.011,2,80,0,0x04,0,0
2026-09-24T15:02:31,stationary,1,Charging,60,3840000,6400000,2040,16044000,4.011,2,80,0,0x04,0,0
2026-09-24T15:02:36,stationary,1,Charging,60,3840000,6400000,2040,16044000,4.011,2,80,0,0x04,0,0
2026-09-24T15:02:41,stationary,1,Charging,60,3840000,6400000,2040,16044000,4.011,2,80,0,0x04,0,0
2026-09-24T15:02:46,stationary,1,Charging,60,3840000,6400000,2040,16044000,4.011,2,80,0,0x04,0,0
2026-09-24T15:02:51,stationary,1,Charging,60,3840000,6400000,2040,16044000,4.011,2,80,0,0x04,0,0
2026-09-24T15:02:56,stationary,1,Charging,60,3840000,6400000,2040,16044000,4.011,2,80,0,0x04,0,0
2026-09-24T15:03:01,stationary,1,Charging,61,3904000,6400000,2040,16044000,4.011,2,80,0,0x04,0,0
2026-09-24T15:03:06,stationary,1,Charging,61,3904000,6400000,2040,16044000,4.011,2,80,0,0x04,0,0
2026-09-24T15:03:11,stationary,1,Charging,61,3904000,6400000,2040,16044000,4.011,2,80,0,0x04,0,0
2026-09-24T15:03:16,stationary,1,Charging,61,3904000,6400000,2040,16044000,4.011,2,80,0,0x04,0,0
2026-09-24T15:03:21,stationary,1,Charging,61,3904000,6400000,2040,16044000,4.011,2,80,0,0x04,0,0
2026-09-24T15:03:26,stationary,1,Charging,61,3904000,6400000,2040,16044000,4.011,2,,,0x04,0,0
2026-09-24T15:03:31,stationary,1,Charging,61,3904000,6400000,2040,16068000,4.017,2,80,0,0x04,0,0
2026-09-24T15:03:36,stationary,1,Charging,61,3904000,6400000,2040,16044000,4.011,2,80,0,0x04,0,0
2026-09-24T15:03:41,stationary,1,Charging,61,3904000,6400000,2040,16044000,4.011,2,80,0,0x04,0,0
2026-09-24T15:03:46,stationary,1,Charging,61,3904000,6400000,2040,16068000,4.017,2,80,0,0x04,0,0
2026-09-24T15:03:51,stationary,1,Charging,61,3904000,6400000,2040,16068000,4.017,2,80,0,0x04,0,0
2026-09-24T15:03:56,stationary,1,Charging,61,3904000,6400000,2040,16068000,4.017,2,80,0,0x04,0,0
2026-09-24T15:04:01,stationary,1,Charging,61,3904000,6400000,2040,16068000,4.017,2,80,0,0x04,0,0
2026-09-24T15:04:06,stationary,1,Charging,61,3904000,6400000,2040,16068000,4.017,2,80,0,0x04,0,0
2026-09-24T15:04:11,stationary,1,Charging,61,3904000,6400000,2040,16068000,4.017,2,80,0,0x04,0,0
2026-09-24T15:04:16,stationary,1,Charging,61,3904000,6400000,2040,16044000,4.011,2,80,0,0x04,0,0
2026-09-24T15:04:21,stationary,1,Charging,61,3904000,6400000,2040,16068000,4.017,2,80,0,0x04,0,0
2026-09-24T15:04:26,stationary,1,Charging,61,3904000,6400000,2040,16068000,4.017,2,80,0,0x04,0,0
2026-09-24T15:04:31,stationary,1,Charging,61,3904000,6400000,2040,16068000,4.017,2,80,0,0x04,0,0
2026-09-24T15:04:36,stationary,1,Charging,61,3904000,6400000,2040,16068000,4.017,2,80,0,0x04,0,0
2026-09-24T15:04:41,stationary,1,Charging,61,3904000,6400000,2040,16068000,4.017,2,80,0,0x04,0,0
2026-09-24T15:04:46,stationary,1,Charging,61,3904000,6400000,2040,16068000,4.017,2,80,0,0x04,0,0
2026-09-24T15:04:51,stationary,1,Charging,61,3904000,6400000,2040,16068000,4.017,2,80,0,0x04,0,0
2026-09-24T15:04:56,stationary,1,Charging,62,3968000,6400000,2040,16068000,4.017,2,80,0,0x04,0,0
2026-09-24T15:05:01,stationary,1,Charging,62,3968000,6400000,2040,16068000,4.017,2,80,0,0x04,0,0
2026-09-24T15:05:06,stationary,1,Charging,62,3968000,6400000,2040,16091000,4.0228,2,80,0,0x04,0,0
2026-09-24T15:05:11,stationary,1,Charging,62,3968000,6400000,2040,16091000,4.0228,2,80,0,0x04,0,0
2026-09-24T15:05:16,stationary,1,Charging,62,3968000,6400000,2040,16091000,4.0228,2,80,0,0x04,0,0
2026-09-24T15:05:21,stationary,1,Charging,62,3968000,6400000,2040,16068000,4.017,2,80,0,0x04,0,0
2026-09-24T15:05:26,stationary,1,Charging,62,3968000,6400000,2040,16068000,4.017,2,80,0,0x04,0,0
2026-09-24T15:05:31,stationary,1,Charging,62,3968000,6400000,2040,16091000,4.0228,2,80,0,0x04,0,0
2026-09-24T15:05:36,stationary,1,Charging,62,3968000,6400000,2040,16068000,4.017,2,80,0,0x04,0,0
2026-09-24T15:05:41,stationary,1,Charging,62,3968000,6400000,2040,16091000,4.0228,2,80,0,0x04,0,0
2026-09-24T15:05:46,stationary,1,Charging,62,3968000,6400000,2040,16091000,4.0228,2,80,0,0x04,0,0
2026-09-24T15:05:51,stationary,1,Charging,62,3968000,6400000,2040,16091000,4.0228,2,80,0,0x04,0,0
2026-09-24T15:05:56,stationary,1,Charging,62,3968000,6400000,2040,16091000,4.0228,2,80,0,0x04,0,0
2026-09-24T15:06:01,stationary,1,Charging,62,3968000,6400000,2040,16091000,4.0228,2,80,0,0x04,0,0
2026-09-24T15:06:06,stationary,1,Charging,62,3968000,6400000,2040,16091000,4.0228,2,80,0,0x04,0,0
2026-09-24T15:06:11,stationary,1,Charging,62,3968000,6400000,2040,16091000,4.0228,2,80,0,0x04,0,0
2026-09-24T15:06:16,stationary,1,Charging,62,3968000,6400000,2040,16091000,4.0228,2,80,0,0x04,0,0
2026-09-24T15:06:21,stationary,1,Charging,62,3968000,6400000,2040,16091000,4.0228,2,80,0,0x04,0,0
2026-09-24T15:06:26,stationary,1,Charging,62,3968000,6400000,2040,16091000,4.0228,2,80,0,0x04,0,0
2026-09-24T15:06:31,stationary,1,Charging,62,3968000,6400000,2040,16091000,4.0228,2,80,0,0x04,0,0
2026-09-24T15:06:36,stationary,1,Charging,62,3968000,6400000,2040,16091000,4.0228,2,80,0,0x04,0,0
2026-09-24T15:06:41,stationary,1,Charging,62,3968000,6400000,2040,16091000,4.0228,2,80,0,0x04,0,0
2026-09-24T15:06:46,stationary,1,Charging,62,3968000,6400000,2040,16091000,4.0228,2,80,0,0x04,0,0
2026-09-24T15:06:51,stationary,1,Charging,63,4032000,6400000,2040,16091000,4.0228,2,80,0,0x04,0,0
2026-09-24T15:06:56,stationary,1,Charging,63,4032000,6400000,2040,16091000,4.0228,2,80,0,0x04,0,0
2026-09-24T15:07:01,stationary,1,Charging,63,4032000,6400000,2040,16091000,4.0228,2,80,0,0x04,0,0
2026-09-24T15:07:06,stationary,1,Charging,63,4032000,6400000,2040,16091000,4.0228,2,80,0,0x04,0,0
2026-09-24T15:07:11,stationary,1,Charging,63,4032000,6400000,2040,16114000,4.0285,2,80,0,0x04,0,0
2026-09-24T15:07:16,stationary,1,Charging,63,4032000,6400000,2040,16114000,4.0285,2,80,0,0x04,0,0
2026-09-24T15:07:21,stationary,1,Charging,63,4032000,6400000,2040,16091000,4.0228,2,80,0,0x04,0,0
2026-09-24T15:07:26,stationary,1,Charging,63,4032000,6400000,2040,16114000,4.0285,2,80,0,0x04,0,0
2026-09-24T15:07:31,stationary,1,Charging,63,4032000,6400000,2040,16114000,4.0285,2,80,0,0x04,0,0
2026-09-24T15:07:36,stationary,1,Charging,63,4032000,6400000,2040,16114000,4.0285,2,80,0,0x04,0,0
2026-09-24T15:07:41,stationary,1,Charging,63,4032000,6400000,2040,16114000,4.0285,2,80,0,0x04,0,0
2026-09-24T15:07:46,stationary,1,Charging,63,4032000,6400000,2040,16114000,4.0285,2,80,0,0x04,0,0
2026-09-24T15:07:51,stationary,1,Charging,63,4032000,6400000,2040,16114000,4.0285,2,80,0,0x04,0,0
2026-09-24T15:07:56,stationary,1,Charging,63,4032000,6400000,2040,16114000,4.0285,2,80,0,0x04,0,0
2026-09-24T15:08:01,stationary,1,Charging,63,4032000,6400000,2040,16114000,4.0285,2,80,0,0x04,0,0
2026-09-24T15:08:06,stationary,1,Charging,63,4032000,6400000,2040,16114000,4.0285,2,80,0,0x04,0,0
2026-09-24T15:08:11,stationary,1,Charging,63,4032000,6400000,2040,16114000,4.0285,2,80,0,0x04,0,0
2026-09-24T15:08:16,stationary,1,Charging,63,4032000,6400000,2040,16114000,4.0285,2,80,0,0x04,0,0
2026-09-24T15:08:21,stationary,1,Charging,63,4032000,6400000,2040,16114000,4.0285,2,80,0,0x04,0,0
2026-09-24T15:08:27,stationary,1,Charging,63,4032000,6400000,2040,16114000,4.0285,2,80,0,0x04,0,0
2026-09-24T15:08:32,stationary,1,Charging,63,4032000,6400000,2040,16114000,4.0285,2,80,0,0x04,0,0
2026-09-24T15:08:37,stationary,1,Charging,63,4032000,6400000,2040,16114000,4.0285,2,80,0,0x04,0,0
2026-09-24T15:08:42,stationary,1,Charging,64,4096000,6400000,2040,16114000,4.0285,2,80,0,0x04,0,0
2026-09-24T15:08:47,stationary,1,Charging,64,4096000,6400000,2040,16114000,4.0285,2,80,0,0x04,0,0
2026-09-24T15:08:52,stationary,1,Charging,64,4096000,6400000,2040,16114000,4.0285,2,80,0,0x04,0,0
2026-09-24T15:08:57,stationary,1,Charging,64,4096000,6400000,2040,16138000,4.0345,2,80,0,0x04,0,0
2026-09-24T15:09:02,stationary,1,Charging,64,4096000,6400000,2040,16138000,4.0345,2,80,0,0x04,0,0
2026-09-24T15:09:07,stationary,1,Charging,64,4096000,6400000,2040,16138000,4.0345,2,80,0,0x04,0,0
2026-09-24T15:09:12,stationary,1,Charging,64,4096000,6400000,2040,16138000,4.0345,2,80,0,0x04,0,0
2026-09-24T15:09:17,stationary,1,Charging,64,4096000,6400000,2040,16138000,4.0345,2,80,0,0x04,0,0
2026-09-24T15:09:22,stationary,1,Charging,64,4096000,6400000,2040,16138000,4.0345,2,80,0,0x04,0,0
2026-09-24T15:09:27,stationary,1,Charging,64,4096000,6400000,2040,16114000,4.0285,2,80,0,0x04,0,0
2026-09-24T15:09:32,stationary,1,Charging,64,4096000,6400000,2040,16138000,4.0345,2,80,0,0x04,0,0
2026-09-24T15:09:37,stationary,1,Charging,64,4096000,6400000,2040,16138000,4.0345,2,80,0,0x04,0,0
2026-09-24T15:09:42,stationary,1,Charging,64,4096000,6400000,2040,16138000,4.0345,2,80,0,0x04,0,0
2026-09-24T15:09:47,stationary,1,Charging,64,4096000,6400000,2040,16138000,4.0345,2,80,0,0x04,0,0
2026-09-24T15:09:52,stationary,1,Charging,64,4096000,6400000,2040,16138000,4.0345,2,80,0,0x04,0,0
2026-09-24T15:09:57,stationary,1,Charging,64,4096000,6400000,2040,16138000,4.0345,2,80,0,0x04,0,0
2026-09-24T15:10:02,stationary,1,Charging,64,4096000,6400000,2040,16138000,4.0345,2,80,0,0x04,0,0
2026-09-24T15:10:07,stationary,1,Charging,64,4096000,6400000,2040,16138000,4.0345,2,80,0,0x04,0,0
2026-09-24T15:10:12,stationary,1,Charging,64,4096000,6400000,2040,16138000,4.0345,2,80,0,0x04,0,0
2026-09-24T15:10:17,stationary,1,Charging,64,4096000,6400000,2040,16161000,4.0403,2,80,0,0x04,0,0
2026-09-24T15:10:22,stationary,1,Charging,64,4096000,6400000,2040,16161000,4.0403,2,80,0,0x04,0,0
2026-09-24T15:10:27,stationary,1,Charging,64,4096000,6400000,2040,16161000,4.0403,2,80,0,0x04,0,0
2026-09-24T15:10:32,stationary,1,Charging,65,4160000,6400000,2040,16161000,4.0403,2,80,0,0x04,0,0
2026-09-24T15:10:37,stationary,1,Charging,65,4160000,6400000,2040,16161000,4.0403,2,80,0,0x04,0,0
2026-09-24T15:10:42,stationary,1,Charging,65,4160000,6400000,2040,16161000,4.0403,2,80,0,0x04,0,0
2026-09-24T15:10:47,stationary,1,Charging,65,4160000,6400000,2040,16161000,4.0403,2,80,0,0x04,0,0
2026-09-24T15:10:52,stationary,1,Charging,65,4160000,6400000,2040,16161000,4.0403,2,80,0,0x04,0,0
2026-09-24T15:10:57,stationary,1,Charging,65,4160000,6400000,2040,16161000,4.0403,2,80,0,0x04,0,0
2026-09-24T15:11:02,stationary,1,Charging,65,4160000,6400000,2040,16161000,4.0403,2,80,0,0x04,0,0
2026-09-24T15:11:07,stationary,1,Charging,65,4160000,6400000,2040,16161000,4.0403,2,80,0,0x04,0,0
2026-09-24T15:11:12,stationary,1,Charging,65,4160000,6400000,2040,16161000,4.0403,2,80,0,0x04,0,0
2026-09-24T15:11:17,stationary,1,Charging,65,4160000,6400000,2040,16161000,4.0403,2,80,0,0x04,0,0
2026-09-24T15:11:22,stationary,1,Charging,65,4160000,6400000,2040,16161000,4.0403,2,80,0,0x04,0,0
2026-09-24T15:11:27,stationary,1,Charging,65,4160000,6400000,2040,16161000,4.0403,2,80,0,0x04,0,0
2026-09-24T15:11:32,stationary,1,Charging,65,4160000,6400000,2040,16161000,4.0403,2,80,0,0x04,0,0
2026-09-24T15:11:37,stationary,1,Charging,65,4160000,6400000,2040,16161000,4.0403,2,80,0,0x04,0,0
2026-09-24T15:11:42,stationary,1,Charging,65,4160000,6400000,2040,16185000,4.0462,2,80,0,0x04,0,0
2026-09-24T15:11:47,stationary,1,Charging,65,4160000,6400000,2040,16185000,4.0462,2,80,0,0x04,0,0
2026-09-24T15:11:52,stationary,1,Charging,65,4160000,6400000,2040,16161000,4.0403,2,80,0,0x04,0,0
2026-09-24T15:11:57,stationary,1,Charging,65,4160000,6400000,2040,16185000,4.0462,2,80,0,0x04,0,0
2026-09-24T15:12:02,stationary,1,Charging,65,4160000,6400000,2040,16185000,4.0462,2,80,0,0x04,0,0
2026-09-24T15:12:07,stationary,1,Charging,65,4160000,6400000,2040,16185000,4.0462,2,80,0,0x04,0,0
2026-09-24T15:12:12,stationary,1,Charging,65,4160000,6400000,2040,16185000,4.0462,2,80,0,0x04,0,0
2026-09-24T15:12:17,stationary,1,Charging,65,4160000,6400000,2040,16185000,4.0462,2,80,0,0x04,0,0
2026-09-24T15:12:22,stationary,1,Charging,65,4160000,6400000,2040,16185000,4.0462,2,80,0,0x04,0,0
2026-09-24T15:12:27,stationary,1,Charging,66,4224000,6400000,2040,16185000,4.0462,2,80,0,0x04,0,0
2026-09-24T15:12:32,stationary,1,Charging,66,4224000,6400000,2040,16185000,4.0462,2,80,0,0x04,0,0
2026-09-24T15:12:37,stationary,1,Charging,66,4224000,6400000,2040,16185000,4.0462,2,80,0,0x04,0,0
2026-09-24T15:12:42,stationary,1,Charging,66,4224000,6400000,2040,16185000,4.0462,2,80,0,0x04,0,0
2026-09-24T15:12:47,stationary,1,Charging,66,4224000,6400000,2040,16185000,4.0462,2,80,0,0x04,0,0
2026-09-24T15:12:52,stationary,1,Charging,66,4224000,6400000,2040,16185000,4.0462,2,80,0,0x04,0,0
2026-09-24T15:12:57,stationary,1,Charging,66,4224000,6400000,2040,16185000,4.0462,2,80,0,0x04,0,0
2026-09-24T15:13:02,stationary,1,Charging,66,4224000,6400000,2040,16185000,4.0462,2,80,0,0x04,0,0
2026-09-24T15:13:07,stationary,1,Charging,66,4224000,6400000,2040,16185000,4.0462,2,80,0,0x04,0,0
2026-09-24T15:13:12,stationary,1,Charging,66,4224000,6400000,2040,16185000,4.0462,2,80,0,0x04,0,0
2026-09-24T15:13:17,stationary,1,Charging,66,4224000,6400000,2040,16185000,4.0462,2,80,0,0x04,0,0
2026-09-24T15:13:22,stationary,1,Charging,66,4224000,6400000,2040,16208000,4.052,2,80,0,0x04,0,0
2026-09-24T15:13:27,stationary,1,Charging,66,4224000,6400000,2040,16208000,4.052,2,80,0,0x04,0,0
2026-09-24T15:13:32,stationary,1,Charging,66,4224000,6400000,2040,16208000,4.052,2,80,0,0x04,0,0
2026-09-24T15:13:37,stationary,1,Charging,66,4224000,6400000,2040,16208000,4.052,2,80,0,0x04,0,0
2026-09-24T15:13:42,stationary,1,Charging,66,4224000,6400000,2040,16208000,4.052,2,80,0,0x04,0,0
2026-09-24T15:13:47,stationary,1,Charging,66,4224000,6400000,2040,16208000,4.052,2,80,0,0x04,0,0
2026-09-24T15:13:52,stationary,1,Charging,66,4224000,6400000,2040,16208000,4.052,2,80,0,0x04,0,0
2026-09-24T15:13:57,stationary,1,Charging,66,4224000,6400000,2040,16208000,4.052,2,80,0,0x04,0,0
2026-09-24T15:14:02,stationary,1,Charging,66,4224000,6400000,2040,16208000,4.052,2,80,0,0x04,0,0
2026-09-24T15:14:07,stationary,1,Charging,66,4224000,6400000,2040,16208000,4.052,2,80,0,0x04,0,0
2026-09-24T15:14:12,stationary,1,Charging,66,4224000,6400000,2040,16208000,4.052,2,80,0,0x04,0,0
2026-09-24T15:14:17,stationary,1,Charging,67,4288000,6400000,2040,16208000,4.052,2,80,0,0x04,0,0
2026-09-24T15:14:22,stationary,1,Charging,67,4288000,6400000,2040,16208000,4.052,2,80,0,0x04,0,0
2026-09-24T15:14:27,stationary,1,Charging,67,4288000,6400000,2040,16208000,4.052,2,80,0,0x04,0,0
2026-09-24T15:14:33,stationary,1,Charging,67,4288000,6400000,2040,16208000,4.052,2,80,0,0x04,0,0
2026-09-24T15:14:38,stationary,1,Charging,67,4288000,6400000,2040,16208000,4.052,2,80,0,0x04,0,0
2026-09-24T15:14:43,stationary,1,Charging,67,4288000,6400000,2040,16208000,4.052,2,80,0,0x04,0,0
2026-09-24T15:14:48,stationary,1,Charging,67,4288000,6400000,2040,16232000,4.058,2,80,0,0x04,0,0
2026-09-24T15:14:53,stationary,1,Charging,67,4288000,6400000,2040,16208000,4.052,2,80,0,0x04,0,0
2026-09-24T15:14:58,stationary,1,Charging,67,4288000,6400000,2040,16232000,4.058,2,80,0,0x04,0,0
2026-09-24T15:15:03,stationary,1,Charging,67,4288000,6400000,2040,16232000,4.058,2,80,0,0x04,0,0
2026-09-24T15:15:08,stationary,1,Charging,67,4288000,6400000,2040,16232000,4.058,2,80,0,0x04,0,0
2026-09-24T15:15:13,stationary,1,Charging,67,4288000,6400000,2040,16208000,4.052,2,80,0,0x04,0,0
2026-09-24T15:15:18,stationary,1,Charging,67,4288000,6400000,2040,16208000,4.052,2,80,0,0x04,0,0
2026-09-24T15:15:23,stationary,1,Charging,67,4288000,6400000,2040,16232000,4.058,2,80,0,0x04,0,0
2026-09-24T15:15:28,stationary,1,Charging,67,4288000,6400000,2040,16232000,4.058,2,80,0,0x04,0,0
2026-09-24T15:15:33,stationary,1,Charging,67,4288000,6400000,2040,16232000,4.058,2,80,0,0x04,0,0
2026-09-24T15:15:38,stationary,1,Charging,67,4288000,6400000,2040,16232000,4.058,2,80,0,0x04,0,0
2026-09-24T15:15:43,stationary,1,Charging,67,4288000,6400000,2040,16232000,4.058,2,80,0,0x04,0,0
2026-09-24T15:15:48,stationary,1,Charging,67,4288000,6400000,2040,16232000,4.058,2,80,0,0x04,0,0
2026-09-24T15:15:53,stationary,1,Charging,67,4288000,6400000,2040,16232000,4.058,2,80,0,0x04,0,0
2026-09-24T15:15:58,stationary,1,Charging,67,4288000,6400000,2040,16232000,4.058,2,80,0,0x04,0,0
2026-09-24T15:16:03,stationary,1,Charging,67,4288000,6400000,2040,16232000,4.058,2,80,0,0x04,0,0
2026-09-24T15:16:08,stationary,1,Charging,67,4288000,6400000,2040,16232000,4.058,2,80,0,0x04,0,0
2026-09-24T15:16:13,stationary,1,Charging,68,4352000,6400000,2040,16232000,4.058,2,80,0,0x04,0,0
2026-09-24T15:16:18,stationary,1,Charging,68,4352000,6400000,2040,16232000,4.058,2,80,0,0x04,0,0
2026-09-24T15:16:23,stationary,1,Charging,68,4352000,6400000,2040,16255000,4.0637,2,80,0,0x04,0,0
2026-09-24T15:16:28,stationary,1,Charging,68,4352000,6400000,2040,16255000,4.0637,2,80,0,0x04,0,0
2026-09-24T15:16:33,stationary,1,Charging,68,4352000,6400000,2040,16255000,4.0637,2,80,0,0x04,0,0
2026-09-24T15:16:38,stationary,1,Charging,68,4352000,6400000,2040,16255000,4.0637,2,80,0,0x04,0,0
2026-09-24T15:16:43,stationary,1,Charging,68,4352000,6400000,2040,16255000,4.0637,2,80,0,0x04,0,0
2026-09-24T15:16:48,stationary,1,Charging,68,4352000,6400000,2040,16232000,4.058,2,80,0,0x04,0,0
2026-09-24T15:16:53,stationary,1,Charging,68,4352000,6400000,2040,16255000,4.0637,2,80,0,0x04,0,0
2026-09-24T15:16:58,stationary,1,Charging,68,4352000,6400000,2040,16255000,4.0637,2,80,0,0x04,0,0
2026-09-24T15:17:03,stationary,1,Charging,68,4352000,6400000,2040,16255000,4.0637,2,80,0,0x04,0,0
2026-09-24T15:17:08,stationary,1,Charging,68,4352000,6400000,2040,16255000,4.0637,2,80,0,0x04,0,0
2026-09-24T15:17:13,stationary,1,Charging,68,4352000,6400000,2040,16255000,4.0637,2,80,0,0x04,0,0
2026-09-24T15:17:18,stationary,1,Charging,68,4352000,6400000,2040,16255000,4.0637,2,80,0,0x04,0,0
2026-09-24T15:17:23,stationary,1,Charging,68,4352000,6400000,2040,16255000,4.0637,2,80,0,0x04,0,0
2026-09-24T15:17:28,stationary,1,Charging,68,4352000,6400000,2040,16255000,4.0637,2,80,0,0x04,0,0
2026-09-24T15:17:33,stationary,1,Charging,68,4352000,6400000,2040,16255000,4.0637,2,80,0,0x04,0,0
2026-09-24T15:17:38,stationary,1,Charging,68,4352000,6400000,2040,16255000,4.0637,2,80,0,0x04,0,0
2026-09-24T15:17:43,stationary,1,Charging,68,4352000,6400000,2040,16255000,4.0637,2,80,0,0x04,0,0
2026-09-24T15:17:48,stationary,1,Charging,68,4352000,6400000,2040,16255000,4.0637,2,80,0,0x04,0,0
2026-09-24T15:17:53,stationary,1,Charging,68,4352000,6400000,2040,16255000,4.0637,2,80,0,0x04,0,0
2026-09-24T15:17:58,stationary,1,Charging,68,4352000,6400000,2040,16255000,4.0637,2,80,0,0x04,0,0
2026-09-24T15:18:03,stationary,1,Charging,69,4416000,6400000,2040,16279000,4.0697,2,80,0,0x04,0,0
2026-09-24T15:18:08,stationary,1,Charging,69,4416000,6400000,2040,16279000,4.0697,2,80,0,0x04,0,0
2026-09-24T15:18:13,stationary,1,Charging,69,4416000,6400000,2040,16279000,4.0697,2,80,0,0x04,0,0
2026-09-24T15:18:18,stationary,1,Charging,69,4416000,6400000,2040,16279000,4.0697,2,80,0,0x04,0,0
2026-09-24T15:18:23,stationary,1,Charging,69,4416000,6400000,2040,16279000,4.0697,2,80,0,0x04,0,0
2026-09-24T15:18:28,stationary,1,Charging,69,4416000,6400000,2040,16279000,4.0697,2,80,0,0x04,0,0
2026-09-24T15:18:33,stationary,1,Charging,69,4416000,6400000,2040,16279000,4.0697,2,80,0,0x04,0,0
2026-09-24T15:18:38,stationary,1,Charging,69,4416000,6400000,2040,16279000,4.0697,2,80,0,0x04,0,0
2026-09-24T15:18:43,stationary,1,Charging,69,4416000,6400000,2040,16279000,4.0697,2,80,0,0x04,0,0
2026-09-24T15:18:48,stationary,1,Charging,69,4416000,6400000,2040,16279000,4.0697,2,80,0,0x04,0,0
2026-09-24T15:18:53,stationary,1,Charging,69,4416000,6400000,2040,16279000,4.0697,2,80,0,0x04,0,0
2026-09-24T15:18:58,stationary,1,Charging,69,4416000,6400000,2040,16279000,4.0697,2,80,0,0x04,0,0
2026-09-24T15:19:03,stationary,1,Charging,69,4416000,6400000,2040,16279000,4.0697,2,80,0,0x04,0,0
2026-09-24T15:19:08,stationary,1,Charging,69,4416000,6400000,2040,16279000,4.0697,2,80,0,0x04,0,0
2026-09-24T15:19:13,stationary,1,Charging,69,4416000,6400000,2040,16279000,4.0697,2,80,0,0x04,0,0
2026-09-24T15:19:18,stationary,1,Charging,69,4416000,6400000,2040,16302000,4.0755,2,80,0,0x04,0,0
2026-09-24T15:19:23,stationary,1,Charging,69,4416000,6400000,2040,16279000,4.0697,2,80,0,0x04,0,0
2026-09-24T15:19:28,stationary,1,Charging,69,4416000,6400000,2040,16279000,4.0697,2,80,0,0x04,0,0
2026-09-24T15:19:33,stationary,1,Charging,69,4416000,6400000,2040,16302000,4.0755,2,80,0,0x04,0,0
2026-09-24T15:19:38,stationary,1,Charging,69,4416000,6400000,2040,16302000,4.0755,2,80,0,0x04,0,0
2026-09-24T15:19:43,stationary,1,Charging,69,4416000,6400000,2040,16302000,4.0755,2,80,0,0x04,0,0
2026-09-24T15:19:48,stationary,1,Charging,69,4416000,6400000,2040,16302000,4.0755,2,80,0,0x04,0,0
2026-09-24T15:19:53,stationary,1,Charging,69,4416000,6400000,2040,16302000,4.0755,2,80,0,0x04,0,0
2026-09-24T15:19:58,stationary,1,Charging,70,4480000,6400000,2040,16302000,4.0755,2,80,0,0x04,0,0
2026-09-24T15:20:03,stationary,1,Charging,70,4480000,6400000,2040,16302000,4.0755,2,80,0,0x04,0,0
2026-09-24T15:20:08,stationary,1,Charging,70,4480000,6400000,2040,16302000,4.0755,2,80,0,0x04,0,0
2026-09-24T15:20:13,stationary,1,Charging,70,4480000,6400000,2040,16302000,4.0755,2,80,0,0x04,0,0
2026-09-24T15:20:18,stationary,1,Charging,70,4480000,6400000,2040,16302000,4.0755,2,80,0,0x04,0,0
2026-09-24T15:20:23,stationary,1,Charging,70,4480000,6400000,2040,16302000,4.0755,2,80,0,0x04,0,0
2026-09-24T15:20:28,stationary,1,Charging,70,4480000,6400000,2040,16302000,4.0755,2,80,0,0x04,0,0
2026-09-24T15:20:33,stationary,1,Charging,70,4480000,6400000,2040,16302000,4.0755,2,80,0,0x04,0,0
2026-09-24T15:20:39,stationary,1,Charging,70,4480000,6400000,2040,16302000,4.0755,2,80,0,0x04,0,0
2026-09-24T15:20:44,stationary,1,Charging,70,4480000,6400000,2040,16302000,4.0755,2,80,0,0x04,0,0
2026-09-24T15:20:49,stationary,1,Charging,70,4480000,6400000,2040,16326000,4.0815,2,80,0,0x04,0,0
2026-09-24T15:20:54,stationary,1,Charging,70,4480000,6400000,2040,16326000,4.0815,2,80,0,0x04,0,0
2026-09-24T15:20:59,stationary,1,Charging,70,4480000,6400000,2040,16326000,4.0815,2,80,0,0x04,0,0
2026-09-24T15:21:04,stationary,1,Charging,70,4480000,6400000,2040,16326000,4.0815,2,80,0,0x04,0,0
2026-09-24T15:21:09,stationary,1,Charging,70,4480000,6400000,2040,16326000,4.0815,2,80,0,0x04,0,0
2026-09-24T15:21:14,stationary,1,Charging,70,4480000,6400000,2040,16326000,4.0815,2,80,0,0x04,0,0
2026-09-24T15:21:19,stationary,1,Charging,70,4480000,6400000,2040,16302000,4.0755,2,80,0,0x04,0,0
2026-09-24T15:21:24,stationary,1,Charging,70,4480000,6400000,2040,16326000,4.0815,2,80,0,0x04,0,0
2026-09-24T15:21:29,stationary,1,Charging,70,4480000,6400000,2040,16326000,4.0815,2,80,0,0x04,0,0
2026-09-24T15:21:34,stationary,1,Charging,70,4480000,6400000,2040,16326000,4.0815,2,80,0,0x04,0,0
2026-09-24T15:21:39,stationary,1,Charging,70,4480000,6400000,2040,16326000,4.0815,2,80,0,0x04,0,0
2026-09-24T15:21:44,stationary,1,Charging,70,4480000,6400000,2040,16326000,4.0815,2,80,0,0x04,0,0
2026-09-24T15:21:49,stationary,1,Charging,70,4480000,6400000,2040,16326000,4.0815,2,80,0,0x04,0,0
2026-09-24T15:21:54,stationary,1,Charging,71,4544000,6400000,2040,16326000,4.0815,2,80,0,0x04,0,0
2026-09-24T15:21:59,stationary,1,Charging,71,4544000,6400000,2040,16326000,4.0815,2,80,0,0x04,0,0
2026-09-24T15:22:04,stationary,1,Charging,71,4544000,6400000,2040,16326000,4.0815,2,80,0,0x04,0,0
2026-09-24T15:22:09,stationary,1,Charging,71,4544000,6400000,2040,16326000,4.0815,2,80,0,0x04,0,0
2026-09-24T15:22:14,stationary,1,Charging,71,4544000,6400000,2040,16326000,4.0815,2,80,0,0x04,0,0
2026-09-24T15:22:19,stationary,1,Charging,71,4544000,6400000,2040,16326000,4.0815,2,80,0,0x04,0,0
2026-09-24T15:22:24,stationary,1,Charging,71,4544000,6400000,2040,16326000,4.0815,2,80,0,0x04,0,0
2026-09-24T15:22:29,stationary,1,Charging,71,4544000,6400000,2040,16349000,4.0873,2,80,0,0x04,0,0
2026-09-24T15:22:34,stationary,1,Charging,71,4544000,6400000,2040,16349000,4.0873,2,80,0,0x04,0,0
2026-09-24T15:22:39,stationary,1,Charging,71,4544000,6400000,2040,16349000,4.0873,2,80,0,0x04,0,0
2026-09-24T15:22:44,stationary,1,Charging,71,4544000,6400000,2040,16349000,4.0873,2,80,0,0x04,0,0
2026-09-24T15:22:49,stationary,1,Charging,71,4544000,6400000,2040,16349000,4.0873,2,80,0,0x04,0,0
2026-09-24T15:22:54,stationary,1,Charging,71,4544000,6400000,2040,16349000,4.0873,2,80,0,0x04,0,0
2026-09-24T15:22:59,stationary,1,Charging,71,4544000,6400000,2040,16349000,4.0873,2,80,0,0x04,0,0
2026-09-24T15:23:04,stationary,1,Charging,71,4544000,6400000,2040,16349000,4.0873,2,80,0,0x04,0,0
2026-09-24T15:23:09,stationary,1,Charging,71,4544000,6400000,2040,16349000,4.0873,2,80,0,0x04,0,0
2026-09-24T15:23:14,stationary,1,Charging,71,4544000,6400000,2040,16349000,4.0873,2,80,0,0x04,0,0
2026-09-24T15:23:19,stationary,1,Charging,71,4544000,6400000,2040,16349000,4.0873,2,80,0,0x04,0,0
2026-09-24T15:23:24,stationary,1,Charging,71,4544000,6400000,2040,16349000,4.0873,2,80,0,0x04,0,0
2026-09-24T15:23:29,stationary,1,Charging,71,4544000,6400000,2040,16349000,4.0873,2,80,0,0x04,0,0
2026-09-24T15:23:34,stationary,1,Charging,71,4544000,6400000,2040,16349000,4.0873,2,80,0,0x04,0,0
2026-09-24T15:23:39,stationary,1,Charging,71,4544000,6400000,2040,16349000,4.0873,2,80,0,0x04,0,0
2026-09-24T15:23:44,stationary,1,Charging,72,4608000,6400000,2040,16373000,4.0933,2,80,0,0x04,0,0
2026-09-24T15:23:49,stationary,1,Charging,72,4608000,6400000,2040,16373000,4.0933,2,80,0,0x04,0,0
2026-09-24T15:23:54,stationary,1,Charging,72,4608000,6400000,2040,16373000,4.0933,2,80,0,0x04,0,0
2026-09-24T15:23:59,stationary,1,Charging,72,4608000,6400000,2040,16373000,4.0933,2,80,0,0x04,0,0
2026-09-24T15:24:04,stationary,1,Charging,72,4608000,6400000,2040,16373000,4.0933,2,80,0,0x04,0,0
2026-09-24T15:24:09,stationary,1,Charging,72,4608000,6400000,2040,16373000,4.0933,2,80,0,0x04,0,0
2026-09-24T15:24:14,stationary,1,Charging,72,4608000,6400000,2040,16373000,4.0933,2,80,0,0x04,0,0
2026-09-24T15:24:19,stationary,1,Charging,72,4608000,6400000,2040,16373000,4.0933,2,80,0,0x04,0,0
2026-09-24T15:24:24,stationary,1,Charging,72,4608000,6400000,2040,16373000,4.0933,2,80,0,0x35,1,0
2026-09-24T15:24:29,stationary,1,Charging,72,4608000,6400000,2040,16373000,4.0933,2,80,0,0x04,0,0
2026-09-24T15:24:34,stationary,1,Charging,72,4608000,6400000,2040,16373000,4.0933,2,80,0,0x04,0,0
2026-09-24T15:24:39,stationary,1,Charging,72,4608000,6400000,2040,16373000,4.0933,2,80,0,0x04,0,0
2026-09-24T15:24:44,stationary,1,Charging,72,4608000,6400000,2040,16396000,4.099,2,80,0,0x04,0,0
2026-09-24T15:24:49,stationary,1,Charging,72,4608000,6400000,2040,16373000,4.0933,2,80,0,0x04,0,0
2026-09-24T15:24:54,stationary,1,Charging,72,4608000,6400000,2040,16373000,4.0933,2,80,0,0x45,0,0
2026-09-24T15:24:59,stationary,1,Charging,72,4608000,6400000,2040,16373000,4.0933,2,80,0,0x04,0,0
2026-09-24T15:25:04,stationary,1,Charging,72,4608000,6400000,2040,16396000,4.099,2,80,0,0x04,0,0
2026-09-24T15:25:09,stationary,1,Charging,72,4608000,6400000,2040,16396000,4.099,2,80,0,0x04,0,0
2026-09-24T15:25:14,stationary,1,Charging,72,4608000,6400000,2040,16396000,4.099,2,80,0,0x04,0,0
2026-09-24T15:25:19,stationary,1,Charging,72,4608000,6400000,2040,16396000,4.099,2,80,0,0x04,0,0
2026-09-24T15:25:24,stationary,1,Charging,72,4608000,6400000,2040,16396000,4.099,2,80,0,0x04,0,0
2026-09-24T15:25:29,stationary,1,Charging,72,4608000,6400000,2040,16396000,4.099,2,80,0,0x04,0,0
2026-09-24T15:25:34,stationary,1,Charging,73,4672000,6400000,2040,16396000,4.099,2,80,0,0x04,0,0
2026-09-24T15:25:39,stationary,1,Charging,73,4672000,6400000,2040,16396000,4.099,2,80,0,0x04,0,0
2026-09-24T15:25:44,stationary,1,Charging,73,4672000,6400000,2040,16396000,4.099,2,80,0,0x04,0,0
2026-09-24T15:25:49,stationary,1,Charging,73,4672000,6400000,2040,16396000,4.099,2,80,0,0x04,0,0
2026-09-24T15:25:54,stationary,1,Charging,73,4672000,6400000,2040,16396000,4.099,2,80,0,0x04,0,0
2026-09-24T15:25:59,stationary,1,Charging,73,4672000,6400000,2040,16396000,4.099,2,80,0,0x04,0,0
2026-09-24T15:26:04,stationary,1,Charging,73,4672000,6400000,2040,16396000,4.099,2,80,0,0x04,0,0
2026-09-24T15:26:09,stationary,1,Charging,73,4672000,6400000,2040,16396000,4.099,2,80,0,0x04,0,0
2026-09-24T15:26:14,stationary,1,Charging,73,4672000,6400000,2040,16419000,4.1048,2,80,0,0x04,0,0
2026-09-24T15:26:19,stationary,1,Charging,73,4672000,6400000,2040,16396000,4.099,2,80,0,0x04,0,0
2026-09-24T15:26:24,stationary,1,Charging,73,4672000,6400000,2040,16396000,4.099,2,80,0,0x04,0,0
2026-09-24T15:26:29,stationary,1,Charging,73,4672000,6400000,2040,16419000,4.1048,2,80,0,0x04,0,0
2026-09-24T15:26:35,stationary,1,Charging,73,4672000,6400000,2040,16419000,4.1048,2,80,0,0x04,0,0
2026-09-24T15:26:40,stationary,1,Charging,73,4672000,6400000,2040,16419000,4.1048,2,80,0,0x04,0,0
2026-09-24T15:26:45,stationary,1,Charging,73,4672000,6400000,2040,16419000,4.1048,2,80,0,0x04,0,0
2026-09-24T15:26:50,stationary,1,Charging,73,4672000,6400000,2040,16419000,4.1048,2,80,0,0x04,0,0
2026-09-24T15:26:55,stationary,1,Charging,73,4672000,6400000,2040,16419000,4.1048,2,80,0,0x04,0,0
2026-09-24T15:27:00,stationary,1,Charging,73,4672000,6400000,2040,16419000,4.1048,2,80,0,0x04,0,0
2026-09-24T15:27:05,stationary,1,Charging,73,4672000,6400000,2040,16419000,4.1048,2,80,0,0x04,0,0
2026-09-24T15:27:10,stationary,1,Charging,73,4672000,6400000,2040,16419000,4.1048,2,80,0,0x04,0,0
2026-09-24T15:27:15,stationary,1,Charging,73,4672000,6400000,2040,16419000,4.1048,2,80,0,0x04,0,0
2026-09-24T15:27:20,stationary,1,Charging,73,4672000,6400000,2040,16419000,4.1048,2,80,0,0x04,0,0
2026-09-24T15:27:25,stationary,1,Charging,73,4672000,6400000,2040,16419000,4.1048,2,80,0,0x04,0,0
2026-09-24T15:27:30,stationary,1,Charging,74,4736000,6400000,2040,16419000,4.1048,2,80,0,0x04,0,0
2026-09-24T15:27:35,stationary,1,Charging,74,4736000,6400000,2040,16419000,4.1048,2,80,0,0x04,0,0
2026-09-24T15:27:40,stationary,1,Charging,74,4736000,6400000,2040,16443000,4.1108,2,80,0,0x04,0,0
2026-09-24T15:27:45,stationary,1,Charging,74,4736000,6400000,2040,16443000,4.1108,2,80,0,0x04,0,0
2026-09-24T15:27:50,stationary,1,Charging,74,4736000,6400000,2040,16443000,4.1108,2,80,0,0x04,0,0
2026-09-24T15:27:55,stationary,1,Charging,74,4736000,6400000,2040,16443000,4.1108,2,80,0,0x04,0,0
2026-09-24T15:28:00,stationary,1,Charging,74,4736000,6400000,2040,16443000,4.1108,2,80,0,0x04,0,0
2026-09-24T15:28:05,stationary,1,Charging,74,4736000,6400000,2040,16443000,4.1108,2,80,0,0x04,0,0
2026-09-24T15:28:10,stationary,1,Charging,74,4736000,6400000,2040,16443000,4.1108,2,80,0,0x04,0,0
2026-09-24T15:28:15,stationary,1,Charging,74,4736000,6400000,2040,16443000,4.1108,2,80,0,0x04,0,0
2026-09-24T15:28:20,stationary,1,Charging,74,4736000,6400000,2040,16443000,4.1108,2,80,0,0x04,0,0
2026-09-24T15:28:25,stationary,1,Charging,74,4736000,6400000,2040,16443000,4.1108,2,80,0,0x04,0,0
2026-09-24T15:28:30,stationary,1,Charging,74,4736000,6400000,2040,16443000,4.1108,2,80,0,0x04,0,0
2026-09-24T15:28:35,stationary,1,Charging,74,4736000,6400000,2040,16443000,4.1108,2,80,0,0x04,0,0
2026-09-24T15:28:40,stationary,1,Charging,74,4736000,6400000,2040,16443000,4.1108,2,80,0,0x04,0,0
2026-09-24T15:28:45,stationary,1,Charging,74,4736000,6400000,2040,16466000,4.1165,2,80,0,0x04,0,0
2026-09-24T15:28:50,stationary,1,Charging,74,4736000,6400000,2040,16466000,4.1165,2,80,0,0x04,0,0
2026-09-24T15:28:55,stationary,1,Charging,74,4736000,6400000,2040,16466000,4.1165,2,80,0,0x04,0,0
2026-09-24T15:29:00,stationary,1,Charging,74,4736000,6400000,2040,16466000,4.1165,2,80,0,0x04,0,0
2026-09-24T15:29:05,stationary,1,Charging,74,4736000,6400000,2040,16466000,4.1165,2,80,0,0x04,0,0
2026-09-24T15:29:10,stationary,1,Charging,74,4736000,6400000,2040,16466000,4.1165,2,80,0,0x04,0,0
2026-09-24T15:29:15,stationary,1,Charging,74,4736000,6400000,2040,16466000,4.1165,2,80,0,0x04,0,0
2026-09-24T15:29:20,stationary,1,Charging,75,4800000,6400000,2040,16466000,4.1165,2,80,0,0x04,0,0
2026-09-24T15:29:25,stationary,1,Charging,75,4800000,6400000,2040,16466000,4.1165,0,80,0,0x5F,1,1
2026-09-24T15:29:30,stationary,1,Charging,75,4800000,6400000,2040,16466000,4.1165,2,80,0,0x04,0,0
2026-09-24T15:29:35,stationary,1,Charging,75,4800000,6400000,2040,16466000,4.1165,2,80,0,0x04,0,0
2026-09-24T15:29:40,stationary,1,Charging,75,4800000,6400000,2040,16490000,4.1225,2,80,0,0x04,0,0
2026-09-24T15:29:45,stationary,1,Charging,75,4800000,6400000,2040,16466000,4.1165,2,80,0,0x04,0,0
2026-09-24T15:29:50,stationary,1,Charging,75,4800000,6400000,2040,16466000,4.1165,2,80,0,0x04,0,0
2026-09-24T15:29:55,stationary,1,Charging,75,4800000,6400000,2040,16490000,4.1225,2,80,0,0x04,0,0
2026-09-24T15:30:00,stationary,1,Charging,75,4800000,6400000,2040,16490000,4.1225,2,80,0,0x04,0,0
2026-09-24T15:30:05,stationary,1,Charging,75,4800000,6400000,2040,16490000,4.1225,2,80,0,0x04,0,0
2026-09-24T15:30:10,stationary,1,Charging,75,4800000,6400000,2040,16490000,4.1225,2,80,0,0x04,0,0
2026-09-24T15:30:15,stationary,1,Charging,75,4800000,6400000,2040,16490000,4.1225,2,80,0,0x04,0,0
2026-09-24T15:30:20,stationary,1,Charging,75,4800000,6400000,2040,16490000,4.1225,2,80,0,0x04,0,0
2026-09-24T15:30:25,stationary,1,Charging,75,4800000,6400000,2040,16490000,4.1225,2,80,0,0x04,0,0
2026-09-24T15:30:30,stationary,1,Charging,75,4800000,6400000,2040,16490000,4.1225,2,80,0,0x04,0,0
2026-09-24T15:30:35,stationary,1,Charging,75,4800000,6400000,2040,16490000,4.1225,2,80,0,0x04,0,0
2026-09-24T15:30:40,stationary,1,Charging,75,4800000,6400000,2040,16490000,4.1225,2,80,0,0x04,0,0
2026-09-24T15:30:45,stationary,1,Charging,75,4800000,6400000,2040,16490000,4.1225,2,80,0,0x04,0,0
2026-09-24T15:30:50,stationary,1,Charging,75,4800000,6400000,2040,16490000,4.1225,2,80,0,0x04,0,0
2026-09-24T15:30:55,stationary,1,Charging,75,4800000,6400000,2040,16490000,4.1225,2,80,0,0x04,0,0
2026-09-24T15:31:00,stationary,1,Charging,75,4800000,6400000,2040,16490000,4.1225,2,80,0,0x04,0,0
2026-09-24T15:31:05,stationary,1,Charging,75,4800000,6400000,2040,16513000,4.1283,2,80,0,0x04,0,0
2026-09-24T15:31:10,stationary,1,Charging,75,4800000,6400000,2040,16513000,4.1283,2,80,0,0x04,0,0
2026-09-24T15:31:16,stationary,1,Charging,76,4864000,6400000,2040,16513000,4.1283,2,80,0,0x04,0,0
2026-09-24T15:31:21,stationary,1,Charging,76,4864000,6400000,2040,16513000,4.1283,2,80,0,0x04,0,0
2026-09-24T15:31:26,stationary,1,Charging,76,4864000,6400000,2040,16490000,4.1225,2,80,0,0x04,0,0
2026-09-24T15:31:31,stationary,1,Charging,76,4864000,6400000,2040,16513000,4.1283,2,80,0,0x04,0,0
2026-09-24T15:31:36,stationary,1,Charging,76,4864000,6400000,2040,16513000,4.1283,2,80,0,0x04,0,0
2026-09-24T15:31:41,stationary,1,Charging,76,4864000,6400000,2040,16513000,4.1283,2,80,0,0x04,0,0
2026-09-24T15:31:46,stationary,1,Charging,76,4864000,6400000,2040,16513000,4.1283,2,80,0,0x04,0,0
2026-09-24T15:31:51,stationary,1,Charging,76,4864000,6400000,2040,16513000,4.1283,2,80,0,0x04,0,0
2026-09-24T15:31:56,stationary,1,Charging,76,4864000,6400000,2040,16513000,4.1283,2,80,0,0x04,0,0
2026-09-24T15:32:01,stationary,1,Charging,76,4864000,6400000,2040,16513000,4.1283,2,80,0,0x04,0,0
2026-09-24T15:32:06,stationary,1,Charging,76,4864000,6400000,2040,16537000,4.1342,2,80,0,0x04,0,0
2026-09-24T15:32:11,stationary,1,Charging,76,4864000,6400000,2040,16537000,4.1342,2,80,0,0x04,0,0
2026-09-24T15:32:16,stationary,1,Charging,76,4864000,6400000,2040,16537000,4.1342,2,80,0,0x04,0,0
2026-09-24T15:32:21,stationary,1,Charging,76,4864000,6400000,2040,16537000,4.1342,2,80,0,0x04,0,0
2026-09-24T15:32:26,stationary,1,Charging,76,4864000,6400000,2040,16537000,4.1342,2,80,0,0x04,0,0
2026-09-24T15:32:31,stationary,1,Charging,76,4864000,6400000,2040,16537000,4.1342,2,80,0,0x04,0,0
2026-09-24T15:32:36,stationary,1,Charging,76,4864000,6400000,2040,16537000,4.1342,2,80,0,0x04,0,0
2026-09-24T15:32:41,stationary,1,Charging,76,4864000,6400000,2040,16537000,4.1342,2,80,0,0x04,0,0
2026-09-24T15:32:46,stationary,1,Charging,76,4864000,6400000,2040,16537000,4.1342,2,80,0,0x04,0,0
2026-09-24T15:32:51,stationary,1,Charging,76,4864000,6400000,2040,16537000,4.1342,2,80,0,0x04,0,0
2026-09-24T15:32:56,stationary,1,Charging,76,4864000,6400000,2040,16537000,4.1342,2,80,0,0x04,0,0
2026-09-24T15:33:01,stationary,1,Charging,76,4864000,6400000,2040,16537000,4.1342,2,80,0,0x04,0,0
2026-09-24T15:33:06,stationary,1,Charging,77,4928000,6400000,2040,16537000,4.1342,2,80,0,0x04,0,0
2026-09-24T15:33:11,stationary,1,Charging,77,4928000,6400000,2040,16560000,4.14,2,80,0,0x04,0,0
2026-09-24T15:33:16,stationary,1,Charging,77,4928000,6400000,2040,16560000,4.14,2,80,0,0x04,0,0
2026-09-24T15:33:21,stationary,1,Charging,77,4928000,6400000,2040,16560000,4.14,2,80,0,0x04,0,0
2026-09-24T15:33:26,stationary,1,Charging,77,4928000,6400000,2040,16560000,4.14,2,80,0,0x04,0,0
2026-09-24T15:33:31,stationary,1,Charging,77,4928000,6400000,2040,16560000,4.14,2,80,0,0x04,0,0
2026-09-24T15:33:36,stationary,1,Charging,77,4928000,6400000,2040,16560000,4.14,2,80,0,0x04,0,0
2026-09-24T15:33:41,stationary,1,Charging,77,4928000,6400000,2040,16560000,4.14,2,80,0,0x04,0,0
2026-09-24T15:33:46,stationary,1,Charging,77,4928000,6400000,2040,16560000,4.14,2,80,0,0x04,0,0
2026-09-24T15:33:51,stationary,1,Charging,77,4928000,6400000,2040,16560000,4.14,2,80,0,0x04,0,0
2026-09-24T15:33:56,stationary,1,Charging,77,4928000,6400000,2040,16560000,4.14,2,80,0,0x04,0,0
2026-09-24T15:34:01,stationary,1,Charging,77,4928000,6400000,2040,16560000,4.14,2,80,0,0x04,0,0
2026-09-24T15:34:06,stationary,1,Charging,77,4928000,6400000,2040,16560000,4.14,2,80,0,0x04,0,0
2026-09-24T15:34:11,stationary,1,Charging,77,4928000,6400000,2040,16560000,4.14,2,80,0,0x04,0,0
2026-09-24T15:34:16,stationary,1,Charging,77,4928000,6400000,2040,16584000,4.146,2,80,0,0x04,0,0
2026-09-24T15:34:21,stationary,1,Charging,77,4928000,6400000,2040,16584000,4.146,2,80,0,0x04,0,0
2026-09-24T15:34:26,stationary,1,Charging,77,4928000,6400000,2040,16584000,4.146,2,80,0,0x04,0,0
2026-09-24T15:34:31,stationary,1,Charging,77,4928000,6400000,2040,16584000,4.146,2,80,0,0x04,0,0
2026-09-24T15:34:36,stationary,1,Charging,77,4928000,6400000,2040,16584000,4.146,2,80,0,0x04,0,0
2026-09-24T15:34:41,stationary,1,Charging,77,4928000,6400000,2040,16584000,4.146,2,80,0,0x04,0,0
2026-09-24T15:34:46,stationary,1,Charging,77,4928000,6400000,2040,16584000,4.146,2,80,0,0x04,0,0
2026-09-24T15:34:51,stationary,1,Charging,77,4928000,6400000,2040,16584000,4.146,2,80,0,0x04,0,0
2026-09-24T15:34:56,stationary,1,Charging,77,4928000,6400000,2040,16584000,4.146,2,80,0,0x04,0,0
2026-09-24T15:35:01,stationary,1,Charging,78,4992000,6400000,2040,16584000,4.146,2,80,0,0x04,0,0
2026-09-24T15:35:06,stationary,1,Charging,78,4992000,6400000,2040,16584000,4.146,2,80,0,0x04,0,0
2026-09-24T15:35:11,stationary,1,Charging,78,4992000,6400000,2040,16584000,4.146,2,80,0,0x04,0,0
2026-09-24T15:35:16,stationary,1,Charging,78,4992000,6400000,2040,16607000,4.1517,2,80,0,0x04,0,0
2026-09-24T15:35:21,stationary,1,Charging,78,4992000,6400000,2040,16607000,4.1517,2,80,0,0x04,0,0
2026-09-24T15:35:26,stationary,1,Charging,78,4992000,6400000,2040,16607000,4.1517,2,80,0,0x04,0,0
2026-09-24T15:35:31,stationary,1,Charging,78,4992000,6400000,2040,16607000,4.1517,2,80,0,0x04,0,0
2026-09-24T15:35:36,stationary,1,Charging,78,4992000,6400000,2040,16607000,4.1517,2,80,0,0x04,0,0
2026-09-24T15:35:41,stationary,1,Charging,78,4992000,6400000,2040,16607000,4.1517,2,80,0,0x04,0,0
2026-09-24T15:35:46,stationary,1,Charging,78,4992000,6400000,2040,16607000,4.1517,2,80,0,0x04,0,0
2026-09-24T15:35:51,stationary,1,Charging,78,4992000,6400000,2040,16607000,4.1517,2,80,0,0x04,0,0
2026-09-24T15:35:56,stationary,1,Charging,78,4992000,6400000,2040,16607000,4.1517,2,80,0,0x04,0,0
2026-09-24T15:36:01,stationary,1,Charging,78,4992000,6400000,2040,16607000,4.1517,2,80,0,0x04,0,0
2026-09-24T15:36:06,stationary,1,Charging,78,4992000,6400000,2040,16607000,4.1517,2,80,0,0x04,0,0
2026-09-24T15:36:11,stationary,1,Charging,78,4992000,6400000,2040,16607000,4.1517,2,80,0,0x04,0,0
2026-09-24T15:36:16,stationary,1,Charging,78,4992000,6400000,2040,16631000,4.1578,2,80,0,0x04,0,0
2026-09-24T15:36:21,stationary,1,Charging,78,4992000,6400000,2040,16631000,4.1578,2,80,0,0x04,0,0
2026-09-24T15:36:26,stationary,1,Charging,78,4992000,6400000,2040,16607000,4.1517,2,80,0,0x04,0,0
2026-09-24T15:36:31,stationary,1,Charging,78,4992000,6400000,2040,16631000,4.1578,2,80,0,0x04,0,0
2026-09-24T15:36:36,stationary,1,Charging,78,4992000,6400000,2040,16607000,4.1517,2,80,0,0x04,0,0
2026-09-24T15:36:41,stationary,1,Charging,78,4992000,6400000,2040,16607000,4.1517,2,80,0,0x04,0,0
2026-09-24T15:36:46,stationary,1,Charging,78,4992000,6400000,2040,16631000,4.1578,2,80,0,0x04,0,0
2026-09-24T15:36:51,stationary,1,Charging,79,5056000,6400000,2040,16631000,4.1578,2,80,0,0x04,0,0
2026-09-24T15:36:56,stationary,1,Charging,79,5056000,6400000,2040,16631000,4.1578,2,80,0,0x04,0,0
2026-09-24T15:37:01,stationary,1,Charging,79,5056000,6400000,2040,16631000,4.1578,2,80,0,0x04,0,0
2026-09-24T15:37:06,stationary,1,Charging,79,5056000,6400000,2040,16631000,4.1578,2,80,0,0x04,0,0
2026-09-24T15:37:11,stationary,1,Charging,79,5056000,6400000,2040,16631000,4.1578,2,80,0,0x04,0,0
2026-09-24T15:37:17,stationary,1,Charging,79,5056000,6400000,2040,16631000,4.1578,2,80,0,0x04,0,0
2026-09-24T15:37:22,stationary,1,Charging,79,5056000,6400000,2040,16631000,4.1578,2,80,0,0x04,0,0
2026-09-24T15:37:27,stationary,1,Charging,79,5056000,6400000,2040,16631000,4.1578,2,80,0,0x04,0,0
2026-09-24T15:37:32,stationary,1,Charging,79,5056000,6400000,2040,16631000,4.1578,2,80,0,0x04,0,0
2026-09-24T15:37:37,stationary,1,Charging,79,5056000,6400000,2040,16631000,4.1578,2,80,0,0x04,0,0
2026-09-24T15:37:42,stationary,1,Charging,79,5056000,6400000,2040,16631000,4.1578,2,80,0,0x04,0,0
2026-09-24T15:37:47,stationary,1,Charging,79,5056000,6400000,2040,16631000,4.1578,,80,0,,,
2026-09-24T15:37:52,stationary,1,Charging,79,5056000,6400000,2040,16631000,4.1578,2,80,0,0x04,0,0
2026-09-24T15:37:57,stationary,1,Charging,79,5056000,6400000,2040,16631000,4.1578,2,80,0,0x04,0,0
2026-09-24T15:38:02,stationary,1,Charging,79,5056000,6400000,2040,16654000,4.1635,2,80,0,0x04,0,0
2026-09-24T15:38:07,stationary,1,Charging,79,5056000,6400000,2040,16654000,4.1635,2,80,0,0x04,0,0
2026-09-24T15:38:12,stationary,1,Charging,79,5056000,6400000,2040,16631000,4.1578,2,80,0,0x04,0,0
2026-09-24T15:38:17,stationary,1,Charging,79,5056000,6400000,2040,16654000,4.1635,2,80,0,0x04,0,0
2026-09-24T15:38:22,stationary,1,Charging,79,5056000,6400000,2006,16654000,4.1635,2,80,0,0x04,0,0
2026-09-24T15:38:27,stationary,1,Charging,79,5056000,6400000,2006,16654000,4.1635,2,80,0,0x04,0,0
2026-09-24T15:38:32,stationary,1,Charging,79,5056000,6400000,2006,16654000,4.1635,2,80,0,0x04,0,0
2026-09-24T15:38:37,stationary,1,Charging,79,5056000,6400000,2006,16654000,4.1635,2,80,0,0x04,0,0
2026-09-24T15:38:42,stationary,1,Charging,79,5056000,6400000,2006,16654000,4.1635,2,80,0,0x04,0,0
2026-09-24T15:38:47,stationary,1,Charging,80,5120000,6400000,2006,16654000,4.1635,2,80,0,0x04,0,0
2026-09-24T15:38:52,stationary,1,Charging,80,5120000,6400000,2006,16654000,4.1635,2,80,0,0x04,0,0
2026-09-24T15:38:57,stationary,1,Charging,80,5120000,6400000,2006,16654000,4.1635,2,80,0,0x04,0,0
2026-09-24T15:39:02,stationary,1,Charging,80,5120000,6400000,2006,16654000,4.1635,2,80,0,0x04,0,0
2026-09-24T15:39:07,stationary,1,Charging,80,5120000,6400000,2006,16654000,4.1635,2,80,0,0x04,0,0
2026-09-24T15:39:12,stationary,1,Charging,80,5120000,6400000,2006,16654000,4.1635,2,80,0,0x04,0,0
2026-09-24T15:39:17,stationary,1,Charging,80,5120000,6400000,2006,16654000,4.1635,,80,0,0x04,0,0
2026-09-24T15:39:22,stationary,1,Charging,80,5120000,6400000,2006,16654000,4.1635,2,80,0,0x04,0,0
2026-09-24T15:39:27,stationary,1,Charging,80,5120000,6400000,2006,16654000,4.1635,2,80,0,0x04,0,0
2026-09-24T15:39:32,stationary,1,Charging,80,5120000,6400000,2006,16654000,4.1635,2,80,0,0x04,0,0
2026-09-24T15:39:37,stationary,1,Charging,80,5120000,6400000,2006,16654000,4.1635,2,80,0,0x04,0,0
2026-09-24T15:39:42,stationary,1,Charging,80,5120000,6400000,2006,16677000,4.1692,2,80,0,0x04,0,0
2026-09-24T15:39:47,stationary,1,Charging,80,5120000,6400000,2006,16654000,4.1635,2,80,0,0x04,0,0
2026-09-24T15:39:52,stationary,1,Charging,80,5120000,6400000,1972,16677000,4.1692,2,80,0,0x04,0,0
2026-09-24T15:39:57,stationary,1,Charging,80,5120000,6400000,1972,16677000,4.1692,2,80,0,0x04,0,0
2026-09-24T15:40:02,stationary,1,Charging,80,5120000,6400000,1972,16677000,4.1692,2,80,0,0x04,0,0
2026-09-24T15:40:07,stationary,1,Charging,80,5120000,6400000,1972,16677000,4.1692,2,80,0,0x04,0,0
2026-09-24T15:40:12,stationary,1,Charging,80,5120000,6400000,1972,16677000,4.1692,2,80,0,0x04,0,0
2026-09-24T15:40:17,stationary,1,Charging,80,5120000,6400000,1972,16677000,4.1692,2,80,0,0x04,0,0
2026-09-24T15:40:22,stationary,1,Charging,80,5120000,6400000,1972,16677000,4.1692,2,80,0,0x04,0,0
2026-09-24T15:40:27,stationary,1,Charging,80,5120000,6400000,1972,16677000,4.1692,2,80,0,0x04,0,0
2026-09-24T15:40:32,stationary,1,Charging,80,5120000,6400000,1972,16677000,4.1692,2,80,0,0x04,0,0
2026-09-24T15:40:37,stationary,1,Charging,80,5120000,6400000,1972,16677000,4.1692,2,80,0,0x04,0,0
2026-09-24T15:40:42,stationary,1,Charging,81,5184000,6400000,1972,16677000,4.1692,2,80,0,0x04,0,0
2026-09-24T15:40:47,stationary,1,Charging,81,5184000,6400000,1972,16677000,4.1692,2,80,0,0x04,0,0
2026-09-24T15:40:52,stationary,1,Charging,81,5184000,6400000,1938,16677000,4.1692,2,80,0,0x04,0,0
2026-09-24T15:40:57,stationary,1,Charging,81,5184000,6400000,1938,16677000,4.1692,2,80,0,0x04,0,0
2026-09-24T15:41:02,stationary,1,Charging,81,5184000,6400000,1938,16677000,4.1692,2,80,0,0x04,0,0
2026-09-24T15:41:07,stationary,1,Charging,81,5184000,6400000,1938,16701000,4.1753,2,80,0,0x04,0,0
2026-09-24T15:41:12,stationary,1,Charging,81,5184000,6400000,1938,16701000,4.1753,2,80,0,0x04,0,0
2026-09-24T15:41:17,stationary,1,Charging,81,5184000,6400000,1938,16677000,4.1692,2,80,0,0x04,0,0
2026-09-24T15:41:22,stationary,1,Charging,81,5184000,6400000,1938,16677000,4.1692,2,80,0,0x04,0,0
2026-09-24T15:41:27,stationary,1,Charging,81,5184000,6400000,1938,16701000,4.1753,2,80,0,0x04,0,0
2026-09-24T15:41:32,stationary,1,Charging,81,5184000,6400000,1938,16677000,4.1692,2,80,0,0x04,0,0
2026-09-24T15:41:37,stationary,1,Charging,81,5184000,6400000,1938,16701000,4.1753,2,80,0,0x04,0,0
2026-09-24T15:41:42,stationary,1,Charging,81,5184000,6400000,1938,16701000,4.1753,2,80,0,0x04,0,0
2026-09-24T15:41:47,stationary,1,Charging,81,5184000,6400000,1938,16701000,4.1753,2,80,0,0x04,0,0
2026-09-24T15:41:52,stationary,1,Charging,81,5184000,6400000,1938,16701000,4.1753,2,80,0,0x04,0,0
2026-09-24T15:41:57,stationary,1,Charging,81,5184000,6400000,1938,16701000,4.1753,2,80,0,0x04,0,0
2026-09-24T15:42:02,stationary,1,Charging,81,5184000,6400000,1904,16701000,4.1753,2,80,0,0x04,0,0
2026-09-24T15:42:07,stationary,1,Charging,81,5184000,6400000,1904,16701000,4.1753,2,80,0,0x04,0,0
2026-09-24T15:42:12,stationary,1,Charging,81,5184000,6400000,1904,16701000,4.1753,2,80,0,0x04,0,0
2026-09-24T15:42:17,stationary,1,Charging,81,5184000,6400000,1904,16701000,4.1753,2,80,0,0x04,0,0
2026-09-24T15:42:22,stationary,1,Charging,81,5184000,6400000,1904,16701000,4.1753,2,80,0,0x04,0,0
2026-09-24T15:42:27,stationary,1,Charging,81,5184000,6400000,1904,16701000,4.1753,2,80,0,0x04,0,0
2026-09-24T15:42:32,stationary,1,Charging,81,5184000,6400000,1904,16701000,4.1753,2,80,0,0x04,0,0
2026-09-24T15:42:37,stationary,1,Charging,81,5184000,6400000,1904,16701000,4.1753,2,80,0,0x04,0,0
2026-09-24T15:42:42,stationary,1,Charging,82,5248000,6400000,1904,16701000,4.1753,2,80,0,0x04,0,0
2026-09-24T15:42:47,stationary,1,Charging,82,5248000,6400000,1904,16701000,4.1753,2,80,0,0x04,0,0
2026-09-24T15:42:52,stationary,1,Charging,82,5248000,6400000,1904,16701000,4.1753,2,80,0,0x04,0,0
2026-09-24T15:42:57,stationary,1,Charging,82,5248000,6400000,1870,16701000,4.1753,2,80,0,0x04,0,0
2026-09-24T15:43:02,stationary,1,Charging,82,5248000,6400000,1870,16724000,4.181,2,80,0,0x04,0,0
2026-09-24T15:43:07,stationary,1,Charging,82,5248000,6400000,1870,16701000,4.1753,2,80,0,0x04,0,0
2026-09-24T15:43:13,stationary,1,Charging,82,5248000,6400000,1870,16724000,4.181,2,80,0,0x04,0,0
2026-09-24T15:43:18,stationary,1,Charging,82,5248000,6400000,1870,16724000,4.181,2,80,0,0x04,0,0
2026-09-24T15:43:23,stationary,1,Charging,82,5248000,6400000,1870,16724000,4.181,2,80,0,0x04,0,0
2026-09-24T15:43:28,stationary,1,Charging,82,5248000,6400000,1870,16724000,4.181,2,80,0,0x04,0,0
2026-09-24T15:43:33,stationary,1,Charging,82,5248000,6400000,1870,16724000,4.181,2,80,0,0x04,0,0
2026-09-24T15:43:38,stationary,1,Charging,82,5248000,6400000,1870,16724000,4.181,2,80,0,0x04,0,0
2026-09-24T15:43:43,stationary,1,Charging,82,5248000,6400000,1870,16724000,4.181,2,80,0,0x04,0,0
2026-09-24T15:43:48,stationary,1,Charging,82,5248000,6400000,1870,16724000,4.181,2,80,0,0x04,0,0
2026-09-24T15:43:53,stationary,1,Charging,82,5248000,6400000,1870,16724000,4.181,2,80,0,0x04,0,0
2026-09-24T15:43:58,stationary,1,Charging,82,5248000,6400000,1870,16724000,4.181,2,80,0,0x04,0,0
2026-09-24T15:44:03,stationary,1,Charging,82,5248000,6400000,1870,16724000,4.181,2,80,0,0x04,0,0
2026-09-24T15:44:08,stationary,1,Charging,82,5248000,6400000,1836,16724000,4.181,2,80,0,0x04,0,0
2026-09-24T15:44:13,stationary,1,Charging,82,5248000,6400000,1836,16724000,4.181,2,80,0,0x04,0,0
2026-09-24T15:44:18,stationary,1,Charging,82,5248000,6400000,1836,16724000,4.181,2,80,0,0x04,0,0
2026-09-24T15:44:23,stationary,1,Charging,82,5248000,6400000,1836,16724000,4.181,2,80,0,0x04,0,0
2026-09-24T15:44:28,stationary,1,Charging,82,5248000,6400000,1836,16724000,4.181,2,80,0,0x04,0,0
2026-09-24T15:44:33,stationary,1,Charging,82,5248000,6400000,1836,16724000,4.181,2,80,0,0x04,0,0
2026-09-24T15:44:38,stationary,1,Charging,82,5248000,6400000,1802,16724000,4.181,2,80,0,0x04,0,0
2026-09-24T15:44:43,stationary,1,Charging,83,5312000,6400000,1802,16724000,4.181,2,80,0,0x04,0,0
2026-09-24T15:44:48,stationary,1,Charging,83,5312000,6400000,1802,16724000,4.181,2,80,0,0x04,0,0
2026-09-24T15:44:53,stationary,1,Charging,83,5312000,6400000,1802,16724000,4.181,2,80,0,0x04,0,0
2026-09-24T15:44:58,stationary,1,Charging,83,5312000,6400000,1768,16724000,4.181,2,80,0,0x04,0,0
2026-09-24T15:45:03,stationary,1,Charging,83,5312000,6400000,1768,16724000,4.181,2,80,0,0x04,0,0
2026-09-24T15:45:08,stationary,1,Charging,83,5312000,6400000,1768,16724000,4.181,2,80,0,0x04,0,0
2026-09-24T15:45:13,stationary,1,Charging,83,5312000,6400000,1768,16724000,4.181,2,80,0,0x04,0,0
2026-09-24T15:45:18,stationary,1,Charging,83,5312000,6400000,1768,16724000,4.181,2,80,0,0x04,0,0
2026-09-24T15:45:23,stationary,1,Charging,83,5312000,6400000,1768,16724000,4.181,2,80,0,0x04,0,0
2026-09-24T15:45:28,stationary,1,Charging,83,5312000,6400000,1734,16724000,4.181,2,80,0,0x04,0,0
2026-09-24T15:45:33,stationary,1,Charging,83,5312000,6400000,1734,16724000,4.181,2,80,0,0x04,0,0
2026-09-24T15:45:38,stationary,1,Charging,83,5312000,6400000,1734,16724000,4.181,2,80,0,0x04,0,0
2026-09-24T15:45:43,stationary,1,Charging,83,5312000,6400000,1734,16724000,4.181,2,80,0,0x04,0,0
2026-09-24T15:45:48,stationary,1,Charging,83,5312000,6400000,1734,16724000,4.181,2,80,0,0x04,0,0
2026-09-24T15:45:53,stationary,1,Charging,83,5312000,6400000,1734,16724000,4.181,2,80,0,0x04,0,0
2026-09-24T15:45:58,stationary,1,Charging,83,5312000,6400000,1734,16724000,4.181,2,80,0,0x04,0,0
2026-09-24T15:46:03,stationary,1,Charging,83,5312000,6400000,1700,16724000,4.181,2,80,0,0x04,0,0
2026-09-24T15:46:08,stationary,1,Charging,83,5312000,6400000,1700,16724000,4.181,2,80,0,0x04,0,0
2026-09-24T15:46:13,stationary,1,Charging,83,5312000,6400000,1700,16724000,4.181,2,80,0,0x04,0,0
2026-09-24T15:46:18,stationary,1,Charging,83,5312000,6400000,1700,16724000,4.181,2,80,0,0x04,0,0
2026-09-24T15:46:23,stationary,1,Charging,83,5312000,6400000,1666,16724000,4.181,2,80,0,0x04,0,0
2026-09-24T15:46:28,stationary,1,Charging,83,5312000,6400000,1666,16724000,4.181,2,80,0,0x04,0,0
2026-09-24T15:46:33,stationary,1,Charging,83,5312000,6400000,1666,16724000,4.181,2,80,0,0x04,0,0
2026-09-24T15:46:38,stationary,1,Charging,83,5312000,6400000,1666,16724000,4.181,2,80,0,0x04,0,0
2026-09-24T15:46:43,stationary,1,Charging,83,5312000,6400000,1666,16724000,4.181,2,80,0,0x04,0,0
2026-09-24T15:46:48,stationary,1,Charging,83,5312000,6400000,1666,16724000,4.181,2,80,0,0x04,0,0
2026-09-24T15:46:53,stationary,1,Charging,83,5312000,6400000,1632,16724000,4.181,2,80,0,0x04,0,0
2026-09-24T15:46:58,stationary,1,Charging,84,5376000,6400000,1632,16724000,4.181,2,80,0,0x04,0,0
2026-09-24T15:47:03,stationary,1,Charging,84,5376000,6400000,1632,16724000,4.181,2,80,0,0x04,0,0
2026-09-24T15:47:08,stationary,1,Charging,84,5376000,6400000,1632,16724000,4.181,2,80,0,0x04,0,0
2026-09-24T15:47:13,stationary,1,Charging,84,5376000,6400000,1632,16724000,4.181,2,80,0,0x04,0,0
2026-09-24T15:47:18,stationary,1,Charging,84,5376000,6400000,1632,16724000,4.181,2,80,0,0x04,0,0
2026-09-24T15:47:23,stationary,1,Charging,84,5376000,6400000,1598,16724000,4.181,2,80,0,0x04,0,0
2026-09-24T15:47:28,stationary,1,Charging,84,5376000,6400000,1598,16724000,4.181,2,80,0,0x04,0,0
2026-09-24T15:47:33,stationary,1,Charging,84,5376000,6400000,1598,16724000,4.181,2,80,0,0x04,0,0
2026-09-24T15:47:38,stationary,1,Charging,84,5376000,6400000,1598,16724000,4.181,2,80,0,0x04,0,0
2026-09-24T15:47:43,stationary,1,Charging,84,5376000,6400000,1598,16724000,4.181,2,80,0,0x04,0,0
2026-09-24T15:47:48,stationary,1,Charging,84,5376000,6400000,1564,16724000,4.181,2,80,0,0x04,0,0
2026-09-24T15:47:53,stationary,1,Charging,84,5376000,6400000,1564,16724000,4.181,2,80,0,0x04,0,0
2026-09-24T15:47:58,stationary,1,Charging,84,5376000,6400000,1564,16724000,4.181,2,80,0,0x04,0,0
2026-09-24T15:48:03,stationary,1,Charging,84,5376000,6400000,1564,16724000,4.181,2,80,0,0x04,0,0
2026-09-24T15:48:08,stationary,1,Charging,84,5376000,6400000,1564,16724000,4.181,2,80,0,0x04,0,0
2026-09-24T15:48:13,stationary,1,Charging,84,5376000,6400000,1564,16724000,4.181,2,80,0,0x04,0,0
2026-09-24T15:48:18,stationary,1,Charging,84,5376000,6400000,1564,16724000,4.181,2,80,0,0x04,0,0
2026-09-24T15:48:23,stationary,1,Charging,84,5376000,6400000,1530,16724000,4.181,2,80,0,0x04,0,0
2026-09-24T15:48:28,stationary,1,Charging,84,5376000,6400000,1530,16724000,4.181,2,80,0,0x04,0,0
2026-09-24T15:48:33,stationary,1,Charging,84,5376000,6400000,1530,16724000,4.181,2,80,0,0x04,0,0
2026-09-24T15:48:38,stationary,1,Charging,84,5376000,6400000,1530,16724000,4.181,2,80,0,0x04,0,0
2026-09-24T15:48:43,stationary,1,Charging,84,5376000,6400000,1530,16724000,4.181,2,80,0,0x04,0,0
2026-09-24T15:48:48,stationary,1,Charging,84,5376000,6400000,1496,16724000,4.181,2,80,0,0x04,0,0
2026-09-24T15:48:53,stationary,1,Charging,84,5376000,6400000,1496,16724000,4.181,2,80,0,0x04,0,0
2026-09-24T15:48:58,stationary,1,Charging,84,5376000,6400000,1496,16724000,4.181,2,80,0,0x04,0,0
2026-09-24T15:49:03,stationary,1,Charging,84,5376000,6400000,1496,16724000,4.181,2,80,0,0x04,0,0
2026-09-24T15:49:09,stationary,1,Charging,84,5376000,6400000,1496,16724000,4.181,2,80,0,0x04,0,0
2026-09-24T15:49:14,stationary,1,Charging,84,5376000,6400000,1496,16724000,4.181,2,80,0,0x04,0,0
2026-09-24T15:49:19,stationary,1,Charging,84,5376000,6400000,1496,16748000,4.187,2,80,0,0x04,0,0
2026-09-24T15:49:24,stationary,1,Charging,85,5440000,6400000,1462,16724000,4.181,2,80,0,0x04,0,0
2026-09-24T15:49:29,stationary,1,Charging,85,5440000,6400000,1462,16724000,4.181,2,80,0,0x04,0,0
2026-09-24T15:49:34,stationary,1,Charging,85,5440000,6400000,1462,16724000,4.181,2,80,0,0x04,0,0
2026-09-24T15:49:39,stationary,1,Charging,85,5440000,6400000,1462,16724000,4.181,2,80,0,0x04,0,0
2026-09-24T15:49:44,stationary,1,Charging,85,5440000,6400000,1462,16724000,4.181,2,80,0,0x04,0,0
2026-09-24T15:49:49,stationary,1,Charging,85,5440000,6400000,1462,16724000,4.181,2,80,0,0x04,0,0
2026-09-24T15:49:54,stationary,1,Charging,85,5440000,6400000,1462,16724000,4.181,2,80,0,0x04,0,0
2026-09-24T15:49:59,stationary,1,Charging,85,5440000,6400000,1428,16724000,4.181,2,80,0,0x04,0,0
2026-09-24T15:50:04,stationary,1,Charging,85,5440000,6400000,1428,16724000,4.181,2,80,0,0x04,0,0
2026-09-24T15:50:09,stationary,1,Charging,85,5440000,6400000,1428,16724000,4.181,2,80,0,0x04,0,0
2026-09-24T15:50:14,stationary,1,Charging,85,5440000,6400000,1428,16724000,4.181,2,80,0,0x04,0,0
2026-09-24T15:50:19,stationary,1,Charging,85,5440000,6400000,1428,16724000,4.181,2,80,0,0x04,0,0
2026-09-24T15:50:24,stationary,1,Charging,85,5440000,6400000,1428,16724000,4.181,2,80,0,0x04,0,0
2026-09-24T15:50:29,stationary,1,Charging,85,5440000,6400000,1428,16724000,4.181,2,80,0,0x04,0,0
2026-09-24T15:50:34,stationary,1,Charging,85,5440000,6400000,1394,16724000,4.181,2,80,0,0x04,0,0
2026-09-24T15:50:39,stationary,1,Charging,85,5440000,6400000,1394,16724000,4.181,2,80,0,0x04,0,0
2026-09-24T15:50:44,stationary,1,Charging,85,5440000,6400000,1394,16724000,4.181,2,80,0,0x04,0,0
2026-09-24T15:50:49,stationary,1,Charging,85,5440000,6400000,1394,16724000,4.181,2,80,0,0x04,0,0
2026-09-24T15:50:54,stationary,1,Charging,85,5440000,6400000,1394,16724000,4.181,2,80,0,0x04,0,0
2026-09-24T15:50:59,stationary,1,Charging,85,5440000,6400000,1394,16724000,4.181,2,80,0,0x04,0,0
2026-09-24T15:51:04,stationary,1,Charging,85,5440000,6400000,1394,16724000,4.181,2,80,0,0x04,0,0
2026-09-24T15:51:09,stationary,1,Charging,85,5440000,6400000,1394,16724000,4.181,2,80,0,0x04,0,0
2026-09-24T15:51:14,stationary,1,Charging,85,5440000,6400000,1360,16724000,4.181,2,80,0,0x04,0,0
2026-09-24T15:51:19,stationary,1,Charging,85,5440000,6400000,1360,16724000,4.181,2,80,0,0x04,0,0
2026-09-24T15:51:24,stationary,1,Charging,85,5440000,6400000,1360,16724000,4.181,2,80,0,0x04,0,0
2026-09-24T15:51:29,stationary,1,Charging,85,5440000,6400000,1360,16724000,4.181,2,80,0,0x04,0,0
2026-09-24T15:51:34,stationary,1,Charging,85,5440000,6400000,1360,16724000,4.181,2,80,0,0x04,0,0
2026-09-24T15:51:39,stationary,1,Charging,85,5440000,6400000,1360,16724000,4.181,2,80,0,0x04,0,0
2026-09-24T15:51:44,stationary,1,Charging,85,5440000,6400000,1360,16724000,4.181,2,80,0,0x04,0,0
2026-09-24T15:51:49,stationary,1,Charging,85,5440000,6400000,1360,16724000,4.181,2,80,0,0x04,0,0
2026-09-24T15:51:54,stationary,1,Charging,85,5440000,6400000,1326,16724000,4.181,2,80,0,0x04,0,0
2026-09-24T15:51:59,stationary,1,Charging,85,5440000,6400000,1326,16724000,4.181,2,80,0,0x04,0,0
2026-09-24T15:52:04,stationary,1,Charging,85,5440000,6400000,1326,16724000,4.181,2,80,0,0x04,0,0
2026-09-24T15:52:09,stationary,1,Charging,86,5504000,6400000,1326,16724000,4.181,2,80,0,0x04,0,0
2026-09-24T15:52:14,stationary,1,Charging,86,5504000,6400000,1326,16724000,4.181,2,80,0,0x04,0,0
2026-09-24T15:52:19,stationary,1,Charging,86,5504000,6400000,1326,16724000,4.181,2,80,0,0x04,0,0
2026-09-24T15:52:24,stationary,1,Charging,86,5504000,6400000,1292,16724000,4.181,2,80,0,0x04,0,0
2026-09-24T15:52:29,stationary,1,Charging,86,5504000,6400000,1292,16724000,4.181,2,80,0,0x04,0,0
2026-09-24T15:52:34,stationary,1,Charging,86,5504000,6400000,1292,16724000,4.181,2,80,0,0x04,0,0
2026-09-24T15:52:39,stationary,1,Charging,86,5504000,6400000,1292,16724000,4.181,2,80,0,0x04,0,0
2026-09-24T15:52:44,stationary,1,Charging,86,5504000,6400000,1292,16724000,4.181,2,80,0,0x04,0,0
2026-09-24T15:52:49,stationary,1,Charging,86,5504000,6400000,1292,16724000,4.181,2,80,0,0x04,0,0
2026-09-24T15:52:54,stationary,1,Charging,86,5504000,6400000,1292,16724000,4.181,2,80,0,0x04,0,0
2026-09-24T15:52:59,stationary,1,Charging,86,5504000,6400000,1292,16724000,4.181,2,80,0,0x04,0,0
2026-09-24T15:53:04,stationary,1,Charging,86,5504000,6400000,1258,16724000,4.181,2,80,0,0x04,0,0
2026-09-24T15:53:09,stationary,1,Charging,86,5504000,6400000,1258,16724000,4.181,2,80,0,0x04,0,0
2026-09-24T15:53:14,stationary,1,Charging,86,5504000,6400000,1258,16724000,4.181,2,80,0,0x04,0,0
2026-09-24T15:53:19,stationary,1,Charging,86,5504000,6400000,1258,16724000,4.181,2,80,0,0x04,0,0
2026-09-24T15:53:24,stationary,1,Charging,86,5504000,6400000,1258,16724000,4.181,2,80,0,0x04,0,0
2026-09-24T15:53:29,stationary,1,Charging,86,5504000,6400000,1258,16724000,4.181,2,80,0,0x04,0,0
2026-09-24T15:53:34,stationary,1,Charging,86,5504000,6400000,1258,16724000,4.181,2,80,0,0x04,0,0
2026-09-24T15:53:39,stationary,1,Charging,86,5504000,6400000,1258,16724000,4.181,2,80,0,0x04,0,0
2026-09-24T15:53:44,stationary,1,Charging,86,5504000,6400000,1224,16724000,4.181,2,80,0,0x04,0,0
2026-09-24T15:53:49,stationary,1,Charging,86,5504000,6400000,1224,16724000,4.181,2,80,0,0x04,0,0
2026-09-24T15:53:54,stationary,1,Charging,86,5504000,6400000,1224,16724000,4.181,2,80,0,0x04,0,0
2026-09-24T15:53:59,stationary,1,Charging,86,5504000,6400000,1224,16724000,4.181,2,80,0,0x04,0,0
2026-09-24T15:54:04,stationary,1,Charging,86,5504000,6400000,1224,16724000,4.181,2,80,0,0x04,0,0
2026-09-24T15:54:09,stationary,1,Charging,86,5504000,6400000,1224,16701000,4.1753,2,80,0,0x04,0,0
2026-09-24T15:54:14,stationary,1,Charging,86,5504000,6400000,1224,16701000,4.1753,2,80,0,0x04,0,0
2026-09-24T15:54:19,stationary,1,Charging,86,5504000,6400000,1224,16724000,4.181,2,80,0,0x04,0,0
2026-09-24T15:54:24,stationary,1,Charging,86,5504000,6400000,1224,16724000,4.181,0,80,0,0x04,0,0
2026-09-24T15:54:30,stationary,1,Charging,86,5504000,6400000,1190,16724000,4.181,2,80,0,0x04,0,0
2026-09-24T15:54:35,stationary,1,Charging,86,5504000,6400000,1190,16724000,4.181,2,80,0,0x04,0,0
2026-09-24T15:54:40,stationary,1,Charging,86,5504000,6400000,1190,16724000,4.181,2,80,0,0x04,0,0
2026-09-24T15:54:45,stationary,1,Charging,86,5504000,6400000,1190,16724000,4.181,2,80,0,0x04,0,0
2026-09-24T15:54:50,stationary,1,Charging,86,5504000,6400000,1190,16724000,4.181,2,80,0,0x04,0,0
2026-09-24T15:54:55,stationary,1,Charging,86,5504000,6400000,1190,16724000,4.181,2,80,0,0x04,0,0
2026-09-24T15:55:00,stationary,1,Charging,86,5504000,6400000,1190,16724000,4.181,2,80,0,0x04,0,0
2026-09-24T15:55:05,stationary,1,Charging,86,5504000,6400000,1190,16724000,4.181,2,80,0,0x04,0,0
2026-09-24T15:55:10,stationary,1,Charging,86,5504000,6400000,1190,16724000,4.181,2,80,0,0x04,0,0
2026-09-24T15:55:15,stationary,1,Charging,87,5568000,6400000,1156,16724000,4.181,2,80,0,0x04,0,0
2026-09-24T15:55:20,stationary,1,Charging,87,5568000,6400000,1156,16724000,4.181,2,80,0,0x04,0,0
2026-09-24T15:55:25,stationary,1,Charging,87,5568000,6400000,1156,16724000,4.181,2,80,0,0x04,0,0
2026-09-24T15:55:30,stationary,1,Charging,87,5568000,6400000,1156,16724000,4.181,2,80,0,0x04,0,0
2026-09-24T15:55:35,stationary,1,Charging,87,5568000,6400000,1156,16724000,4.181,2,80,0,0x04,0,0
2026-09-24T15:55:40,stationary,1,Charging,87,5568000,6400000,1156,16724000,4.181,2,80,0,0x04,0,0
2026-09-24T15:55:45,stationary,1,Charging,87,5568000,6400000,1156,16724000,4.181,2,80,0,0x04,0,0
2026-09-24T15:55:50,stationary,1,Charging,87,5568000,6400000,1156,16724000,4.181,2,80,0,0x04,0,0
2026-09-24T15:55:55,stationary,1,Charging,87,5568000,6400000,1122,16724000,4.181,2,80,0,0x04,0,0
2026-09-24T15:56:00,stationary,1,Charging,87,5568000,6400000,1122,16724000,4.181,2,80,0,0x04,0,0
2026-09-24T15:56:05,stationary,1,Charging,87,5568000,6400000,1122,16724000,4.181,2,80,0,0x04,0,0
2026-09-24T15:56:10,stationary,1,Charging,87,5568000,6400000,1122,16724000,4.181,2,80,0,0x04,0,0
2026-09-24T15:56:15,stationary,1,Charging,87,5568000,6400000,1122,16724000,4.181,2,80,0,0x04,0,0
2026-09-24T15:56:20,stationary,1,Charging,87,5568000,6400000,1122,16724000,4.181,2,80,0,0x04,0,0
2026-09-24T15:56:25,stationary,1,Charging,87,5568000,6400000,1122,16724000,4.181,2,80,0,0x04,0,0
2026-09-24T15:56:30,stationary,1,Charging,87,5568000,6400000,1122,16724000,4.181,2,80,0,0x04,0,0
2026-09-24T15:56:35,stationary,1,Charging,87,5568000,6400000,1122,16724000,4.181,2,80,0,0x90,1,0
2026-09-24T15:56:40,stationary,1,Charging,87,5568000,6400000,1122,16724000,4.181,2,80,0,0x04,0,0
2026-09-24T15:56:45,stationary,1,Charging,87,5568000,6400000,1088,16724000,4.181,2,80,0,0x04,0,0
2026-09-24T15:56:50,stationary,1,Charging,87,5568000,6400000,1088,16724000,4.181,2,80,0,0x04,0,0
2026-09-24T15:56:55,stationary,1,Charging,87,5568000,6400000,1088,16724000,4.181,2,80,0,0x04,0,0
2026-09-24T15:57:00,stationary,1,Charging,87,5568000,6400000,1088,16724000,4.181,2,80,0,0x04,0,0
2026-09-24T15:57:05,stationary,1,Charging,87,5568000,6400000,1088,16724000,4.181,2,80,0,0x04,0,0
2026-09-24T15:57:10,stationary,1,Charging,87,5568000,6400000,1088,16724000,4.181,2,80,0,0x04,0,0
2026-09-24T15:57:15,stationary,1,Charging,87,5568000,6400000,1088,16724000,4.181,2,80,0,0x04,0,0
2026-09-24T15:57:20,stationary,1,Charging,87,5568000,6400000,1088,16724000,4.181,2,80,0,0x04,0,0
2026-09-24T15:57:25,stationary,1,Charging,87,5568000,6400000,1088,16724000,4.181,2,80,0,0x04,0,0
2026-09-24T15:57:30,stationary,1,Charging,87,5568000,6400000,1088,16724000,4.181,2,80,0,0x04,0,0
2026-09-24T15:57:35,stationary,1,Charging,87,5568000,6400000,1088,16724000,4.181,2,80,0,0x04,0,0
2026-09-24T15:57:40,stationary,1,Charging,87,5568000,6400000,1054,16724000,4.181,2,80,0,0x04,0,0
2026-09-24T15:57:45,stationary,1,Charging,87,5568000,6400000,1054,16724000,4.181,2,80,0,0x04,0,0
2026-09-24T15:57:50,stationary,1,Charging,87,5568000,6400000,1054,16724000,4.181,2,80,0,0x04,0,0
2026-09-24T15:57:55,stationary,1,Charging,87,5568000,6400000,1054,16724000,4.181,2,80,0,0x04,0,0
2026-09-24T15:58:00,stationary,1,Charging,87,5568000,6400000,1054,16724000,4.181,2,80,0,0x04,0,0
2026-09-24T15:58:05,stationary,1,Charging,87,5568000,6400000,1054,16724000,4.181,2,80,0,0x04,0,0
2026-09-24T15:58:10,stationary,1,Charging,87,5568000,6400000,1054,16724000,4.181,2,80,0,0x04,0,0
2026-09-24T15:58:15,stationary,1,Charging,87,5568000,6400000,1054,16724000,4.181,2,80,0,0x04,0,0
2026-09-24T15:58:20,stationary,1,Charging,87,5568000,6400000,1054,16724000,4.181,2,80,0,0x04,0,0
2026-09-24T15:58:25,stationary,1,Charging,87,5568000,6400000,1054,16724000,4.181,2,80,0,0x04,0,0
2026-09-24T15:58:30,stationary,1,Charging,87,5568000,6400000,1020,16724000,4.181,2,80,0,0x04,0,0
2026-09-24T15:58:35,stationary,1,Charging,87,5568000,6400000,1020,16724000,4.181,2,80,0,0x04,0,0
2026-09-24T15:58:40,stationary,1,Charging,88,5632000,6400000,1020,16724000,4.181,2,80,0,0x04,0,0
2026-09-24T15:58:45,stationary,1,Charging,88,5632000,6400000,1020,16724000,4.181,2,80,0,0x04,0,0
2026-09-24T15:58:50,stationary,1,Charging,88,5632000,6400000,1020,16724000,4.181,2,80,0,0x04,0,0
2026-09-24T15:58:55,stationary,1,Charging,88,5632000,6400000,1020,16724000,4.181,2,80,0,0x04,0,0
2026-09-24T15:59:00,stationary,1,Charging,88,5632000,6400000,1020,16724000,4.181,2,80,0,0x04,0,0
2026-09-24T15:59:05,stationary,1,Charging,88,5632000,6400000,1020,16724000,4.181,2,80,0,0x04,0,0
2026-09-24T15:59:10,stationary,1,Charging,88,5632000,6400000,1020,16724000,4.181,2,80,0,0x04,0,0
2026-09-24T15:59:15,stationary,1,Charging,88,5632000,6400000,1020,16724000,4.181,2,80,0,0x04,0,0
2026-09-24T15:59:20,stationary,1,Charging,88,5632000,6400000,1020,16724000,4.181,2,80,0,0x04,0,0
2026-09-24T15:59:25,stationary,1,Charging,88,5632000,6400000,1020,16724000,4.181,2,80,0,0x04,0,0
2026-09-24T15:59:30,stationary,1,Charging,88,5632000,6400000,986,16724000,4.181,2,80,0,0x04,0,0
2026-09-24T15:59:35,stationary,1,Charging,88,5632000,6400000,986,16724000,4.181,2,80,0,0x04,0,0
2026-09-24T15:59:40,stationary,1,Charging,88,5632000,6400000,986,16724000,4.181,2,80,0,0x04,0,0
2026-09-24T15:59:45,stationary,1,Charging,88,5632000,6400000,986,16724000,4.181,2,80,0,0x04,0,0
2026-09-24T15:59:50,stationary,1,Charging,88,5632000,6400000,986,16724000,4.181,2,80,0,0x04,0,0
2026-09-24T15:59:55,stationary,1,Charging,88,5632000,6400000,986,16724000,4.181,2,80,0,0x04,0,0
2026-09-24T16:00:00,stationary,1,Charging,88,5632000,6400000,986,16724000,4.181,2,80,0,0x04,0,0
2026-09-24T16:00:06,stationary,1,Charging,88,5632000,6400000,986,16724000,4.181,2,80,0,0x04,0,0
2026-09-24T16:00:11,stationary,1,Charging,88,5632000,6400000,986,16724000,4.181,2,80,0,0x04,0,0
2026-09-24T16:00:16,stationary,1,Charging,88,5632000,6400000,986,16724000,4.181,2,80,0,0x04,0,0
2026-09-24T16:00:21,stationary,1,Charging,88,5632000,6400000,986,16724000,4.181,2,80,0,0x04,0,0
2026-09-24T16:00:26,stationary,1,Charging,88,5632000,6400000,952,16724000,4.181,2,80,0,0x04,0,0
2026-09-24T16:00:31,stationary,1,Charging,88,5632000,6400000,952,16724000,4.181,2,80,0,0x04,0,0
2026-09-24T16:00:36,stationary,1,Charging,88,5632000,6400000,952,16724000,4.181,2,80,0,0x04,0,0
2026-09-24T16:00:41,stationary,1,Charging,88,5632000,6400000,952,16724000,4.181,2,80,0,0x04,0,0
2026-09-24T16:00:46,stationary,1,Charging,88,5632000,6400000,952,16724000,4.181,2,80,0,0x04,0,0
2026-09-24T16:00:51,stationary,1,Charging,88,5632000,6400000,952,16724000,4.181,2,80,0,0x04,0,0
2026-09-24T16:00:56,stationary,1,Charging,88,5632000,6400000,952,16724000,4.181,2,80,0,0x04,0,0
2026-09-24T16:01:01,stationary,1,Charging,88,5632000,6400000,918,16724000,4.181,2,80,0,0x04,0,0
2026-09-24T16:01:06,stationary,1,Charging,88,5632000,6400000,918,16724000,4.181,2,80,0,0x04,0,0
2026-09-24T16:01:11,stationary,1,Charging,88,5632000,6400000,918,16724000,4.181,2,80,0,0x04,0,0
2026-09-24T16:01:16,stationary,1,Charging,88,5632000,6400000,918,16724000,4.181,2,80,0,0x04,0,0
2026-09-24T16:01:21,stationary,1,Charging,88,5632000,6400000,918,16724000,4.181,2,80,0,0x04,0,0
2026-09-24T16:01:26,stationary,1,Charging,88,5632000,6400000,918,16724000,4.181,2,80,0,0x04,0,0
2026-09-24T16:01:31,stationary,1,Charging,88,5632000,6400000,918,16724000,4.181,2,80,0,0x04,0,0
2026-09-24T16:01:36,stationary,1,Charging,88,5632000,6400000,918,16724000,4.181,2,80,0,0x04,0,0
2026-09-24T16:01:41,stationary,1,Charging,88,5632000,6400000,918,16724000,4.181,2,80,0,0x04,0,0
2026-09-24T16:01:46,stationary,1,Charging,88,5632000,6400000,918,16724000,4.181,2,80,0,0x04,0,0
2026-09-24T16:01:51,stationary,1,Charging,88,5632000,6400000,918,16724000,4.181,2,80,0,0x04,0,0
2026-09-24T16:01:56,stationary,1,Charging,88,5632000,6400000,918,16724000,4.181,2,80,0,0x04,0,0
2026-09-24T16:02:01,stationary,1,Charging,88,5632000,6400000,918,16724000,4.181,2,80,0,0x04,0,0
2026-09-24T16:02:06,stationary,1,Charging,88,5632000,6400000,918,16724000,4.181,2,80,0,0x04,0,0
2026-09-24T16:02:11,stationary,1,Charging,88,5632000,6400000,884,16724000,4.181,2,80,0,0x04,0,0
2026-09-24T16:02:16,stationary,1,Charging,88,5632000,6400000,884,16724000,4.181,2,80,0,0x04,0,0
2026-09-24T16:02:21,stationary,1,Charging,88,5632000,6400000,884,16724000,4.181,2,80,0,0x04,0,0
2026-09-24T16:02:26,stationary,1,Charging,88,5632000,6400000,884,16724000,4.181,2,80,0,0x04,0,0
2026-09-24T16:02:31,stationary,1,Charging,88,5632000,6400000,884,16724000,4.181,2,80,0,0x04,0,0
2026-09-24T16:02:36,stationary,1,Charging,88,5632000,6400000,884,16724000,4.181,2,80,0,0x04,0,0
2026-09-24T16:02:41,stationary,1,Charging,89,5696000,6400000,884,16724000,4.181,2,80,0,0x04,0,0
2026-09-24T16:02:46,stationary,1,Charging,89,5696000,6400000,884,16724000,4.181,2,80,0,0x04,0,0
2026-09-24T16:02:51,stationary,1,Charging,89,5696000,6400000,884,16724000,4.181,2,80,0,0x04,0,0
2026-09-24T16:02:56,stationary,1,Charging,89,5696000,6400000,884,16724000,4.181,2,80,0,0x04,0,0
2026-09-24T16:03:01,stationary,1,Charging,89,5696000,6400000,884,16724000,4.181,2,80,0,0x04,0,0
2026-09-24T16:03:06,stationary,1,Charging,89,5696000,6400000,884,16701000,4.1753,2,,,0x04,0,0
2026-09-24T16:03:11,stationary,1,Charging,89,5696000,6400000,884,16724000,4.181,2,80,0,0x04,0,0
2026-09-24T16:03:16,stationary,1,Charging,89,5696000,6400000,884,16724000,4.181,2,80,0,0x04,0,0
2026-09-24T16:03:21,stationary,1,Charging,89,5696000,6400000,884,16724000,4.181,2,80,0,0x04,0,0
2026-09-24T16:03:26,stationary,1,Charging,89,5696000,6400000,884,16724000,4.181,2,80,0,0x04,0,0
2026-09-24T16:03:31,stationary,1,Charging,89,5696000,6400000,884,16724000,4.181,2,80,0,0x04,0,0
2026-09-24T16:03:36,stationary,1,Charging,89,5696000,6400000,850,16724000,4.181,2,80,0,0x04,0,0
2026-09-24T16:03:41,stationary,1,Charging,89,5696000,6400000,850,16724000,4.181,2,80,0,0x04,0,0
2026-09-24T16:03:46,stationary,1,Charging,89,5696000,6400000,850,16724000,4.181,2,80,0,0x04,0,0
2026-09-24T16:03:51,stationary,1,Charging,89,5696000,6400000,850,16724000,4.181,2,80,0,0x04,0,0
2026-09-24T16:03:56,stationary,1,Charging,89,5696000,6400000,850,16724000,4.181,2,80,0,0x04,0,0
2026-09-24T16:04:01,stationary,1,Charging,89,5696000,6400000,850,16724000,4.181,2,80,0,0x04,0,0
2026-09-24T16:04:06,stationary,1,Charging,89,5696000,6400000,850,16724000,4.181,2,80,0,0x04,0,0
2026-09-24T16:04:11,stationary,1,Charging,89,5696000,6400000,850,16724000,4.181,2,80,0,0x04,0,0
2026-09-24T16:04:16,stationary,1,Charging,89,5696000,6400000,850,16724000,4.181,2,80,0,0x04,0,0
2026-09-24T16:04:21,stationary,1,Charging,89,5696000,6400000,816,16724000,4.181,2,80,0,0x04,0,0
2026-09-24T16:04:26,stationary,1,Charging,89,5696000,6400000,816,16724000,4.181,2,80,0,0x04,0,0
2026-09-24T16:04:31,stationary,1,Charging,89,5696000,6400000,816,16724000,4.181,2,80,0,0x04,0,0
2026-09-24T16:04:36,stationary,1,Charging,89,5696000,6400000,816,16724000,4.181,2,80,0,0x04,0,0
2026-09-24T16:04:41,stationary,1,Charging,89,5696000,6400000,816,16724000,4.181,2,80,0,0x04,0,0
2026-09-24T16:04:46,stationary,1,Charging,89,5696000,6400000,816,16724000,4.181,2,80,0,0x04,0,0
2026-09-24T16:04:51,stationary,1,Charging,89,5696000,6400000,816,16724000,4.181,2,80,0,0x04,0,0
2026-09-24T16:04:56,stationary,1,Charging,89,5696000,6400000,816,16724000,4.181,2,80,0,0x04,0,0
2026-09-24T16:05:01,stationary,1,Charging,89,5696000,6400000,816,16724000,4.181,2,80,0,0x04,0,0
2026-09-24T16:05:06,stationary,1,Charging,89,5696000,6400000,816,16724000,4.181,2,80,0,0x04,0,0
2026-09-24T16:05:11,stationary,1,Charging,89,5696000,6400000,816,16724000,4.181,2,80,0,0x04,0,0
2026-09-24T16:05:16,stationary,1,Charging,89,5696000,6400000,816,16724000,4.181,2,80,0,0x04,0,0
2026-09-24T16:05:21,stationary,1,Charging,89,5696000,6400000,816,16724000,4.181,2,80,0,0x04,0,0
2026-09-24T16:05:26,stationary,1,Charging,89,5696000,6400000,816,16724000,4.181,2,80,0,0x04,0,0
2026-09-24T16:05:31,stationary,1,Charging,89,5696000,6400000,782,16701000,4.1753,2,80,0,0x04,0,0
2026-09-24T16:05:36,stationary,1,Charging,89,5696000,6400000,782,16724000,4.181,2,80,0,0x04,0,0
2026-09-24T16:05:41,stationary,1,Charging,89,5696000,6400000,782,16724000,4.181,2,80,0,0x04,0,0
2026-09-24T16:05:46,stationary,1,Charging,89,5696000,6400000,782,16724000,4.181,2,80,0,0x04,0,0
2026-09-24T16:05:51,stationary,1,Charging,89,5696000,6400000,782,16724000,4.181,2,80,0,0x04,0,0
2026-09-24T16:05:56,stationary,1,Charging,89,5696000,6400000,782,16724000,4.181,2,80,0,0x04,0,0
2026-09-24T16:06:01,stationary,1,Charging,89,5696000,6400000,782,16701000,4.1753,2,80,0,0x04,0,0
2026-09-24T16:06:06,stationary,1,Charging,89,5696000,6400000,782,16724000,4.181,2,80,0,0x04,0,0
2026-09-24T16:06:11,stationary,1,Charging,89,5696000,6400000,782,16724000,4.181,2,80,0,0x04,0,0
2026-09-24T16:06:17,stationary,1,Charging,89,5696000,6400000,782,16724000,4.181,2,80,0,0x04,0,0
2026-09-24T16:06:22,stationary,1,Charging,89,5696000,6400000,782,16724000,4.181,2,80,0,0x04,0,0
2026-09-24T16:06:27,stationary,1,Charging,89,5696000,6400000,748,16724000,4.181,2,80,0,0x04,0,0
2026-09-24T16:06:32,stationary,1,Charging,89,5696000,6400000,748,16724000,4.181,2,80,0,0x04,0,0
2026-09-24T16:06:37,stationary,1,Charging,89,5696000,6400000,748,16724000,4.181,2,80,0,0x04,0,0
2026-09-24T16:06:42,stationary,1,Charging,89,5696000,6400000,748,16724000,4.181,2,80,0,0x04,0,0
2026-09-24T16:06:47,stationary,1,Charging,89,5696000,6400000,748,16724000,4.181,2,80,0,0x04,0,0
2026-09-24T16:06:52,stationary,1,Charging,89,5696000,6400000,748,16724000,4.181,2,80,0,0x04,0,0
2026-09-24T16:06:57,stationary,1,Charging,89,5696000,6400000,748,16724000,4.181,2,80,0,0x04,0,0
2026-09-24T16:07:02,stationary,1,Charging,89,5696000,6400000,748,16724000,4.181,2,80,0,0x04,0,0
2026-09-24T16:07:07,stationary,1,Charging,89,5696000,6400000,748,16724000,4.181,2,80,0,0x04,0,0
2026-09-24T16:07:12,stationary,1,Charging,89,5696000,6400000,748,16724000,4.181,2,80,0,0x04,0,0
2026-09-24T16:07:17,stationary,1,Charging,89,5696000,6400000,748,16724000,4.181,2,80,0,0x04,0,0
2026-09-24T16:07:22,stationary,1,Charging,89,5696000,6400000,748,16724000,4.181,2,80,0,0x04,0,0
2026-09-24T16:07:27,stationary,1,Charging,90,5760000,6400000,748,16724000,4.181,2,80,0,0x04,0,0
2026-09-24T16:07:32,stationary,1,Charging,90,5760000,6400000,748,16724000,4.181,2,80,0,0x04,0,0
2026-09-24T16:07:37,stationary,1,Charging,90,5760000,6400000,748,16724000,4.181,2,80,0,0x04,0,0
2026-09-24T16:07:42,stationary,1,Charging,90,5760000,6400000,748,16724000,4.181,2,80,0,0x04,0,0
2026-09-24T16:07:47,stationary,1,Charging,90,5760000,6400000,714,16724000,4.181,2,80,0,0x04,0,0
2026-09-24T16:07:52,stationary,1,Charging,90,5760000,6400000,714,16724000,4.181,2,80,0,0x04,0,0
2026-09-24T16:07:57,stationary,1,Charging,90,5760000,6400000,714,16724000,4.181,2,80,0,0x04,0,0
2026-09-24T16:08:02,stationary,1,Charging,90,5760000,6400000,714,16724000,4.181,2,80,0,0x04,0,0
2026-09-24T16:08:07,stationary,1,Charging,90,5760000,6400000,714,16724000,4.181,2,80,0,0x04,0,0
2026-09-24T16:08:12,stationary,1,Charging,90,5760000,6400000,714,16724000,4.181,2,80,0,0x04,0,0
2026-09-24T16:08:17,stationary,1,Charging,90,5760000,6400000,714,16724000,4.181,2,80,0,0x04,0,0
2026-09-24T16:08:22,stationary,1,Charging,90,5760000,6400000,714,16724000,4.181,2,80,0,0x04,0,0
2026-09-24T16:08:27,stationary,1,Charging,90,5760000,6400000,714,16724000,4.181,2,80,0,0x04,0,0
2026-09-24T16:08:32,stationary,1,Charging,90,5760000,6400000,714,16724000,4.181,2,80,0,0x04,0,0
2026-09-24T16:08:37,stationary,1,Charging,90,5760000,6400000,714,16724000,4.181,2,80,0,0x04,0,0
2026-09-24T16:08:42,stationary,1,Charging,90,5760000,6400000,714,16724000,4.181,2,80,0,0x04,0,0
2026-09-24T16:08:47,stationary,1,Charging,90,5760000,6400000,714,16724000,4.181,2,80,0,0x04,0,0
2026-09-24T16:08:52,stationary,1,Charging,90,5760000,6400000,714,16724000,4.181,2,80,0,0x04,0,0
2026-09-24T16:08:57,stationary,1,Charging,90,5760000,6400000,714,16724000,4.181,2,80,0,0x04,0,0
2026-09-24T16:09:02,stationary,1,Charging,90,5760000,6400000,714,16724000,4.181,2,80,0,0x04,0,0
2026-09-24T16:09:07,stationary,1,Charging,90,5760000,6400000,714,16724000,4.181,2,80,0,0x04,0,0
2026-09-24T16:09:12,stationary,1,Charging,90,5760000,6400000,680,16724000,4.181,2,80,0,0x04,0,0
2026-09-24T16:09:17,stationary,1,Charging,90,5760000,6400000,680,16724000,4.181,2,80,0,0x04,0,0
2026-09-24T16:09:22,stationary,1,Charging,90,5760000,6400000,680,16724000,4.181,2,80,0,0x04,0,0
2026-09-24T16:09:27,stationary,1,Charging,90,5760000,6400000,680,16724000,4.181,2,80,0,0x04,0,0
2026-09-24T16:09:32,stationary,1,Charging,90,5760000,6400000,680,16724000,4.181,2,80,0,0x04,0,0
2026-09-24T16:09:37,stationary,1,Charging,90,5760000,6400000,680,16724000,4.181,2,80,0,0x04,0,0
2026-09-24T16:09:42,stationary,1,Charging,90,5760000,6400000,680,16724000,4.181,2,80,0,0x04,0,0
2026-09-24T16:09:47,stationary,1,Charging,90,5760000,6400000,680,16724000,4.181,2,80,0,0x04,0,0
2026-09-24T16:09:52,stationary,1,Charging,90,5760000,6400000,680,16724000,4.181,2,80,0,0x04,0,0
2026-09-24T16:09:57,stationary,1,Charging,90,5760000,6400000,680,16724000,4.181,2,80,0,0x04,0,0
2026-09-24T16:10:02,stationary,1,Charging,90,5760000,6400000,680,16724000,4.181,2,80,0,0x04,0,0
2026-09-24T16:10:07,stationary,1,Charging,90,5760000,6400000,680,16724000,4.181,2,80,0,0x04,0,0
2026-09-24T16:10:12,stationary,1,Charging,90,5760000,6400000,646,16724000,4.181,2,80,0,0x04,0,0
2026-09-24T16:10:17,stationary,1,Charging,90,5760000,6400000,646,16724000,4.181,2,80,0,0x04,0,0
2026-09-24T16:10:22,stationary,1,Charging,90,5760000,6400000,646,16724000,4.181,2,80,0,0x04,0,0
2026-09-24T16:10:27,stationary,1,Charging,90,5760000,6400000,646,16724000,4.181,2,80,0,0x04,0,0
2026-09-24T16:10:32,stationary,1,Charging,90,5760000,6400000,646,16724000,4.181,2,80,0,0x04,0,0
2026-09-24T16:10:37,stationary,1,Charging,90,5760000,6400000,646,16724000,4.181,2,80,0,0x04,0,0
2026-09-24T16:10:42,stationary,1,Charging,90,5760000,6400000,646,16724000,4.181,2,80,0,0x04,0,0
2026-09-24T16:10:47,stationary,1,Charging,90,5760000,6400000,646,16724000,4.181,2,80,0,0x04,0,0
2026-09-24T16:10:52,stationary,1,Charging,90,5760000,6400000,646,16724000,4.181,2,80,0,0x04,0,0
2026-09-24T16:10:57,stationary,1,Charging,90,5760000,6400000,646,16724000,4.181,2,80,0,0x04,0,0
2026-09-24T16:11:02,stationary,1,Charging,90,5760000,6400000,646,16724000,4.181,2,80,0,0x04,0,0
2026-09-24T16:11:07,stationary,1,Charging,90,5760000,6400000,646,16724000,4.181,2,80,0,0x04,0,0
2026-09-24T16:11:12,stationary,1,Charging,90,5760000,6400000,646,16724000,4.181,2,80,0,0x04,0,0
2026-09-24T16:11:17,stationary,1,Charging,90,5760000,6400000,646,16724000,4.181,2,80,0,0x04,0,0
2026-09-24T16:11:22,stationary,1,Charging,90,5760000,6400000,646,16724000,4.181,2,80,0,0x04,0,0
2026-09-24T16:11:27,stationary,1,Charging,90,5760000,6400000,646,16724000,4.181,2,80,0,0x04,0,0
2026-09-24T16:11:32,stationary,1,Charging,90,5760000,6400000,646,16724000,4.181,2,80,0,0x04,0,0
2026-09-24T16:11:37,stationary,1,Charging,90,5760000,6400000,646,16724000,4.181,2,80,0,0x04,0,0
2026-09-24T16:11:42,stationary,1,Charging,90,5760000,6400000,646,16724000,4.181,2,80,0,0x04,0,0
2026-09-24T16:11:47,stationary,1,Charging,90,5760000,6400000,646,16748000,4.187,2,80,0,0x04,0,0
2026-09-24T16:11:52,stationary,1,Charging,90,5760000,6400000,612,16724000,4.181,2,80,0,0x04,0,0
2026-09-24T16:11:57,stationary,1,Charging,90,5760000,6400000,612,16724000,4.181,2,80,0,0x04,0,0
2026-09-24T16:12:02,stationary,1,Charging,90,5760000,6400000,612,16724000,4.181,2,80,0,0x04,0,0
2026-09-24T16:12:07,stationary,1,Charging,90,5760000,6400000,612,16724000,4.181,2,80,0,0x04,0,0
2026-09-24T16:12:12,stationary,1,Charging,90,5760000,6400000,612,16724000,4.181,2,80,0,0x04,0,0
2026-09-24T16:12:17,stationary,1,Charging,90,5760000,6400000,612,16724000,4.181,2,80,0,0x04,0,0
2026-09-24T16:12:22,stationary,1,Charging,90,5760000,6400000,612,16724000,4.181,2,80,0,0x04,0,0
2026-09-24T16:12:28,stationary,1,Charging,90,5760000,6400000,612,16724000,4.181,2,80,0,0x04,0,0
2026-09-24T16:12:33,stationary,1,Charging,90,5760000,6400000,612,16724000,4.181,2,80,0,0x04,0,0
2026-09-24T16:12:38,stationary,1,Charging,90,5760000,6400000,612,16724000,4.181,2,80,0,0x04,0,0
2026-09-24T16:12:43,stationary,1,Charging,90,5760000,6400000,612,16724000,4.181,2,80,0,0x04,0,0
2026-09-24T16:12:48,stationary,1,Charging,90,5760000,6400000,612,16724000,4.181,2,80,0,0x04,0,0
2026-09-24T16:12:53,stationary,1,Charging,90,5760000,6400000,612,16724000,4.181,2,80,0,0x04,0,0
2026-09-24T16:12:58,stationary,1,Charging,90,5760000,6400000,612,16724000,4.181,2,80,0,0x04,0,0
2026-09-24T16:13:03,stationary,1,Charging,90,5760000,6400000,612,16724000,4.181,2,80,0,0x04,0,0
2026-09-24T16:13:08,stationary,1,Charging,91,5824000,6400000,612,16724000,4.181,2,80,0,0x04,0,0
2026-09-24T16:13:13,stationary,1,Charging,91,5824000,6400000,612,16724000,4.181,2,80,0,0x04,0,0
2026-09-24T16:13:18,stationary,1,Charging,91,5824000,6400000,612,16724000,4.181,2,80,0,0x04,0,0
2026-09-24T16:13:23,stationary,1,Charging,91,5824000,6400000,612,16724000,4.181,2,80,0,0x04,0,0
2026-09-24T16:13:28,stationary,1,Charging,91,5824000,6400000,612,16724000,4.181,2,80,0,0x04,0,0
2026-09-24T16:13:33,stationary,1,Charging,91,5824000,6400000,578,16724000,4.181,2,80,0,0x04,0,0
2026-09-24T16:13:38,stationary,1,Charging,91,5824000,6400000,578,16724000,4.181,2,80,0,0x04,0,0
2026-09-24T16:13:43,stationary,1,Charging,91,5824000,6400000,578,16724000,4.181,2,80,0,0x04,0,0
2026-09-24T16:13:48,stationary,1,Charging,91,5824000,6400000,578,16724000,4.181,2,80,0,0x04,0,0
2026-09-24T16:13:53,stationary,1,Charging,91,5824000,6400000,578,16748000,4.187,2,80,0,0x04,0,0
2026-09-24T16:13:58,stationary,1,Charging,91,5824000,6400000,578,16724000,4.181,2,80,0,0x04,0,0
2026-09-24T16:14:03,stationary,1,Charging,91,5824000,6400000,578,16724000,4.181,2,80,0,0x04,0,0
2026-09-24T16:14:08,stationary,1,Charging,91,5824000,6400000,578,16724000,4.181,2,80,0,0x04,0,0
2026-09-24T16:14:13,stationary,1,Charging,91,5824000,6400000,578,16724000,4.181,2,80,0,0x04,0,0
2026-09-24T16:14:18,stationary,1,Charging,91,5824000,6400000,578,16724000,4.181,2,80,0,0x04,0,0
2026-09-24T16:14:23,stationary,1,Charging,91,5824000,6400000,578,16724000,4.181,2,80,0,0x04,0,0
2026-09-24T16:14:28,stationary,1,Charging,91,5824000,6400000,578,16724000,4.181,2,80,0,0x04,0,0
2026-09-24T16:14:33,stationary,1,Charging,91,5824000,6400000,578,16724000,4.181,2,80,0,0x04,0,0
2026-09-24T16:14:38,stationary,1,Charging,91,5824000,6400000,578,16724000,4.181,2,80,0,0x04,0,0
2026-09-24T16:14:43,stationary,1,Charging,91,5824000,6400000,578,16724000,4.181,2,80,0,0x04,0,0
2026-09-24T16:14:48,stationary,1,Charging,91,5824000,6400000,578,16724000,4.181,2,80,0,0x04,0,0
2026-09-24T16:14:53,stationary,1,Charging,91,5824000,6400000,578,16724000,4.181,2,80,0,0x04,0,0
2026-09-24T16:14:58,stationary,1,Charging,91,5824000,6400000,544,16724000,4.181,2,80,0,0x04,0,0
2026-09-24T16:15:03,stationary,1,Charging,91,5824000,6400000,544,16724000,4.181,2,80,0,0x04,0,0
2026-09-24T16:15:08,stationary,1,Charging,91,5824000,6400000,544,16724000,4.181,2,80,0,0x04,0,0
2026-09-24T16:15:13,stationary,1,Charging,91,5824000,6400000,544,16724000,4.181,2,80,0,0x04,0,0
2026-09-24T16:15:18,stationary,1,Charging,91,5824000,6400000,544,16724000,4.181,2,80,0,0x04,0,0
2026-09-24T16:15:23,stationary,1,Charging,91,5824000,6400000,544,16724000,4.181,2,80,0,0x04,0,0
2026-09-24T16:15:28,stationary,1,Charging,91,5824000,6400000,544,16724000,4.181,2,80,0,0x04,0,0
2026-09-24T16:15:33,stationary,1,Charging,91,5824000,6400000,544,16724000,4.181,2,80,0,0x04,0,0
2026-09-24T16:15:38,stationary,1,Charging,91,5824000,6400000,544,16724000,4.181,2,80,0,0x04,0,0
2026-09-24T16:15:43,stationary,1,Charging,91,5824000,6400000,544,16724000,4.181,2,80,0,0x04,0,0
2026-09-24T16:15:48,stationary,1,Charging,91,5824000,6400000,544,16724000,4.181,2,80,0,0x04,0,0
2026-09-24T16:15:53,stationary,1,Charging,91,5824000,6400000,544,16724000,4.181,2,80,0,0x04,0,0
2026-09-24T16:15:58,stationary,1,Charging,91,5824000,6400000,544,16724000,4.181,2,80,0,0x04,0,0
2026-09-24T16:16:03,stationary,1,Charging,91,5824000,6400000,544,16748000,4.187,2,80,0,0x04,0,0
2026-09-24T16:16:08,stationary,1,Charging,91,5824000,6400000,544,16748000,4.187,2,80,0,0x04,0,0
2026-09-24T16:16:13,stationary,1,Charging,91,5824000,6400000,544,16724000,4.181,2,80,0,0x04,0,0
2026-09-24T16:16:18,stationary,1,Charging,91,5824000,6400000,544,16724000,4.181,2,80,0,0x04,0,0
2026-09-24T16:16:23,stationary,1,Charging,91,5824000,6400000,544,16724000,4.181,2,80,0,0x04,0,0
2026-09-24T16:16:28,stationary,1,Charging,91,5824000,6400000,544,16724000,4.181,2,80,0,0x04,0,0
2026-09-24T16:16:33,stationary,1,Charging,91,5824000,6400000,544,16724000,4.181,2,80,0,0x04,0,0
2026-09-24T16:16:38,stationary,1,Charging,91,5824000,6400000,544,16724000,4.181,2,80,0,0x04,0,0
2026-09-24T16:16:43,stationary,1,Charging,91,5824000,6400000,544,16724000,4.181,2,80,0,0x04,0,0
2026-09-24T16:16:48,stationary,1,Charging,91,5824000,6400000,544,16724000,4.181,2,80,0,0x04,0,0
2026-09-24T16:16:53,stationary,1,Charging,91,5824000,6400000,510,16724000,4.181,2,80,0,0x04,0,0
2026-09-24T16:16:58,stationary,1,Charging,91,5824000,6400000,510,16724000,4.181,2,80,0,0x04,0,0
2026-09-24T16:17:03,stationary,1,Charging,91,5824000,6400000,510,16724000,4.181,2,80,0,0x04,0,0
2026-09-24T16:17:08,stationary,1,Charging,91,5824000,6400000,510,16748000,4.187,2,80,0,0x04,0,0
2026-09-24T16:17:13,stationary,1,Charging,91,5824000,6400000,510,16748000,4.187,2,80,0,0x04,0,0
2026-09-24T16:17:18,stationary,1,Charging,91,5824000,6400000,510,16724000,4.181,2,80,0,0x04,0,0
2026-09-24T16:17:23,stationary,1,Charging,91,5824000,6400000,510,16724000,4.181,2,80,0,0x04,0,0
2026-09-24T16:17:28,stationary,1,Charging,91,5824000,6400000,510,16748000,4.187,2,80,0,0x04,0,0
2026-09-24T16:17:33,stationary,1,Charging,91,5824000,6400000,510,16724000,4.181,2,80,0,0x04,0,0
2026-09-24T16:17:38,stationary,1,Charging,91,5824000,6400000,510,16748000,4.187,2,80,0,0x04,0,0
2026-09-24T16:17:43,stationary,1,Charging,91,5824000,6400000,510,16724000,4.181,2,80,0,0x04,0,0
2026-09-24T16:17:48,stationary,1,Charging,91,5824000,6400000,510,16724000,4.181,2,80,0,0x04,0,0
2026-09-24T16:17:53,stationary,1,Charging,91,5824000,6400000,510,16724000,4.181,2,80,0,0x04,0,0
2026-09-24T16:17:58,stationary,1,Charging,91,5824000,6400000,510,16724000,4.181,2,80,0,0x04,0,0
2026-09-24T16:18:03,stationary,1,Charging,91,5824000,6400000,510,16724000,4.181,2,80,0,0x04,0,0
2026-09-24T16:18:08,stationary,1,Charging,91,5824000,6400000,510,16724000,4.181,2,80,0,0x04,0,0
2026-09-24T16:18:13,stationary,1,Charging,91,5824000,6400000,510,16724000,4.181,2,80,0,0x04,0,0
2026-09-24T16:18:18,stationary,1,Charging,91,5824000,6400000,510,16724000,4.181,2,80,0,0x04,0,0
2026-09-24T16:18:23,stationary,1,Charging,91,5824000,6400000,510,16724000,4.181,2,80,0,0x04,0,0
2026-09-24T16:18:28,stationary,1,Charging,91,5824000,6400000,510,16724000,4.181,2,80,0,0x04,0,0
2026-09-24T16:18:33,stationary,1,Charging,91,5824000,6400000,510,16724000,4.181,2,80,0,0x04,0,0
2026-09-24T16:18:39,stationary,1,Charging,91,5824000,6400000,510,16748000,4.187,2,80,0,0x04,0,0
2026-09-24T16:18:44,stationary,1,Charging,91,5824000,6400000,510,16724000,4.181,2,80,0,0x04,0,0
2026-09-24T16:18:49,stationary,1,Charging,91,5824000,6400000,510,16724000,4.181,2,80,0,0x04,0,0
2026-09-24T16:18:54,stationary,1,Charging,91,5824000,6400000,510,16724000,4.181,2,80,0,0x04,0,0
2026-09-24T16:18:59,stationary,1,Charging,91,5824000,6400000,510,16724000,4.181,2,80,0,0x04,0,0
2026-09-24T16:19:04,stationary,1,Charging,91,5824000,6400000,476,16724000,4.181,2,80,0,0x04,0,0
2026-09-24T16:19:09,stationary,1,Charging,91,5824000,6400000,476,16748000,4.187,2,80,0,0x04,0,0
2026-09-24T16:19:14,stationary,1,Charging,91,5824000,6400000,476,16748000,4.187,2,80,0,0x04,0,0
2026-09-24T16:19:19,stationary,1,Charging,91,5824000,6400000,476,16748000,4.187,2,80,0,0x04,0,0
2026-09-24T16:19:24,stationary,1,Charging,91,5824000,6400000,476,16724000,4.181,2,80,0,0x04,0,0
2026-09-24T16:19:29,stationary,1,Charging,91,5824000,6400000,476,16724000,4.181,2,80,0,0x04,0,0
2026-09-24T16:19:34,stationary,1,Charging,91,5824000,6400000,476,16724000,4.181,2,80,0,0x04,0,0
2026-09-24T16:19:39,stationary,1,Charging,91,5824000,6400000,476,16724000,4.181,2,80,0,0x04,0,0
2026-09-24T16:19:44,stationary,1,Charging,91,5824000,6400000,476,16724000,4.181,2,80,0,0x04,0,0
2026-09-24T16:19:49,stationary,1,Charging,91,5824000,6400000,476,16724000,4.181,2,80,0,0x04,0,0
2026-09-24T16:19:54,stationary,1,Charging,91,5824000,6400000,476,16724000,4.181,2,80,0,0x04,0,0
2026-09-24T16:19:59,stationary,1,Charging,91,5824000,6400000,476,16748000,4.187,2,80,0,0x04,0,0
2026-09-24T16:20:04,stationary,1,Charging,91,5824000,6400000,476,16724000,4.181,2,80,0,0x04,0,0
2026-09-24T16:20:09,stationary,1,Charging,91,5824000,6400000,476,16748000,4.187,2,80,0,0x04,0,0
2026-09-24T16:20:14,stationary,1,Charging,91,5824000,6400000,476,16724000,4.181,2,80,0,0x04,0,0
2026-09-24T16:20:19,stationary,1,Charging,91,5824000,6400000,476,16724000,4.181,2,80,0,0x04,0,0
2026-09-24T16:20:24,stationary,1,Charging,92,5888000,6400000,476,16748000,4.187,2,80,0,0x04,0,0
2026-09-24T16:20:29,stationary,1,Charging,92,5888000,6400000,476,16724000,4.181,2,80,0,0x04,0,0
2026-09-24T16:20:34,stationary,1,Charging,92,5888000,6400000,442,16724000,4.181,2,80,0,0x04,0,0
2026-09-24T16:20:39,stationary,1,Charging,92,5888000,6400000,442,16724000,4.181,2,80,0,0x04,0,0
2026-09-24T16:20:44,stationary,1,Charging,92,5888000,6400000,442,16748000,4.187,2,80,0,0x04,0,0
2026-09-24T16:20:49,stationary,1,Charging,92,5888000,6400000,442,16748000,4.187,2,80,0,0x04,0,0
2026-09-24T16:20:54,stationary,1,Charging,92,5888000,6400000,442,16748000,4.187,2,80,0,0x04,0,0
2026-09-24T16:20:59,stationary,1,Charging,92,5888000,6400000,442,16724000,4.181,2,80,0,0x04,0,0
2026-09-24T16:21:04,stationary,1,Charging,92,5888000,6400000,442,16724000,4.181,2,80,0,0x04,0,0
2026-09-24T16:21:09,stationary,1,Charging,92,5888000,6400000,442,16748000,4.187,2,80,0,0x04,0,0
2026-09-24T16:21:14,stationary,1,Charging,92,5888000,6400000,442,16724000,4.181,2,80,0,0x04,0,0
2026-09-24T16:21:19,stationary,1,Charging,92,5888000,6400000,442,16724000,4.181,2,80,0,0x04,0,0
2026-09-24T16:21:24,stationary,1,Charging,92,5888000,6400000,442,16724000,4.181,2,80,0,0x04,0,0
2026-09-24T16:21:29,stationary,1,Charging,92,5888000,6400000,442,16724000,4.181,2,80,0,0x04,0,0
2026-09-24T16:21:34,stationary,1,Charging,92,5888000,6400000,442,16724000,4.181,2,80,0,0x04,0,0
2026-09-24T16:21:39,stationary,1,Charging,92,5888000,6400000,442,16724000,4.181,2,80,0,0x04,0,0
2026-09-24T16:21:44,stationary,1,Charging,92,5888000,6400000,442,16724000,4.181,2,80,0,0x04,0,0
2026-09-24T16:21:49,stationary,1,Charging,92,5888000,6400000,442,16748000,4.187,2,80,0,0x04,0,0
2026-09-24T16:21:54,stationary,1,Charging,92,5888000,6400000,442,16724000,4.181,2,80,0,0x04,0,0
2026-09-24T16:21:59,stationary,1,Charging,92,5888000,6400000,442,16724000,4.181,2,80,0,0x04,0,0
2026-09-24T16:22:04,stationary,1,Charging,92,5888000,6400000,442,16724000,4.181,2,80,0,0x04,0,0
2026-09-24T16:22:09,stationary,1,Charging,92,5888000,6400000,442,16724000,4.181,2,80,0,0x04,0,0
2026-09-24T16:22:14,stationary,1,Charging,92,5888000,6400000,442,16724000,4.181,2,80,0,0x04,0,0
2026-09-24T16:22:19,stationary,1,Charging,92,5888000,6400000,442,16724000,4.181,2,80,0,0x04,0,0
2026-09-24T16:22:24,stationary,1,Charging,92,5888000,6400000,442,16724000,4.181,2,80,0,0x04,0,0
2026-09-24T16:22:29,stationary,1,Charging,92,5888000,6400000,442,16748000,4.187,2,80,0,0x04,0,0
2026-09-24T16:22:34,stationary,1,Charging,92,5888000,6400000,442,16748000,4.187,2,80,0,0x04,0,0
2026-09-24T16:22:39,stationary,1,Charging,92,5888000,6400000,442,16724000,4.181,2,80,0,0x04,0,0
2026-09-24T16:22:44,stationary,1,Charging,92,5888000,6400000,442,16724000,4.181,2,80,0,0x04,0,0
2026-09-24T16:22:49,stationary,1,Charging,92,5888000,6400000,442,16724000,4.181,2,80,0,0x04,0,0
2026-09-24T16:22:54,stationary,1,Charging,92,5888000,6400000,408,16724000,4.181,2,80,0,0x04,0,0
2026-09-24T16:22:59,stationary,1,Charging,92,5888000,6400000,408,16748000,4.187,2,80,0,0x04,0,0
2026-09-24T16:23:04,stationary,1,Charging,92,5888000,6400000,408,16724000,4.181,2,80,0,0x04,0,0
2026-09-24T16:23:09,stationary,1,Charging,92,5888000,6400000,408,16724000,4.181,2,80,0,0x04,0,0
2026-09-24T16:23:14,stationary,1,Charging,92,5888000,6400000,408,16724000,4.181,2,80,0,0x04,0,0
2026-09-24T16:23:19,stationary,1,Charging,92,5888000,6400000,408,16748000,4.187,2,80,0,0x04,0,0
2026-09-24T16:23:24,stationary,1,Charging,92,5888000,6400000,408,16748000,4.187,2,80,0,0x04,0,0
2026-09-24T16:23:29,stationary,1,Charging,92,5888000,6400000,408,16724000,4.181,2,80,0,0x04,0,0
2026-09-24T16:23:34,stationary,1,Charging,92,5888000,6400000,408,16724000,4.181,2,80,0,0x04,0,0
2026-09-24T16:23:39,stationary,1,Charging,92,5888000,6400000,408,16724000,4.181,2,80,0,0x04,0,0
2026-09-24T16:23:44,stationary,1,Charging,92,5888000,6400000,408,16724000,4.181,2,80,0,0x04,0,0
2026-09-24T16:23:49,stationary,1,Charging,92,5888000,6400000,408,16724000,4.181,2,80,0,0x04,0,0
2026-09-24T16:23:54,stationary,1,Charging,92,5888000,6400000,408,16724000,4.181,2,80,0,0x04,0,0
2026-09-24T16:23:59,stationary,1,Charging,92,5888000,6400000,408,16724000,4.181,2,80,0,0x04,0,0
2026-09-24T16:24:04,stationary,1,Charging,92,5888000,6400000,408,16724000,4.181,2,80,0,0x04,0,0
2026-09-24T16:24:09,stationary,1,Charging,92,5888000,6400000,408,16724000,4.181,2,80,0,0x04,0,0
2026-09-24T16:24:14,stationary,1,Charging,92,5888000,6400000,408,16724000,4.181,2,80,0,0x04,0,0
2026-09-24T16:24:19,stationary,1,Charging,92,5888000,6400000,408,16748000,4.187,2,80,0,0x04,0,0
2026-09-24T16:24:24,stationary,1,Charging,92,5888000,6400000,408,16748000,4.187,2,80,0,0x04,0,0
2026-09-24T16:24:29,stationary,1,Charging,92,5888000,6400000,408,16748000,4.187,2,80,0,0x04,0,0
2026-09-24T16:24:34,stationary,1,Charging,92,5888000,6400000,408,16748000,4.187,2,80,0,0x04,0,0
2026-09-24T16:24:39,stationary,1,Charging,92,5888000,6400000,408,16748000,4.187,2,80,0,0x04,0,0
2026-09-24T16:24:44,stationary,1,Charging,92,5888000,6400000,408,16748000,4.187,2,80,0,0x04,0,0
2026-09-24T16:24:50,stationary,1,Charging,92,5888000,6400000,374,16748000,4.187,2,80,0,0x04,0,0
2026-09-24T16:24:55,stationary,1,Charging,92,5888000,6400000,374,16724000,4.181,2,80,0,0x04,0,0
2026-09-24T16:25:00,stationary,1,Charging,92,5888000,6400000,374,16724000,4.181,2,80,0,0x04,0,0
2026-09-24T16:25:05,stationary,1,Charging,92,5888000,6400000,374,16724000,4.181,2,80,0,0x04,0,0
2026-09-24T16:25:10,stationary,1,Charging,92,5888000,6400000,374,16724000,4.181,2,80,0,0x04,0,0
2026-09-24T16:25:15,stationary,1,Charging,92,5888000,6400000,374,16724000,4.181,2,80,0,0x04,0,0
2026-09-24T16:25:20,stationary,1,Charging,92,5888000,6400000,374,16724000,4.181,2,80,0,0x04,0,0
2026-09-24T16:25:25,stationary,1,Charging,92,5888000,6400000,374,16724000,4.181,2,80,0,0x04,0,0
2026-09-24T16:25:30,stationary,1,Charging,92,5888000,6400000,374,16724000,4.181,2,80,0,0x04,0,0
2026-09-24T16:25:35,stationary,1,Charging,92,5888000,6400000,374,16748000,4.187,2,80,0,0x04,0,0
2026-09-24T16:25:40,stationary,1,Charging,92,5888000,6400000,374,16724000,4.181,2,80,0,0x04,0,0
2026-09-24T16:25:45,stationary,1,Charging,92,5888000,6400000,374,16724000,4.181,2,80,0,0x04,0,0
2026-09-24T16:25:50,stationary,1,Charging,92,5888000,6400000,374,16724000,4.181,2,80,0,0x04,0,0
2026-09-24T16:25:55,stationary,1,Charging,92,5888000,6400000,374,16748000,4.187,2,80,0,0x04,0,0
2026-09-24T16:26:00,stationary,1,Charging,92,5888000,6400000,374,16748000,4.187,2,80,0,0x04,0,0
2026-09-24T16:26:05,stationary,1,Charging,92,5888000,6400000,374,16724000,4.181,2,80,0,0x04,0,0
2026-09-24T16:26:10,stationary,1,Charging,92,5888000,6400000,374,16724000,4.181,2,80,0,0x04,0,0
2026-09-24T16:26:15,stationary,1,Charging,92,5888000,6400000,374,16748000,4.187,2,80,0,0x04,0,0
2026-09-24T16:26:20,stationary,1,Charging,92,5888000,6400000,374,16748000,4.187,2,80,0,0x04,0,0
2026-09-24T16:26:25,stationary,1,Charging,92,5888000,6400000,374,16748000,4.187,2,80,0,0x04,0,0
2026-09-24T16:26:30,stationary,1,Charging,92,5888000,6400000,374,16724000,4.181,2,80,0,0x04,0,0
2026-09-24T16:26:35,stationary,1,Charging,92,5888000,6400000,374,16724000,4.181,2,80,0,0x04,0,0
2026-09-24T16:26:40,stationary,1,Charging,92,5888000,6400000,374,16724000,4.181,2,80,0,0x04,0,0
2026-09-24T16:26:45,stationary,1,Charging,92,5888000,6400000,374,16748000,4.187,2,80,0,0x04,0,0
2026-09-24T16:26:50,stationary,1,Charging,92,5888000,6400000,374,16748000,4.187,2,80,0,0x04,0,0
2026-09-24T16:26:55,stationary,1,Charging,92,5888000,6400000,374,16748000,4.187,2,80,0,0x04,0,0
2026-09-24T16:27:00,stationary,1,Charging,92,5888000,6400000,374,16748000,4.187,2,80,0,0x04,0,0
2026-09-24T16:27:05,stationary,1,Charging,92,5888000,6400000,374,16724000,4.181,2,80,0,0x04,0,0
2026-09-24T16:27:10,stationary,1,Charging,92,5888000,6400000,374,16724000,4.181,2,80,0,0x04,0,0
2026-09-24T16:27:15,stationary,1,Charging,92,5888000,6400000,374,16748000,4.187,2,80,0,0x04,0,0
2026-09-24T16:27:20,stationary,1,Charging,92,5888000,6400000,374,16724000,4.181,2,80,0,0x04,0,0
2026-09-24T16:27:25,stationary,1,Charging,92,5888000,6400000,374,16724000,4.181,2,80,0,0x04,0,0
2026-09-24T16:27:30,stationary,1,Charging,92,5888000,6400000,374,16724000,4.181,2,80,0,0x04,0,0
2026-09-24T16:27:35,stationary,1,Charging,92,5888000,6400000,374,16724000,4.181,2,80,0,0x04,0,0
2026-09-24T16:27:40,stationary,1,Charging,92,5888000,6400000,340,16724000,4.181,2,80,0,0x04,0,0
2026-09-24T16:27:45,stationary,1,Charging,92,5888000,6400000,340,16724000,4.181,2,80,0,0x04,0,0
2026-09-24T16:27:50,stationary,1,Charging,92,5888000,6400000,340,16724000,4.181,2,80,0,0x04,0,0
2026-09-24T16:27:55,stationary,1,Charging,92,5888000,6400000,340,16748000,4.187,2,80,0,0x04,0,0
2026-09-24T16:28:00,stationary,1,Charging,92,5888000,6400000,340,16724000,4.181,2,80,0,0x04,0,0
2026-09-24T16:28:05,stationary,1,Charging,92,5888000,6400000,340,16748000,4.187,2,80,0,0x04,0,0
2026-09-24T16:28:10,stationary,1,Charging,92,5888000,6400000,340,16748000,4.187,2,80,0,0x04,0,0
2026-09-24T16:28:15,stationary,1,Charging,92,5888000,6400000,340,16724000,4.181,2,80,0,0x04,0,0
2026-09-24T16:28:20,stationary,1,Charging,92,5888000,6400000,340,16724000,4.181,2,80,0,0x04,0,0
2026-09-24T16:28:25,stationary,1,Charging,92,5888000,6400000,340,16724000,4.181,2,80,0,0x04,0,0
2026-09-24T16:28:30,stationary,1,Charging,92,5888000,6400000,340,16748000,4.187,2,80,0,0x04,0,0
2026-09-24T16:28:35,stationary,1,Charging,92,5888000,6400000,340,16724000,4.181,2,80,0,0x04,0,0
2026-09-24T16:28:40,stationary,1,Charging,92,5888000,6400000,340,16724000,4.181,2,80,0,0x04,0,0
2026-09-24T16:28:45,stationary,1,Charging,92,5888000,6400000,340,16748000,4.187,2,80,0,0x04,0,0
2026-09-24T16:28:50,stationary,1,Charging,92,5888000,6400000,340,16748000,4.187,2,80,0,0x04,0,0
2026-09-24T16:28:55,stationary,1,Charging,92,5888000,6400000,340,16724000,4.181,2,80,0,0x04,0,0
2026-09-24T16:29:00,stationary,1,Charging,92,5888000,6400000,340,16724000,4.181,2,80,0,0x04,0,0
2026-09-24T16:29:05,stationary,1,Charging,92,5888000,6400000,340,16724000,4.181,2,80,0,0x04,0,0
2026-09-24T16:29:10,stationary,1,Charging,92,5888000,6400000,340,16724000,4.181,2,80,0,0x04,0,0
2026-09-24T16:29:15,stationary,1,Charging,92,5888000,6400000,340,16724000,4.181,2,80,0,0x04,0,0
2026-09-24T16:29:20,stationary,1,Charging,92,5888000,6400000,340,16748000,4.187,2,80,0,0x04,0,0
2026-09-24T16:29:25,stationary,1,Charging,92,5888000,6400000,340,16748000,4.187,2,80,0,0x04,0,0
2026-09-24T16:29:30,stationary,1,Charging,92,5888000,6400000,340,16724000,4.181,2,80,0,0x04,0,0
2026-09-24T16:29:35,stationary,1,Charging,92,5888000,6400000,340,16724000,4.181,2,80,0,0x04,0,0
2026-09-24T16:29:40,stationary,1,Charging,92,5888000,6400000,340,16724000,4.181,2,80,0,0x04,0,0
2026-09-24T16:29:45,stationary,1,Charging,92,5888000,6400000,340,16748000,4.187,2,80,0,0x04,0,0
2026-09-24T16:29:50,stationary,1,Charging,92,5888000,6400000,340,16748000,4.187,2,80,0,0x04,0,0
2026-09-24T16:29:55,stationary,1,Charging,92,5888000,6400000,340,16724000,4.181,2,80,0,0x04,0,0
2026-09-24T16:30:00,stationary,1,Charging,92,5888000,6400000,340,16724000,4.181,2,80,0,0x04,0,0
2026-09-24T16:30:05,stationary,1,Charging,92,5888000,6400000,340,16724000,4.181,2,80,0,0x04,0,0
2026-09-24T16:30:10,stationary,1,Charging,93,5952000,6400000,340,16724000,4.181,2,80,0,0x04,0,0
2026-09-24T16:30:15,stationary,1,Charging,93,5952000,6400000,340,16748000,4.187,2,80,0,0x04,0,0
2026-09-24T16:30:20,stationary,1,Charging,93,5952000,6400000,340,16724000,4.181,2,80,0,0x04,0,0
2026-09-24T16:30:25,stationary,1,Charging,93,5952000,6400000,340,16748000,4.187,2,80,0,0x04,0,0
2026-09-24T16:30:30,stationary,1,Charging,93,5952000,6400000,340,16748000,4.187,2,80,0,0x04,0,0
2026-09-24T16:30:35,stationary,1,Charging,93,5952000,6400000,340,16724000,4.181,2,80,0,0x04,0,0
2026-09-24T16:30:40,stationary,1,Charging,93,5952000,6400000,340,16748000,4.187,2,80,0,0x04,0,0
2026-09-24T16:30:45,stationary,1,Charging,93,5952000,6400000,340,16724000,4.181,2,80,0,0x04,0,0
2026-09-24T16:30:50,stationary,1,Charging,93,5952000,6400000,340,16748000,4.187,2,80,0,0x04,0,0
2026-09-24T16:30:56,stationary,1,Charging,93,5952000,6400000,306,16748000,4.187,2,80,0,0x04,0,0
2026-09-24T16:31:01,stationary,1,Charging,93,5952000,6400000,306,16748000,4.187,2,80,0,0x04,0,0
2026-09-24T16:31:06,stationary,1,Charging,93,5952000,6400000,306,16724000,4.181,2,80,0,0x04,0,0
2026-09-24T16:31:11,stationary,1,Charging,93,5952000,6400000,306,16724000,4.181,2,80,0,0x04,0,0
2026-09-24T16:31:16,stationary,1,Charging,93,5952000,6400000,306,16748000,4.187,2,80,0,0x04,0,0
2026-09-24T16:31:21,stationary,1,Charging,93,5952000,6400000,306,16748000,4.187,2,80,0,0x04,0,0
2026-09-24T16:31:26,stationary,1,Charging,93,5952000,6400000,306,16748000,4.187,2,80,0,0x04,0,0
2026-09-24T16:31:31,stationary,1,Charging,93,5952000,6400000,306,16748000,4.187,2,80,0,0x04,0,0
2026-09-24T16:31:36,stationary,1,Charging,93,5952000,6400000,306,16748000,4.187,2,80,0,0x04,0,0
2026-09-24T16:31:41,stationary,1,Charging,93,5952000,6400000,306,16724000,4.181,2,80,0,0x04,0,0
2026-09-24T16:31:46,stationary,1,Charging,93,5952000,6400000,306,16724000,4.181,2,80,0,0x04,0,0
2026-09-24T16:31:51,stationary,1,Charging,93,5952000,6400000,306,16748000,4.187,2,80,0,0x04,0,0
2026-09-24T16:31:56,stationary,1,Charging,93,5952000,6400000,306,16724000,4.181,2,80,0,0x04,0,0
2026-09-24T16:32:01,stationary,1,Charging,93,5952000,6400000,306,16724000,4.181,2,80,0,0x04,0,0
2026-09-24T16:32:06,stationary,1,Charging,93,5952000,6400000,306,16748000,4.187,2,80,0,0x04,0,0
2026-09-24T16:32:11,stationary,1,Charging,93,5952000,6400000,306,16724000,4.181,2,80,0,0x04,0,0
2026-09-24T16:32:16,stationary,1,Charging,93,5952000,6400000,306,16748000,4.187,2,80,0,0x04,0,0
2026-09-24T16:32:21,stationary,1,Charging,93,5952000,6400000,306,16748000,4.187,2,80,0,0x04,0,0
2026-09-24T16:32:26,stationary,1,Charging,93,5952000,6400000,306,16748000,4.187,2,80,0,0x04,0,0
2026-09-24T16:32:31,stationary,1,Charging,93,5952000,6400000,306,16748000,4.187,2,80,0,0x04,0,0
2026-09-24T16:32:36,stationary,1,Charging,93,5952000,6400000,306,16748000,4.187,2,80,0,0x04,0,0
2026-09-24T16:32:41,stationary,1,Charging,93,5952000,6400000,306,16748000,4.187,2,80,0,0x04,0,0
2026-09-24T16:32:46,stationary,1,Charging,93,5952000,6400000,306,16748000,4.187,2,80,0,0x04,0,0
2026-09-24T16:32:51,stationary,1,Charging,93,5952000,6400000,306,16748000,4.187,2,80,0,0x04,0,0
2026-09-24T16:32:56,stationary,1,Charging,93,5952000,6400000,306,16748000,4.187,2,80,0,0x04,0,0
2026-09-24T16:33:01,stationary,1,Charging,93,5952000,6400000,306,16748000,4.187,2,80,0,0x04,0,0
2026-09-24T16:33:06,stationary,1,Charging,93,5952000,6400000,306,16724000,4.181,2,80,0,0x04,0,0
2026-09-24T16:33:11,stationary,1,Charging,93,5952000,6400000,306,16724000,4.181,2,80,0,0x04,0,0
2026-09-24T16:33:16,stationary,1,Charging,93,5952000,6400000,306,16748000,4.187,2,80,0,0x04,0,0
2026-09-24T16:33:21,stationary,1,Charging,93,5952000,6400000,306,16748000,4.187,2,80,0,0x04,0,0
2026-09-24T16:33:26,stationary,1,Charging,93,5952000,6400000,306,16748000,4.187,2,80,0,0x04,0,0
2026-09-24T16:33:31,stationary,1,Charging,93,5952000,6400000,306,16724000,4.181,2,80,0,0x04,0,0
2026-09-24T16:33:36,stationary,1,Charging,93,5952000,6400000,306,16748000,4.187,2,72,1,0x04,0,0
2026-09-24T16:33:41,stationary,1,Charging,93,5952000,6400000,306,16748000,4.187,2,80,0,0x04,0,0
2026-09-24T16:33:46,stationary,1,Charging,93,5952000,6400000,306,16748000,4.187,2,80,0,0x04,0,0
2026-09-24T16:33:51,stationary,1,Charging,93,5952000,6400000,272,16724000,4.181,2,80,0,0x04,0,0
2026-09-24T16:33:56,stationary,1,Charging,93,5952000,6400000,272,16748000,4.187,2,80,0,0x04,0,0
2026-09-24T16:34:01,stationary,1,Charging,93,5952000,6400000,272,16748000,4.187,2,80,0,0x04,0,0
2026-09-24T16:34:06,stationary,1,Charging,93,5952000,6400000,272,16748000,4.187,2,80,0,0x04,0,0
2026-09-24T16:34:11,stationary,1,Charging,93,5952000,6400000,272,16748000,4.187,2,80,0,0x04,0,0
2026-09-24T16:34:16,stationary,1,Charging,93,5952000,6400000,272,16748000,4.187,2,80,0,0x04,0,0
2026-09-24T16:34:21,stationary,1,Charging,93,5952000,6400000,272,16724000,4.181,2,80,0,0x04,0,0
2026-09-24T16:34:26,stationary,1,Charging,94,6016000,6400000,0,16724000,4.181,2,80,0,0x04,0,0
2026-09-24T16:34:31,stationary,1,Charging,94,6016000,6400000,0,16701000,4.1753,2,80,0,0x04,0,0
2026-09-24T16:34:36,stationary,1,Charging,94,6016000,6400000,0,16701000,4.1753,2,80,0,0x04,0,0
2026-09-24T16:34:41,stationary,1,Charging,95,6080000,6400000,0,16701000,4.1753,2,80,0,0x04,0,0
2026-09-24T16:34:46,stationary,1,Charging,95,6080000,6400000,0,16701000,4.1753,2,80,0,0x04,0,0
2026-09-24T16:34:51,stationary,1,Charging,95,6080000,6400000,0,16677000,4.1692,2,80,0,0x04,0,0
2026-09-24T16:34:56,stationary,1,Charging,96,6144000,6400000,0,16677000,4.1692,2,80,0,0x04,0,0
2026-09-24T16:35:01,stationary,1,Charging,96,6144000,6400000,0,16677000,4.1692,2,80,0,0x04,0,0
2026-09-24T16:35:06,stationary,1,Charging,96,6144000,6400000,0,16677000,4.1692,2,80,0,0x04,0,0
2026-09-24T16:35:11,stationary,1,Charging,97,6208000,6400000,0,16677000,4.1692,2,80,0,0x04,0,0
2026-09-24T16:35:16,stationary,1,Charging,97,6208000,6400000,0,16677000,4.1692,2,80,0,0x04,0,0
2026-09-24T16:35:21,stationary,1,Charging,97,6208000,6400000,0,16677000,4.1692,2,80,0,0x04,0,0
2026-09-24T16:35:26,stationary,1,Charging,98,6272000,6400000,0,16677000,4.1692,2,80,0,0x04,0,0
2026-09-24T16:35:31,stationary,1,Charging,98,6272000,6400000,0,16677000,4.1692,2,80,0,0x04,0,0
2026-09-24T16:35:36,stationary,1,Charging,98,6272000,6400000,0,16677000,4.1692,2,80,0,0x04,0,0
2026-09-24T16:35:41,stationary,1,Charging,99,6336000,6400000,0,16677000,4.1692,2,80,0,0x04,0,0
2026-09-24T16:35:46,stationary,1,Charging,99,6336000,6400000,0,16677000,4.1692,2,80,0,0x04,0,0
2026-09-24T16:35:51,stationary,1,Charging,99,6336000,6400000,0,16677000,4.1692,2,80,0,0x04,0,0
2026-09-24T16:35:56,stationary,1,Not charging,100,6400000,6400000,0,16677000,4.1692,2,80,0,0x04,0,0
2026-09-24T16:36:01,stationary,1,Not charging,100,6400000,6400000,0,16677000,4.1692,2,80,0,0x04,0,0
2026-09-24T16:36:06,stationary,1,Not charging,100,6400000,6400000,0,16677000,4.1692,2,80,0,0x04,0,0
2026-09-24T16:36:11,stationary,1,Not charging,100,6400000,6400000,0,16677000,4.1692,2,80,0,0x04,0,0
2026-09-24T16:36:16,stationary,1,Not charging,100,6400000,6400000,0,16677000,4.1692,2,80,0,0x04,0,0
2026-09-24T16:36:21,stationary,1,Not charging,100,6400000,6400000,0,16677000,4.1692,2,80,0,0x04,0,0
2026-09-24T16:36:26,stationary,1,Not charging,100,6400000,6400000,0,16677000,4.1692,2,80,0,0x04,0,0
2026-09-24T16:36:31,stationary,1,Not charging,100,6400000,6400000,0,16677000,4.1692,2,80,0,0x04,0,0
2026-09-24T16:36:36,stationary,1,Not charging,100,6400000,6400000,0,16677000,4.1692,2,80,0,0x04,0,0
2026-09-24T16:36:41,stationary,1,Not charging,100,6400000,6400000,0,16677000,4.1692,2,80,0,0x04,0,0
2026-09-24T16:36:46,stationary,1,Not charging,100,6400000,6400000,0,16677000,4.1692,2,80,0,0x04,0,0
2026-09-24T16:36:51,stationary,1,Not charging,100,6400000,6400000,0,16677000,4.1692,2,80,0,0x04,0,0
2026-09-24T16:36:56,stationary,1,Not charging,100,6400000,6400000,0,16677000,4.1692,0,80,0,0x5F,1,1
2026-09-24T16:37:02,stationary,1,Not charging,100,6400000,6400000,0,16677000,4.1692,2,80,0,0x04,0,0
2026-09-24T16:37:07,stationary,1,Not charging,100,6400000,6400000,0,16677000,4.1692,2,80,0,0x04,0,0
2026-09-24T16:37:12,stationary,1,Not charging,100,6400000,6400000,0,16677000,4.1692,2,80,0,0x04,0,0
2026-09-24T16:37:17,stationary,1,Not charging,100,6400000,6400000,0,16677000,4.1692,2,80,0,0x04,0,0
2026-09-24T16:37:22,stationary,1,Not charging,100,6400000,6400000,0,16677000,4.1692,2,80,0,0x04,0,0
2026-09-24T16:37:27,stationary,1,Not charging,100,6400000,6400000,0,16677000,4.1692,2,80,0,0x04,0,0
2026-09-24T16:37:32,stationary,1,Not charging,100,6400000,6400000,0,16677000,4.1692,2,80,0,0x04,0,0
2026-09-24T16:37:37,stationary,1,Not charging,100,6400000,6400000,0,16677000,4.1692,2,80,0,0x04,0,0
2026-09-24T16:37:42,stationary,1,Not charging,100,6400000,6400000,0,16677000,4.1692,2,80,0,0x04,0,0
2026-09-24T16:37:47,stationary,1,Not charging,100,6400000,6400000,0,16677000,4.1692,2,80,0,0x04,0,0
2026-09-24T16:37:52,stationary,1,Not charging,100,6400000,6400000,0,16677000,4.1692,2,80,0,0x04,0,0
2026-09-24T16:37:57,stationary,1,Not charging,100,6400000,6400000,0,16677000,4.1692,2,80,0,0x04,0,0
2026-09-24T16:38:02,stationary,1,Not charging,100,6400000,6400000,0,16677000,4.1692,2,80,0,0x04,0,0
2026-09-24T16:38:07,stationary,1,Not charging,100,6400000,6400000,0,16677000,4.1692,2,80,0,0x04,0,0
2026-09-24T16:38:12,stationary,1,Not charging,100,6400000,6400000,0,16677000,4.1692,2,80,0,0x04,0,0
2026-09-24T16:38:17,stationary,1,Not charging,100,6400000,6400000,0,16677000,4.1692,2,80,0,0x04,0,0
2026-09-24T16:38:22,stationary,1,Not charging,100,6400000,6400000,0,16677000,4.1692,2,80,0,0x04,0,0
2026-09-24T16:38:27,stationary,1,Not charging,100,6400000,6400000,0,16677000,4.1692,2,80,0,0x04,0,0
2026-09-24T16:38:32,stationary,1,Not charging,100,6400000,6400000,0,16677000,4.1692,2,80,0,0x04,0,0
2026-09-24T16:38:37,stationary,1,Not charging,100,6400000,6400000,0,16677000,4.1692,2,80,0,0x04,0,0
2026-09-24T16:38:42,stationary,1,Not charging,100,6400000,6400000,0,16677000,4.1692,2,80,0,0x04,0,0
2026-09-24T16:38:47,stationary,1,Not charging,100,6400000,6400000,0,16677000,4.1692,2,80,0,0x04,0,0
2026-09-24T16:38:52,stationary,1,Not charging,100,6400000,6400000,0,16677000,4.1692,2,80,0,0x04,0,0
2026-09-24T16:38:57,stationary,1,Not charging,100,6400000,6400000,0,16677000,4.1692,2,80,0,0x04,0,0
2026-09-24T16:39:02,stationary,1,Not charging,100,6400000,6400000,0,16677000,4.1692,2,80,0,0x04,0,0
2026-09-24T16:39:07,stationary,1,Not charging,100,6400000,6400000,0,16677000,4.1692,2,80,0,0x04,0,0
2026-09-24T16:39:12,stationary,1,Not charging,100,6400000,6400000,0,16677000,4.1692,2,80,0,0x04,0,0
2026-09-24T16:39:17,stationary,1,Not charging,100,6400000,6400000,0,16677000,4.1692,2,80,0,0x04,0,0
2026-09-24T16:39:22,stationary,1,Not charging,100,6400000,6400000,0,16677000,4.1692,2,80,0,0x04,0,0
2026-09-24T16:39:27,stationary,1,Not charging,100,6400000,6400000,0,16677000,4.1692,2,80,0,0x04,0,0
2026-09-24T16:39:32,stationary,1,Not charging,100,6400000,6400000,0,16677000,4.1692,2,80,0,0x04,0,0
2026-09-24T16:39:37,stationary,1,Not charging,100,6400000,6400000,0,16654000,4.1635,2,80,0,0x04,0,0
2026-09-24T16:39:42,stationary,1,Not charging,100,6400000,6400000,0,16654000,4.1635,2,80,0,0x04,0,0
2026-09-24T16:39:47,stationary,1,Not charging,100,6400000,6400000,0,16677000,4.1692,2,80,0,0x04,0,0
2026-09-24T16:39:52,stationary,1,Not charging,100,6400000,6400000,0,16677000,4.1692,2,80,0,0x04,0,0
2026-09-24T16:39:57,stationary,1,Not charging,100,6400000,6400000,0,16677000,4.1692,2,80,0,0x04,0,0
2026-09-24T16:40:02,stationary,1,Not charging,100,6400000,6400000,0,16677000,4.1692,2,80,0,0x04,0,0
2026-09-24T16:40:07,stationary,1,Not charging,100,6400000,6400000,0,16677000,4.1692,2,80,0,0x04,0,0
2026-09-24T16:40:12,stationary,1,Not charging,100,6400000,6400000,0,16677000,4.1692,2,80,0,0x04,0,0
2026-09-24T16:40:17,stationary,1,Not charging,100,6400000,6400000,0,16677000,4.1692,2,80,0,0x04,0,0
2026-09-24T16:40:22,stationary,1,Not charging,100,6400000,6400000,0,16677000,4.1692,2,80,0,0x04,0,0
2026-09-24T16:40:27,stationary,1,Not charging,100,6400000,6400000,0,16677000,4.1692,2,80,0,0x04,0,0
2026-09-24T16:40:32,stationary,1,Not charging,100,6400000,6400000,0,16677000,4.1692,2,80,0,0x04,0,0
2026-09-24T16:40:37,stationary,1,Not charging,100,6400000,6400000,0,16677000,4.1692,2,80,0,0x04,0,0
2026-09-24T16:40:42,stationary,1,Not charging,100,6400000,6400000,0,16677000,4.1692,2,80,0,0x04,0,0
2026-09-24T16:40:47,stationary,1,Not charging,100,6400000,6400000,0,16677000,4.1692,2,80,0,0x04,0,0
2026-09-24T16:40:52,stationary,1,Not charging,100,6400000,6400000,0,16677000,4.1692,2,80,0,0x04,0,0
2026-09-24T16:40:57,stationary,1,Not charging,100,6400000,6400000,0,16677000,4.1692,2,80,0,0x04,0,0
2026-09-24T16:41:02,stationary,1,Not charging,100,6400000,6400000,0,16677000,4.1692,2,80,0,0x04,0,0
2026-09-24T16:41:07,stationary,1,Not charging,100,6400000,6400000,0,16677000,4.1692,2,80,0,0x04,0,0
2026-09-24T16:41:12,stationary,1,Not charging,100,6400000,6400000,0,16654000,4.1635,2,80,0,0x04,0,0
2026-09-24T16:41:17,stationary,1,Not charging,100,6400000,6400000,0,16677000,4.1692,2,80,0,0x04,0,0
2026-09-24T16:41:22,stationary,1,Not charging,100,6400000,6400000,0,16677000,4.1692,2,80,0,0x04,0,0
2026-09-24T16:41:27,stationary,1,Not charging,100,6400000,6400000,0,16677000,4.1692,2,80,0,0x04,0,0
2026-09-24T16:41:32,stationary,1,Not charging,100,6400000,6400000,0,16677000,4.1692,2,80,0,0x04,0,0
2026-09-24T16:41:37,stationary,1,Not charging,100,6400000,6400000,0,16677000,4.1692,2,80,0,0x04,0,0
2026-09-24T16:41:42,stationary,1,Not charging,100,6400000,6400000,0,16677000,4.1692,2,80,0,0x04,0,0
2026-09-24T16:41:48,stationary,1,Not charging,100,6400000,6400000,0,16654000,4.1635,2,80,0,0x04,0,0
2026-09-24T16:41:53,stationary,1,Not charging,100,6400000,6400000,0,16677000,4.1692,2,80,0,0x04,0,0
2026-09-24T16:41:58,stationary,1,Not charging,100,6400000,6400000,0,16677000,4.1692,2,,,0x04,0,0
2026-09-24T16:42:03,stationary,1,Not charging,100,6400000,6400000,0,16677000,4.1692,2,80,0,0x04,0,0
2026-09-24T16:42:03,raise:high_capacity,1,Not charging,100,6400000,6400000,0,16677000,4.1692,0,80,0,0x04,0,0
2026-09-24T16:42:08,raise:high_capacity,1,Not charging,100,6400000,6400000,0,16677000,4.1692,0,80,0,0x04,0,0
2026-09-24T16:42:13,raise:high_capacity,1,Not charging,100,6400000,6400000,0,16677000,4.1692,0,80,0,0x04,0,0
2026-09-24T16:42:18,raise:high_capacity,1,Not charging,100,6400000,6400000,0,16677000,4.1692,0,80,0,0x04,0,0
2026-09-24T16:42:23,raise:high_capacity,1,Not charging,100,6400000,6400000,0,16677000,4.1692,0,80,0,0x04,0,0
2026-09-24T16:42:28,raise:high_capacity,1,Not charging,100,6400000,6400000,0,16677000,4.1692,0,80,0,0x04,0,0
2026-09-24T16:42:33,raise:high_capacity,1,Not charging,100,6400000,6400000,0,16677000,4.1692,0,80,0,0x04,0,0
2026-09-24T16:42:38,raise:high_capacity,1,Not charging,100,6400000,6400000,0,16677000,4.1692,0,80,0,0x04,0,0
2026-09-24T16:42:43,raise:high_capacity,1,Not charging,100,6400000,6400000,0,16677000,4.1692,0,80,0,0x04,0,0
2026-09-24T16:42:48,raise:high_capacity,1,Not charging,100,6400000,6400000,0,16654000,4.1635,0,80,0,0x04,0,0
2026-09-24T16:42:53,raise:high_capacity,1,Not charging,100,6400000,6400000,0,16654000,4.1635,0,80,0,0x04,0,0
2026-09-24T16:42:58,raise:high_capacity,1,Not charging,100,6400000,6400000,0,16654000,4.1635,0,80,0,0x04,0,0
2026-09-24T16:43:03,raise:high_capacity,1,Not charging,100,6400000,6400000,0,16654000,4.1635,0,80,0,0x04,0,0
2026-09-24T16:43:08,raise:high_capacity,1,Not charging,100,6400000,6400000,0,16677000,4.1692,0,80,0,0x04,0,0
2026-09-24T16:43:13,raise:high_capacity,1,Not charging,100,6400000,6400000,0,16677000,4.1692,0,80,0,0x04,0,0
2026-09-24T16:43:18,raise:high_capacity,1,Not charging,100,6400000,6400000,0,16677000,4.1692,0,80,0,0x04,0,0
2026-09-24T16:43:23,raise:high_capacity,1,Not charging,100,6400000,6400000,0,16677000,4.1692,0,80,0,0x04,0,0
2026-09-24T16:43:28,raise:high_capacity,1,Not charging,100,6400000,6400000,0,16677000,4.1692,0,80,0,0x04,0,0
2026-09-24T16:43:33,raise:high_capacity,1,Not charging,100,6400000,6400000,0,16677000,4.1692,0,80,0,0x04,0,0
2026-09-24T16:43:38,raise:high_capacity,1,Not charging,100,6400000,6400000,0,16677000,4.1692,0,80,0,0x04,0,0
2026-09-24T16:43:43,raise:high_capacity,1,Not charging,100,6400000,6400000,0,16677000,4.1692,0,80,0,0x04,0,0
2026-09-24T16:43:48,raise:high_capacity,1,Not charging,100,6400000,6400000,0,16654000,4.1635,0,80,0,0x04,0,0
2026-09-24T16:43:53,raise:high_capacity,1,Not charging,100,6400000,6400000,0,16677000,4.1692,0,80,0,0x04,0,0
2026-09-24T16:43:58,raise:high_capacity,1,Not charging,100,6400000,6400000,0,16677000,4.1692,0,80,0,0x04,0,0
2026-09-24T16:44:03,raise:high_capacity,1,Not charging,100,6400000,6400000,0,16677000,4.1692,0,80,0,0x04,0,0
2026-09-24T16:44:08,raise:high_capacity,1,Not charging,100,6400000,6400000,0,16677000,4.1692,0,80,0,0x04,0,0
2026-09-24T16:44:13,raise:high_capacity,1,Not charging,100,6400000,6400000,0,16677000,4.1692,0,80,0,0x04,0,0
2026-09-24T16:44:18,raise:high_capacity,1,Not charging,100,6400000,6400000,0,16677000,4.1692,0,80,0,0x04,0,0
2026-09-24T16:44:23,raise:high_capacity,1,Not charging,100,6400000,6400000,0,16654000,4.1635,0,80,0,0x04,0,0
2026-09-24T16:44:28,raise:high_capacity,1,Not charging,100,6400000,6400000,0,16654000,4.1635,0,80,0,0x04,0,0
2026-09-24T16:44:33,raise:high_capacity,1,Not charging,100,6400000,6400000,0,16677000,4.1692,0,80,0,0x04,0,0
2026-09-24T16:44:38,raise:high_capacity,1,Not charging,100,6400000,6400000,0,16677000,4.1692,0,80,0,0x04,0,0
2026-09-24T16:44:43,raise:high_capacity,1,Not charging,100,6400000,6400000,0,16654000,4.1635,0,80,0,0x04,0,0
2026-09-24T16:44:48,raise:high_capacity,1,Not charging,100,6400000,6400000,0,16677000,4.1692,0,80,0,0x04,0,0
2026-09-24T16:44:53,raise:high_capacity,1,Not charging,100,6400000,6400000,0,16654000,4.1635,0,80,0,0x04,0,0
2026-09-24T16:44:58,raise:high_capacity,1,Not charging,100,6400000,6400000,0,16654000,4.1635,0,80,0,0x04,0,0
2026-09-24T16:45:03,raise:high_capacity,1,Not charging,100,6400000,6400000,0,16654000,4.1635,0,80,0,0x04,0,0
2026-09-24T16:45:08,raise:high_capacity,1,Not charging,100,6400000,6400000,0,16654000,4.1635,0,80,0,0x04,0,0
2026-09-24T16:45:13,raise:high_capacity,1,Not charging,100,6400000,6400000,0,16677000,4.1692,0,80,0,0x04,0,0
2026-09-24T16:45:18,raise:high_capacity,1,Not charging,100,6400000,6400000,0,16677000,4.1692,0,80,0,0x04,0,0
2026-09-24T16:45:23,raise:high_capacity,1,Not charging,100,6400000,6400000,0,16654000,4.1635,0,80,0,0x04,0,0
2026-09-24T16:45:28,raise:high_capacity,1,Not charging,100,6400000,6400000,0,16677000,4.1692,0,80,0,0x04,0,0
2026-09-24T16:45:33,raise:high_capacity,1,Not charging,100,6400000,6400000,0,16677000,4.1692,0,80,0,0x04,0,0
2026-09-24T16:45:38,raise:high_capacity,1,Not charging,100,6400000,6400000,0,16654000,4.1635,0,80,0,0x04,0,0
2026-09-24T16:45:43,raise:high_capacity,1,Not charging,100,6400000,6400000,0,16677000,4.1692,0,80,0,0x04,0,0
2026-09-24T16:45:48,raise:high_capacity,1,Not charging,100,6400000,6400000,0,16677000,4.1692,0,80,0,0x04,0,0
2026-09-24T16:45:53,raise:high_capacity,1,Not charging,100,6400000,6400000,0,16677000,4.1692,0,80,0,0x04,0,0
2026-09-24T16:45:58,raise:high_capacity,1,Not charging,100,6400000,6400000,0,16677000,4.1692,0,80,0,0x04,0,0
2026-09-24T16:46:03,raise:high_capacity,1,Not charging,100,6400000,6400000,0,16677000,4.1692,0,80,0,0x04,0,0
2026-09-24T16:46:08,raise:high_capacity,1,Not charging,100,6400000,6400000,0,16677000,4.1692,0,80,0,0x04,0,0
2026-09-24T16:46:13,raise:high_capacity,1,Not charging,100,6400000,6400000,0,16677000,4.1692,0,80,0,0x04,0,0
2026-09-24T16:46:18,raise:high_capacity,1,Not charging,100,6400000,6400000,0,16654000,4.1635,0,80,0,0x04,0,0
2026-09-24T16:46:23,raise:high_capacity,1,Not charging,100,6400000,6400000,0,16654000,4.1635,0,80,0,0x04,0,0
2026-09-24T16:46:28,raise:high_capacity,1,Not charging,100,6400000,6400000,0,16677000,4.1692,0,80,0,0x04,0,0
2026-09-24T16:46:34,raise:high_capacity,1,Not charging,100,6400000,6400000,0,16677000,4.1692,0,80,0,0x04,0,0
2026-09-24T16:46:39,raise:high_capacity,1,Not charging,100,6400000,6400000,0,16677000,4.1692,0,80,0,0x04,0,0
2026-09-24T16:46:44,raise:high_capacity,1,Not charging,100,6400000,6400000,0,16654000,4.1635,0,80,0,0x04,0,0
2026-09-24T16:46:49,raise:high_capacity,1,Not charging,100,6400000,6400000,0,16654000,4.1635,0,80,0,0x04,0,0
2026-09-24T16:46:54,raise:high_capacity,1,Not charging,100,6400000,6400000,0,16654000,4.1635,0,80,0,0x04,0,0
2026-09-24T16:46:59,raise:high_capacity,1,Not charging,100,6400000,6400000,0,16654000,4.1635,0,80,0,0x04,0,0
2026-09-24T16:47:04,raise:high_capacity,1,Not charging,100,6400000,6400000,0,16677000,4.1692,0,80,0,0x04,0,0
2026-09-24T16:47:09,raise:high_capacity,1,Not charging,100,6400000,6400000,0,16677000,4.1692,0,80,0,0x04,0,0
2026-09-24T16:47:14,raise:high_capacity,1,Not charging,100,6400000,6400000,0,16654000,4.1635,0,80,0,0x04,0,0
2026-09-24T16:47:19,raise:high_capacity,1,Not charging,100,6400000,6400000,0,16654000,4.1635,0,80,0,0x04,0,0
2026-09-24T16:47:24,raise:high_capacity,1,Not charging,100,6400000,6400000,0,16654000,4.1635,0,80,0,0x04,0,0
2026-09-24T16:47:29,raise:high_capacity,1,Not charging,100,6400000,6400000,0,16677000,4.1692,0,80,0,0x04,0,0
2026-09-24T16:47:34,raise:high_capacity,1,Not charging,100,6400000,6400000,0,16677000,4.1692,0,80,0,0x04,0,0
2026-09-24T16:47:39,raise:high_capacity,1,Not charging,100,6400000,6400000,0,16677000,4.1692,,80,0,0x04,0,0
2026-09-24T16:47:44,raise:high_capacity,1,Not charging,100,6400000,6400000,0,16677000,4.1692,0,80,0,0x04,0,0
2026-09-24T16:47:49,raise:high_capacity,1,Not charging,100,6400000,6400000,0,16654000,4.1635,0,80,0,0x04,0,0
2026-09-24T16:47:54,raise:high_capacity,1,Not charging,100,6400000,6400000,0,16677000,4.1692,0,80,0,0x04,0,0
2026-09-24T16:47:59,raise:high_capacity,1,Not charging,100,6400000,6400000,0,16677000,4.1692,0,80,0,0x04,0,0
2026-09-24T16:48:04,raise:high_capacity,1,Not charging,100,6400000,6400000,0,16654000,4.1635,0,80,0,0x04,0,0
2026-09-24T16:48:09,raise:high_capacity,1,Not charging,100,6400000,6400000,0,16654000,4.1635,0,80,0,0x04,0,0
2026-09-24T16:48:14,raise:high_capacity,1,Not charging,100,6400000,6400000,0,16677000,4.1692,0,80,0,0x04,0,0
2026-09-24T16:48:19,raise:high_capacity,1,Not charging,100,6400000,6400000,0,16677000,4.1692,0,80,0,0x04,0,0
2026-09-24T16:48:24,raise:high_capacity,1,Not charging,100,6400000,6400000,0,16677000,4.1692,0,80,0,0x04,0,0
2026-09-24T16:48:29,raise:high_capacity,1,Not charging,100,6400000,6400000,0,16677000,4.1692,0,80,0,0x04,0,0
2026-09-24T16:48:34,raise:high_capacity,1,Not charging,100,6400000,6400000,0,16677000,4.1692,0,80,0,0x04,0,0
2026-09-24T16:48:39,raise:high_capacity,1,Not charging,100,6400000,6400000,0,16677000,4.1692,0,80,0,0x04,0,0
2026-09-24T16:48:44,raise:high_capacity,1,Not charging,100,6400000,6400000,0,16677000,4.1692,0,80,0,0x04,0,0
2026-09-24T16:48:49,raise:high_capacity,1,Not charging,100,6400000,6400000,0,16654000,4.1635,0,80,0,0x04,0,0
2026-09-24T16:48:54,raise:high_capacity,1,Not charging,100,6400000,6400000,0,16654000,4.1635,0,80,0,0x04,0,0
2026-09-24T16:48:59,raise:high_capacity,1,Not charging,100,6400000,6400000,0,16677000,4.1692,0,80,0,0x04,0,0
2026-09-24T16:49:04,raise:high_capacity,1,Not charging,100,6400000,6400000,0,16654000,4.1635,0,80,0,0x04,0,0
2026-09-24T16:49:09,raise:high_capacity,1,Not charging,100,6400000,6400000,0,16654000,4.1635,0,80,0,0x04,0,0
2026-09-24T16:49:14,raise:high_capacity,1,Not charging,100,6400000,6400000,0,16654000,4.1635,0,80,0,0x04,0,0
2026-09-24T16:49:19,raise:high_capacity,1,Not charging,100,6400000,6400000,0,16654000,4.1635,0,80,0,0x04,0,0
2026-09-24T16:49:24,raise:high_capacity,1,Not charging,100,6400000,6400000,0,16654000,4.1635,0,80,0,0x04,0,0
2026-09-24T16:49:29,raise:high_capacity,1,Not charging,100,6400000,6400000,0,16654000,4.1635,0,80,0,0x04,0,0
2026-09-24T16:49:34,raise:high_capacity,1,Not charging,100,6400000,6400000,0,16654000,4.1635,0,80,0,0x04,0,0
2026-09-24T16:49:39,raise:high_capacity,1,Not charging,100,6400000,6400000,0,16654000,4.1635,0,80,0,0x04,0,0
2026-09-24T16:49:44,raise:high_capacity,1,Not charging,100,6400000,6400000,0,16654000,4.1635,0,80,0,0x04,0,0
2026-09-24T16:49:49,raise:high_capacity,1,Not charging,100,6400000,6400000,0,16654000,4.1635,0,80,0,0x04,0,0
2026-09-24T16:49:54,raise:high_capacity,1,Not charging,100,6400000,6400000,0,16654000,4.1635,0,80,0,0x04,0,0
2026-09-24T16:49:59,raise:high_capacity,1,Not charging,100,6400000,6400000,0,16654000,4.1635,0,80,0,0x04,0,0
2026-09-24T16:50:04,raise:high_capacity,1,Not charging,100,6400000,6400000,0,16654000,4.1635,0,80,0,0x04,0,0
2026-09-24T16:50:09,raise:high_capacity,1,Not charging,100,6400000,6400000,0,16654000,4.1635,0,80,0,0x04,0,0
2026-09-24T16:50:14,raise:high_capacity,1,Not charging,100,6400000,6400000,0,16654000,4.1635,0,80,0,0x04,0,0
2026-09-24T16:50:19,raise:high_capacity,1,Not charging,100,6400000,6400000,0,16654000,4.1635,0,80,0,0x04,0,0
2026-09-24T16:50:24,raise:high_capacity,1,Not charging,100,6400000,6400000,0,16654000,4.1635,0,80,0,0x04,0,0
2026-09-24T16:50:29,raise:high_capacity,1,Not charging,100,6400000,6400000,0,16654000,4.1635,0,80,0,0x04,0,0
2026-09-24T16:50:34,raise:high_capacity,1,Not charging,100,6400000,6400000,0,16654000,4.1635,0,80,0,0x04,0,0
2026-09-24T16:50:39,raise:high_capacity,1,Not charging,100,6400000,6400000,0,16654000,4.1635,0,80,0,0x04,0,0
2026-09-24T16:50:44,raise:high_capacity,1,Not charging,100,6400000,6400000,0,16654000,4.1635,0,80,0,0x04,0,0
2026-09-24T16:50:49,raise:high_capacity,1,Not charging,100,6400000,6400000,0,16654000,4.1635,0,80,0,0x04,0,0
2026-09-24T16:50:54,raise:high_capacity,1,Not charging,100,6400000,6400000,0,16654000,4.1635,0,80,0,0x04,0,0
2026-09-24T16:50:59,raise:high_capacity,1,Not charging,100,6400000,6400000,0,16654000,4.1635,0,80,0,0x04,0,0
2026-09-24T16:51:04,raise:high_capacity,1,Not charging,100,6400000,6400000,0,16654000,4.1635,0,80,0,0x04,0,0
2026-09-24T16:51:09,raise:high_capacity,1,Not charging,100,6400000,6400000,0,16654000,4.1635,0,80,0,0x04,0,0
2026-09-24T16:51:14,raise:high_capacity,1,Not charging,100,6400000,6400000,0,16654000,4.1635,0,80,0,0x04,0,0
2026-09-24T16:51:19,raise:high_capacity,1,Not charging,100,6400000,6400000,0,16654000,4.1635,0,80,0,0x04,0,0
2026-09-24T16:51:24,raise:high_capacity,1,Not charging,100,6400000,6400000,0,16654000,4.1635,0,80,0,0x04,0,0
2026-09-24T16:51:29,raise:high_capacity,1,Not charging,100,6400000,6400000,0,16654000,4.1635,0,80,0,0x04,0,0
2026-09-24T16:51:34,raise:high_capacity,1,Not charging,100,6400000,6400000,0,16654000,4.1635,0,80,0,0x04,0,0
2026-09-24T16:51:39,raise:high_capacity,1,Not charging,100,6400000,6400000,0,16654000,4.1635,0,80,0,0x04,0,0
2026-09-24T16:51:44,raise:high_capacity,1,Not charging,100,6400000,6400000,0,16654000,4.1635,0,80,0,0x04,0,0
2026-09-24T16:51:49,raise:high_capacity,1,Not charging,100,6400000,6400000,0,16654000,4.1635,0,80,0,0x04,0,0
2026-09-24T16:51:54,raise:high_capacity,1,Not charging,100,6400000,6400000,0,16677000,4.1692,0,80,0,0x04,0,0
2026-09-24T16:51:59,raise:high_capacity,1,Not charging,100,6400000,6400000,0,16654000,4.1635,0,80,0,0x04,0,0
2026-09-24T16:52:04,raise:high_capacity,1,Not charging,100,6400000,6400000,0,16654000,4.1635,0,80,0,0x04,0,0
2026-09-24T16:52:09,raise:high_capacity,1,Not charging,100,6400000,6400000,0,16654000,4.1635,0,80,0,0x04,0,0
2026-09-24T16:52:14,raise:high_capacity,1,Not charging,100,6400000,6400000,0,16654000,4.1635,0,80,0,0x04,0,0
2026-09-24T16:52:19,raise:high_capacity,1,Not charging,100,6400000,6400000,0,16654000,4.1635,0,80,0,0x04,0,0
2026-09-24T16:52:24,raise:high_capacity,1,Not charging,100,6400000,6400000,0,16654000,4.1635,0,80,0,0x04,0,0
2026-09-24T16:52:29,raise:high_capacity,1,Not charging,100,6400000,6400000,0,16654000,4.1635,0,80,0,0x04,0,0
2026-09-24T16:52:34,raise:high_capacity,1,Not charging,100,6400000,6400000,0,16654000,4.1635,0,80,0,0x04,0,0
2026-09-24T16:52:40,raise:high_capacity,1,Not charging,100,6400000,6400000,0,16654000,4.1635,0,80,0,0x04,0,0
2026-09-24T16:52:45,raise:high_capacity,1,Not charging,100,6400000,6400000,0,16654000,4.1635,0,80,0,0x04,0,0
2026-09-24T16:52:50,raise:high_capacity,1,Not charging,100,6400000,6400000,0,16654000,4.1635,0,80,0,0x04,0,0
2026-09-24T16:52:55,raise:high_capacity,1,Not charging,100,6400000,6400000,0,16654000,4.1635,0,80,0,0x04,0,0
2026-09-24T16:53:00,raise:high_capacity,1,Not charging,100,6400000,6400000,0,16654000,4.1635,0,80,0,0x04,0,0
2026-09-24T16:53:05,raise:high_capacity,1,Not charging,100,6400000,6400000,0,16654000,4.1635,0,80,0,0x04,0,0
2026-09-24T16:53:10,raise:high_capacity,1,Not charging,100,6400000,6400000,0,16654000,4.1635,0,80,0,0x04,0,0
2026-09-24T16:53:15,raise:high_capacity,1,Not charging,100,6400000,6400000,0,16654000,4.1635,0,80,0,0x04,0,0
2026-09-24T16:53:20,raise:high_capacity,1,Not charging,100,6400000,6400000,0,16677000,4.1692,0,80,0,0x04,0,0
2026-09-24T16:53:25,raise:high_capacity,1,Not charging,100,6400000,6400000,0,16654000,4.1635,0,80,0,0x04,0,0
2026-09-24T16:53:30,raise:high_capacity,1,Not charging,100,6400000,6400000,0,16654000,4.1635,0,80,0,0x04,0,0
2026-09-24T16:53:35,raise:high_capacity,1,Not charging,100,6400000,6400000,0,16654000,4.1635,0,80,0,0x04,0,0
2026-09-24T16:53:40,raise:high_capacity,1,Not charging,100,6400000,6400000,0,16654000,4.1635,0,80,0,0x04,0,0
2026-09-24T16:53:45,raise:high_capacity,1,Not charging,100,6400000,6400000,0,16654000,4.1635,0,80,0,0x04,0,0
2026-09-24T16:53:50,raise:high_capacity,1,Not charging,100,6400000,6400000,0,16677000,4.1692,0,80,0,0x04,0,0
2026-09-24T16:53:55,raise:high_capacity,1,Not charging,100,6400000,6400000,0,16677000,4.1692,0,80,0,0x04,0,0
2026-09-24T16:54:00,raise:high_capacity,1,Not charging,100,6400000,6400000,0,16654000,4.1635,0,80,0,0x04,0,0
2026-09-24T16:54:05,raise:high_capacity,1,Not charging,100,6400000,6400000,0,16654000,4.1635,0,80,0,0x04,0,0
2026-09-24T16:54:10,raise:high_capacity,1,Not charging,100,6400000,6400000,0,16654000,4.1635,0,80,0,0x04,0,0
2026-09-24T16:54:15,raise:high_capacity,1,Not charging,100,6400000,6400000,0,16654000,4.1635,0,80,0,0x04,0,0
2026-09-24T16:54:20,raise:high_capacity,1,Not charging,100,6400000,6400000,0,16654000,4.1635,0,80,0,0x04,0,0
2026-09-24T16:54:25,raise:high_capacity,1,Not charging,100,6400000,6400000,0,16654000,4.1635,0,80,0,0x04,0,0
2026-09-24T16:54:30,raise:high_capacity,1,Not charging,100,6400000,6400000,0,16654000,4.1635,0,80,0,0x04,0,0
2026-09-24T16:54:35,raise:high_capacity,1,Not charging,100,6400000,6400000,0,16654000,4.1635,0,80,0,0x04,0,0
2026-09-24T16:54:40,raise:high_capacity,1,Not charging,100,6400000,6400000,0,16654000,4.1635,0,80,0,0x04,0,0
2026-09-24T16:54:45,raise:high_capacity,1,Not charging,100,6400000,6400000,0,16654000,4.1635,0,80,0,0x04,0,0
2026-09-24T16:54:50,raise:high_capacity,1,Not charging,100,6400000,6400000,0,16654000,4.1635,0,80,0,0x04,0,0
2026-09-24T16:54:55,raise:high_capacity,1,Not charging,100,6400000,6400000,0,16654000,4.1635,0,80,0,0x04,0,0
2026-09-24T16:55:00,raise:high_capacity,1,Not charging,100,6400000,6400000,0,16654000,4.1635,0,80,0,0x04,0,0
2026-09-24T16:55:05,raise:high_capacity,1,Not charging,100,6400000,6400000,0,16654000,4.1635,0,80,0,0x04,0,0
2026-09-24T16:55:10,raise:high_capacity,1,Not charging,100,6400000,6400000,0,16654000,4.1635,0,80,0,0x04,0,0
2026-09-24T16:55:15,raise:high_capacity,1,Not charging,100,6400000,6400000,0,16654000,4.1635,0,80,0,0x04,0,0
2026-09-24T16:55:20,raise:high_capacity,1,Not charging,100,6400000,6400000,0,16654000,4.1635,0,80,0,0x04,0,0
2026-09-24T16:55:25,raise:high_capacity,1,Not charging,100,6400000,6400000,0,16654000,4.1635,0,80,0,0x04,0,0
2026-09-24T16:55:30,raise:high_capacity,1,Not charging,100,6400000,6400000,0,16654000,4.1635,0,80,0,0x04,0,0
2026-09-24T16:55:35,raise:high_capacity,1,Not charging,100,6400000,6400000,0,16654000,4.1635,0,80,0,0x04,0,0
2026-09-24T16:55:40,raise:high_capacity,1,Not charging,100,6400000,6400000,0,16677000,4.1692,0,80,0,0x04,0,0
2026-09-24T16:55:45,raise:high_capacity,1,Not charging,100,6400000,6400000,0,16654000,4.1635,0,80,0,0x04,0,0
2026-09-24T16:55:50,raise:high_capacity,1,Not charging,100,6400000,6400000,0,16654000,4.1635,0,80,0,0x04,0,0
2026-09-24T16:55:55,raise:high_capacity,1,Not charging,100,6400000,6400000,0,16654000,4.1635,0,80,0,0x04,0,0
2026-09-24T16:56:00,raise:high_capacity,1,Not charging,100,6400000,6400000,0,16654000,4.1635,0,80,0,0x04,0,0
2026-09-24T16:56:05,raise:high_capacity,1,Not charging,100,6400000,6400000,0,16654000,4.1635,0,80,0,0x04,0,0
2026-09-24T16:56:10,raise:high_capacity,1,Not charging,100,6400000,6400000,0,16654000,4.1635,0,80,0,0x04,0,0
2026-09-24T16:56:15,raise:high_capacity,1,Not charging,100,6400000,6400000,0,16654000,4.1635,0,80,0,0x04,0,0
2026-09-24T16:56:20,raise:high_capacity,1,Not charging,100,6400000,6400000,0,16654000,4.1635,0,80,0,0x04,0,0
2026-09-24T16:56:25,raise:high_capacity,1,Not charging,100,6400000,6400000,0,16654000,4.1635,0,80,0,0x04,0,0
2026-09-24T16:56:30,raise:high_capacity,1,Not charging,100,6400000,6400000,0,16654000,4.1635,0,80,0,0x04,0,0
2026-09-24T16:56:35,raise:high_capacity,1,Not charging,100,6400000,6400000,0,16654000,4.1635,0,80,0,0x04,0,0
2026-09-24T16:56:40,raise:high_capacity,1,Not charging,100,6400000,6400000,0,16654000,4.1635,0,80,0,0x04,0,0
2026-09-24T16:56:45,raise:high_capacity,1,Not charging,100,6400000,6400000,0,16654000,4.1635,0,80,0,0x04,0,0
2026-09-24T16:56:50,raise:high_capacity,1,Not charging,100,6400000,6400000,0,16654000,4.1635,0,80,0,0x04,0,0
2026-09-24T16:56:55,raise:high_capacity,1,Not charging,100,6400000,6400000,0,16654000,4.1635,0,80,0,0x04,0,0
2026-09-24T16:57:00,raise:high_capacity,1,Not charging,100,6400000,6400000,0,16677000,4.1692,0,80,0,0x04,0,0
2026-09-24T16:57:05,high_capacity,1,Not charging,100,6400000,6400000,0,16654000,4.1635,0,80,0,0x04,0,0
2026-09-24T16:57:10,high_capacity,1,Not charging,100,6400000,6400000,0,16677000,4.1692,0,80,0,0x04,0,0
2026-09-24T16:57:15,high_capacity,1,Not charging,100,6400000,6400000,0,16677000,4.1692,0,80,0,0x04,0,0
2026-09-24T16:57:20,high_capacity,1,Not charging,100,6400000,6400000,0,16654000,4.1635,0,80,0,0x04,0,0
2026-09-24T16:57:25,high_capacity,1,Not charging,100,6400000,6400000,0,16677000,4.1692,0,80,0,0x04,0,0
2026-09-24T16:57:30,high_capacity,1,Not charging,100,6400000,6400000,0,16654000,4.1635,0,80,0,0x04,0,0
2026-09-24T16:57:35,high_capacity,1,Not charging,100,6400000,6400000,0,16654000,4.1635,0,80,0,0x04,0,0
2026-09-24T16:57:40,high_capacity,1,Not charging,100,6400000,6400000,0,16654000,4.1635,0,80,0,0x04,0,0
2026-09-24T16:57:45,high_capacity,1,Not charging,100,6400000,6400000,0,16654000,4.1635,0,80,0,0x04,0,0
2026-09-24T16:57:50,high_capacity,1,Not charging,100,6400000,6400000,0,16654000,4.1635,0,80,0,0x04,0,0
2026-09-24T16:57:55,high_capacity,1,Not charging,100,6400000,6400000,0,16654000,4.1635,0,80,0,0x04,0,0
2026-09-24T16:58:00,high_capacity,1,Not charging,100,6400000,6400000,0,16654000,4.1635,0,80,0,0x04,0,0
2026-09-24T16:58:05,high_capacity,1,Not charging,100,6400000,6400000,0,16654000,4.1635,0,80,0,0x04,0,0
2026-09-24T16:58:10,high_capacity,1,Not charging,100,6400000,6400000,0,16654000,4.1635,0,80,0,0x04,0,0
2026-09-24T16:58:15,high_capacity,1,Not charging,100,6400000,6400000,0,16677000,4.1692,0,80,0,0x04,0,0
2026-09-24T16:58:20,high_capacity,1,Not charging,100,6400000,6400000,0,16654000,4.1635,0,80,0,0x04,0,0
2026-09-24T16:58:25,high_capacity,1,Not charging,100,6400000,6400000,0,16654000,4.1635,0,80,0,0x04,0,0
2026-09-24T16:58:30,high_capacity,1,Not charging,100,6400000,6400000,0,16654000,4.1635,0,80,0,0x04,0,0
2026-09-24T16:58:35,high_capacity,1,Not charging,100,6400000,6400000,0,16654000,4.1635,0,80,0,0x04,0,0
2026-09-24T16:58:41,high_capacity,1,Not charging,100,6400000,6400000,0,16654000,4.1635,0,80,0,0x04,0,0
2026-09-24T16:58:46,high_capacity,1,Not charging,100,6400000,6400000,0,16654000,4.1635,0,80,0,0x04,0,0
2026-09-24T16:58:51,high_capacity,1,Not charging,100,6400000,6400000,0,16654000,4.1635,0,80,0,0x04,0,0
2026-09-24T16:58:56,high_capacity,1,Not charging,100,6400000,6400000,0,16654000,4.1635,0,80,0,0x04,0,0
2026-09-24T16:59:01,high_capacity,1,Not charging,100,6400000,6400000,0,16654000,4.1635,0,80,0,0x04,0,0
2026-09-24T16:59:06,high_capacity,1,Not charging,100,6400000,6400000,0,16654000,4.1635,0,80,0,0x04,0,0
2026-09-24T16:59:11,high_capacity,1,Not charging,100,6400000,6400000,0,16654000,4.1635,0,80,0,0x04,0,0
2026-09-24T16:59:16,high_capacity,1,Not charging,100,6400000,6400000,0,16654000,4.1635,0,80,0,0x04,0,0
2026-09-24T16:59:21,high_capacity,1,Not charging,100,6400000,6400000,0,16654000,4.1635,0,80,0,0x04,0,0
2026-09-24T16:59:26,high_capacity,1,Not charging,100,6400000,6400000,0,16654000,4.1635,0,80,0,0x04,0,0
2026-09-24T16:59:31,high_capacity,1,Not charging,100,6400000,6400000,0,16654000,4.1635,0,80,0,0x04,0,0
2026-09-24T16:59:36,high_capacity,1,Not charging,100,6400000,6400000,0,16654000,4.1635,0,80,0,0x04,0,0
2026-09-24T16:59:41,high_capacity,1,Not charging,100,6400000,6400000,0,16654000,4.1635,0,80,0,0x04,0,0
2026-09-24T16:59:46,high_capacity,1,Not charging,100,6400000,6400000,0,16654000,4.1635,0,80,0,0x04,0,0
2026-09-24T16:59:51,high_capacity,1,Not charging,100,6400000,6400000,0,16654000,4.1635,0,80,0,0x04,0,0
2026-09-24T16:59:56,high_capacity,1,Not charging,100,6400000,6400000,0,16654000,4.1635,0,80,0,0x04,0,0
2026-09-24T17:00:01,high_capacity,1,Not charging,100,6400000,6400000,0,16654000,4.1635,0,80,0,0x04,0,0
2026-09-24T17:00:06,high_capacity,1,Not charging,100,6400000,6400000,0,16654000,4.1635,0,80,0,0x04,0,0
2026-09-24T17:00:11,high_capacity,1,Not charging,100,6400000,6400000,0,16654000,4.1635,0,80,0,0x04,0,0
2026-09-24T17:00:16,high_capacity,1,Not charging,100,6400000,6400000,0,16654000,4.1635,0,80,0,0x04,0,0
2026-09-24T17:00:21,high_capacity,1,Not charging,100,6400000,6400000,0,16654000,4.1635,0,80,0,0x04,0,0
2026-09-24T17:00:26,high_capacity,1,Not charging,100,6400000,6400000,0,16654000,4.1635,0,80,0,0x04,0,0
2026-09-24T17:00:31,high_capacity,1,Not charging,100,6400000,6400000,0,16654000,4.1635,0,80,0,0x04,0,0
2026-09-24T17:00:36,high_capacity,1,Not charging,100,6400000,6400000,0,16654000,4.1635,0,80,0,0x04,0,0
2026-09-24T17:00:41,high_capacity,1,Not charging,100,6400000,6400000,0,16654000,4.1635,0,80,0,0x04,0,0
2026-09-24T17:00:46,high_capacity,1,Not charging,100,6400000,6400000,0,16654000,4.1635,0,80,0,0x04,0,0
2026-09-24T17:00:51,high_capacity,1,Not charging,100,6400000,6400000,0,16654000,4.1635,0,80,0,0x04,0,0
2026-09-24T17:00:56,high_capacity,1,Not charging,100,6400000,6400000,0,16654000,4.1635,0,80,0,0x04,0,0
2026-09-24T17:01:01,high_capacity,1,Not charging,100,6400000,6400000,0,16654000,4.1635,0,80,0,0x04,0,0
2026-09-24T17:01:06,high_capacity,1,Not charging,100,6400000,6400000,0,16654000,4.1635,0,80,0,0x04,0,0
2026-09-24T17:01:11,high_capacity,1,Not charging,100,6400000,6400000,0,16654000,4.1635,0,80,0,0x04,0,0
2026-09-24T17:01:16,high_capacity,1,Not charging,100,6400000,6400000,0,16654000,4.1635,0,80,0,0x04,0,0
2026-09-24T17:01:21,high_capacity,1,Not charging,100,6400000,6400000,0,16654000,4.1635,0,80,0,0x04,0,0
2026-09-24T17:01:26,high_capacity,1,Not charging,100,6400000,6400000,0,16654000,4.1635,0,80,0,0x04,0,0
2026-09-24T17:01:31,high_capacity,1,Not charging,100,6400000,6400000,0,16654000,4.1635,0,80,0,0x04,0,0
2026-09-24T17:01:36,high_capacity,1,Not charging,100,6400000,6400000,0,16654000,4.1635,0,80,0,0x04,0,0
2026-09-24T17:01:41,high_capacity,1,Not charging,100,6400000,6400000,0,16654000,4.1635,0,80,0,0x04,0,0
2026-09-24T17:01:46,high_capacity,1,Not charging,100,6400000,6400000,0,16654000,4.1635,0,80,0,0x04,0,0
2026-09-24T17:01:51,high_capacity,1,Not charging,100,6400000,6400000,0,16654000,4.1635,0,80,0,0x04,0,0
2026-09-24T17:01:56,high_capacity,1,Not charging,100,6400000,6400000,0,16654000,4.1635,0,80,0,0x04,0,0
2026-09-24T17:02:01,high_capacity,1,Not charging,100,6400000,6400000,0,16654000,4.1635,0,80,0,0x04,0,0
2026-09-24T17:02:06,high_capacity,1,Not charging,100,6400000,6400000,0,16654000,4.1635,0,80,0,0x04,0,0
