t,phase,ac,status,capacity,charge_now,charge_full,charge_full_design,cycle_count,current_ma,voltage_uv,v_per_cell,profile,threshold,reached,oem6,erm_reached,full_24h
2026-09-28T06:25:30,wait_ac,0,Discharging,66,3828000,5800000,6400000,0,1633,14841000,3.7102,2,80,0,0x04,0,0
2026-09-28T06:25:35,wait_ac,0,Discharging,66,3828000,5800000,6400000,0,1633,14839000,3.7098,2,80,0,0x04,0,0
2026-09-28T06:25:40,wait_ac,0,Discharging,66,3828000,5800000,6400000,0,1803,14841000,3.7102,2,80,0,0x04,0,0
2026-09-28T06:25:45,wait_ac,0,Discharging,65,3770000,5800000,6400000,0,1701,14820000,3.705,2,80,0,0x04,0,0
2026-09-28T06:25:50,wait_ac,0,Discharging,65,3770000,5800000,6400000,0,1599,14865000,3.7163,2,80,0,0x04,0,0
2026-09-28T06:25:55,wait_ac,0,Discharging,65,3770000,5800000,6400000,0,1429,14879000,3.7197,2,80,0,0x04,0,0
2026-09-28T06:26:00,wait_ac,0,Discharging,65,3770000,5800000,6400000,0,1463,14902000,3.7255,2,80,0,0x04,0,0
2026-09-28T06:26:05,wait_ac,0,Discharging,65,3770000,5800000,6400000,0,1497,14879000,3.7197,2,80,0,0x04,0,0
2026-09-28T06:26:10,wait_ac,0,Discharging,65,3770000,5800000,6400000,0,1463,14884000,3.721,2,80,0,0x04,0,0
2026-09-28T06:26:15,wait_ac,0,Discharging,65,3770000,5800000,6400000,0,1429,14881000,3.7203,2,80,0,0x04,0,0
2026-09-28T06:26:20,wait_ac,0,Discharging,65,3770000,5800000,6400000,0,1633,14902000,3.7255,2,80,0,0x04,0,0
2026-09-28T06:26:25,wait_ac,0,Discharging,65,3770000,5800000,6400000,0,1667,14863000,3.7157,2,80,0,0x04,0,0
2026-09-28T06:26:30,wait_ac,0,Discharging,65,3770000,5800000,6400000,0,1429,14863000,3.7157,2,80,0,0x04,0,0
2026-09-28T06:26:35,wait_ac,0,Discharging,65,3770000,5800000,6400000,0,1667,14886000,3.7215,2,80,0,0x04,0,0
2026-09-28T06:26:40,wait_ac,0,Discharging,65,3770000,5800000,6400000,0,1667,14839000,3.7098,2,80,0,0x04,0,0
2026-09-28T06:26:45,wait_ac,0,Discharging,65,3770000,5800000,6400000,0,1701,14846000,3.7115,2,80,0,0x04,0,0
2026-09-28T06:26:50,wait_ac,0,Discharging,65,3770000,5800000,6400000,0,1633,14839000,3.7098,2,80,0,0x04,0,0
2026-09-28T06:26:56,stationary,1,Charging,65,3770000,5800000,6400000,0,2006,15035000,3.7588,2,80,0,0x04,0,0
2026-09-28T06:27:01,stationary,1,Charging,65,3770000,5800000,6400000,0,2006,15786000,3.9465,2,80,0,0x04,0,0
2026-09-28T06:27:06,stationary,1,Charging,65,3770000,5800000,6400000,0,2006,15786000,3.9465,2,80,0,0x04,0,0
2026-09-28T06:27:11,stationary,1,Charging,65,3770000,5800000,6400000,0,2006,15833000,3.9583,2,80,0,0x04,0,0
2026-09-28T06:27:16,stationary,1,Charging,65,3770000,5800000,6400000,0,2006,15833000,3.9583,2,80,0,0x04,0,0
2026-09-28T06:27:21,stationary,1,Charging,65,3770000,5800000,6400000,0,5372,16068000,4.017,2,80,0,0x04,0,0
2026-09-28T06:27:26,stationary,1,Charging,65,3770000,5800000,6400000,0,5202,16560000,4.14,2,80,0,0x04,0,0
2026-09-28T06:27:31,stationary,1,Charging,65,3770000,5800000,6400000,0,5066,16560000,4.14,2,80,0,0x04,0,0
2026-09-28T06:27:36,stationary,1,Charging,65,3770000,5800000,6400000,0,4964,16560000,4.14,2,80,0,0x04,0,0
2026-09-28T06:27:41,stationary,1,Charging,65,3770000,5800000,6400000,0,4896,16560000,4.14,2,80,0,0x04,0,0
2026-09-28T06:27:46,stationary,1,Charging,65,3770000,5800000,6400000,0,4828,16560000,4.14,2,80,0,0x04,0,0
2026-09-28T06:27:51,stationary,1,Charging,66,3828000,5800000,6400000,0,4760,16584000,4.146,2,80,0,0x04,0,0
2026-09-28T06:27:56,stationary,1,Charging,66,3828000,5800000,6400000,0,4726,16560000,4.14,2,80,0,0x04,0,0
2026-09-28T06:28:01,stationary,1,Charging,66,3828000,5800000,6400000,0,4658,16560000,4.14,2,80,0,0x04,0,0
2026-09-28T06:28:06,stationary,1,Charging,66,3828000,5800000,6400000,0,4624,16560000,4.14,2,80,0,0x04,0,0
2026-09-28T06:28:11,stationary,1,Charging,66,3828000,5800000,6400000,0,4590,16560000,4.14,2,80,0,0x04,0,0
2026-09-28T06:28:16,stationary,1,Charging,66,3828000,5800000,6400000,0,4590,16560000,4.14,2,80,0,0x04,0,0
2026-09-28T06:28:21,stationary,1,Charging,66,3828000,5800000,6400000,0,4556,16584000,4.146,2,80,0,0x04,0,0
2026-09-28T06:28:26,stationary,1,Charging,66,3828000,5800000,6400000,0,4522,16560000,4.14,2,80,0,0x04,0,0
2026-09-28T06:28:31,stationary,1,Charging,66,3828000,5800000,6400000,0,4522,16560000,4.14,2,80,0,0x04,0,0
2026-09-28T06:28:36,stationary,1,Charging,67,3886000,5800000,6400000,0,4488,16560000,4.14,2,80,0,0x04,0,0
2026-09-28T06:28:41,stationary,1,Charging,67,3886000,5800000,6400000,0,4488,16560000,4.14,2,80,0,0x04,0,0
2026-09-28T06:28:46,stationary,1,Charging,67,3886000,5800000,6400000,0,4454,16560000,4.14,2,80,0,0x04,0,0
2026-09-28T06:28:51,stationary,1,Charging,67,3886000,5800000,6400000,0,4454,16560000,4.14,2,80,0,0x04,0,0
2026-09-28T06:28:56,stationary,1,Charging,67,3886000,5800000,6400000,0,4454,16560000,4.14,2,80,0,0x04,0,0
2026-09-28T06:29:01,stationary,1,Charging,67,3886000,5800000,6400000,0,4420,16560000,4.14,2,80,0,0x04,0,0
2026-09-28T06:29:06,stationary,1,Charging,67,3886000,5800000,6400000,0,4420,16560000,4.14,2,80,0,0x04,0,0
2026-09-28T06:29:11,stationary,1,Charging,67,3886000,5800000,6400000,0,4420,16560000,4.14,2,80,0,0x04,0,0
2026-09-28T06:29:16,stationary,1,Charging,67,3886000,5800000,6400000,0,4386,16560000,4.14,2,80,0,0x04,0,0
2026-09-28T06:29:21,stationary,1,Charging,68,3944000,5800000,6400000,0,4386,16560000,4.14,2,80,0,0x04,0,0
2026-09-28T06:29:26,stationary,1,Charging,68,3944000,5800000,6400000,0,4386,16560000,4.14,2,80,0,0x04,0,0
2026-09-28T06:29:31,stationary,1,Charging,68,3944000,5800000,6400000,0,4386,16560000,4.14,2,80,0,0x04,0,0
2026-09-28T06:29:36,stationary,1,Charging,68,3944000,5800000,6400000,0,4352,16584000,4.146,2,80,0,0x04,0,0
2026-09-28T06:29:41,stationary,1,Charging,68,3944000,5800000,6400000,0,4352,16560000,4.14,2,80,0,0x04,0,0
2026-09-28T06:29:46,stationary,1,Charging,68,3944000,5800000,6400000,0,4352,16560000,4.14,2,80,0,0x04,0,0
2026-09-28T06:29:51,stationary,1,Charging,68,3944000,5800000,6400000,0,4318,16560000,4.14,2,80,0,0x04,0,0
2026-09-28T06:29:56,stationary,1,Charging,68,3944000,5800000,6400000,0,4318,16560000,4.14,2,80,0,0x04,0,0
2026-09-28T06:30:01,stationary,1,Charging,68,3944000,5800000,6400000,0,4284,16560000,4.14,2,80,0,0x04,0,0
2026-09-28T06:30:06,stationary,1,Charging,68,3944000,5800000,6400000,0,4284,16560000,4.14,2,80,0,0x04,0,0
2026-09-28T06:30:11,stationary,1,Charging,69,4002000,5800000,6400000,0,4284,16560000,4.14,2,80,0,0x04,0,0
2026-09-28T06:30:16,stationary,1,Charging,69,4002000,5800000,6400000,0,4284,16560000,4.14,2,80,0,0x04,0,0
2026-09-28T06:30:21,stationary,1,Charging,69,4002000,5800000,6400000,0,4250,16560000,4.14,2,80,0,0x04,0,0
2026-09-28T06:30:26,stationary,1,Charging,69,4002000,5800000,6400000,0,4250,16560000,4.14,2,80,0,0x04,0,0
2026-09-28T06:30:31,stationary,1,Charging,69,4002000,5800000,6400000,0,4250,16560000,4.14,2,80,0,0x04,0,0
2026-09-28T06:30:36,stationary,1,Charging,69,4002000,5800000,6400000,0,4216,16560000,4.14,2,80,0,0x04,0,0
2026-09-28T06:30:41,stationary,1,Charging,69,4002000,5800000,6400000,0,4216,16560000,4.14,2,80,0,0x04,0,0
2026-09-28T06:30:46,stationary,1,Charging,69,4002000,5800000,6400000,0,4216,16560000,4.14,2,80,0,0x04,0,0
2026-09-28T06:30:51,stationary,1,Charging,69,4002000,5800000,6400000,0,4216,16560000,4.14,2,80,0,0x04,0,0
2026-09-28T06:30:56,stationary,1,Charging,69,4002000,5800000,6400000,0,4182,16560000,4.14,2,80,0,0x04,0,0
2026-09-28T06:31:01,stationary,1,Charging,70,4060000,5800000,6400000,0,4182,16560000,4.14,2,80,0,0x04,0,0
2026-09-28T06:31:06,stationary,1,Charging,70,4060000,5800000,6400000,0,4182,16560000,4.14,2,80,0,0x04,0,0
2026-09-28T06:31:11,stationary,1,Charging,70,4060000,5800000,6400000,0,4148,16560000,4.14,2,80,0,0x04,0,0
2026-09-28T06:31:16,stationary,1,Charging,70,4060000,5800000,6400000,0,4148,16560000,4.14,2,80,0,0x04,0,0
2026-09-28T06:31:21,stationary,1,Charging,70,4060000,5800000,6400000,0,4148,16560000,4.14,2,80,0,0x04,0,0
2026-09-28T06:31:26,stationary,1,Charging,70,4060000,5800000,6400000,0,4114,16584000,4.146,2,80,0,0x04,0,0
2026-09-28T06:31:31,stationary,1,Charging,70,4060000,5800000,6400000,0,4114,16584000,4.146,2,80,0,0x04,0,0
2026-09-28T06:31:36,stationary,1,Charging,70,4060000,5800000,6400000,0,4114,16560000,4.14,2,80,0,0x04,0,0
2026-09-28T06:31:41,stationary,1,Charging,70,4060000,5800000,6400000,0,4114,16560000,4.14,2,80,0,0x04,0,0
2026-09-28T06:31:46,stationary,1,Charging,70,4060000,5800000,6400000,0,4080,16560000,4.14,2,80,0,0x04,0,0
2026-09-28T06:31:51,stationary,1,Charging,71,4118000,5800000,6400000,0,4080,16584000,4.146,2,80,0,0x04,0,0
2026-09-28T06:31:56,stationary,1,Charging,71,4118000,5800000,6400000,0,4080,16584000,4.146,2,80,0,0x04,0,0
2026-09-28T06:32:01,stationary,1,Charging,71,4118000,5800000,6400000,0,4080,16584000,4.146,2,80,0,0x04,0,0
2026-09-28T06:32:06,stationary,1,Charging,71,4118000,5800000,6400000,0,4046,16560000,4.14,2,80,0,0x04,0,0
2026-09-28T06:32:11,stationary,1,Charging,71,4118000,5800000,6400000,0,4046,16560000,4.14,2,80,0,0x04,0,0
2026-09-28T06:32:16,stationary,1,Charging,71,4118000,5800000,6400000,0,4012,16584000,4.146,2,80,0,0x04,0,0
2026-09-28T06:32:21,stationary,1,Charging,71,4118000,5800000,6400000,0,4012,16560000,4.14,2,80,0,0x04,0,0
2026-09-28T06:32:26,stationary,1,Charging,71,4118000,5800000,6400000,0,4012,16560000,4.14,2,80,0,0x04,0,0
2026-09-28T06:32:32,stationary,1,Charging,71,4118000,5800000,6400000,0,4012,16560000,4.14,2,80,0,0x04,0,0
2026-09-28T06:32:37,stationary,1,Charging,71,4118000,5800000,6400000,0,3978,16584000,4.146,2,80,0,0x04,0,0
2026-09-28T06:32:42,stationary,1,Charging,72,4176000,5800000,6400000,0,3978,16560000,4.14,2,80,0,0x04,0,0
2026-09-28T06:32:47,stationary,1,Charging,72,4176000,5800000,6400000,0,3978,16560000,4.14,2,80,0,0x04,0,0
2026-09-28T06:32:52,stationary,1,Charging,72,4176000,5800000,6400000,0,3944,16560000,4.14,2,80,0,0x04,0,0
2026-09-28T06:32:57,stationary,1,Charging,72,4176000,5800000,6400000,0,3944,16584000,4.146,2,80,0,0x04,0,0
2026-09-28T06:33:02,stationary,1,Charging,72,4176000,5800000,6400000,0,3944,16584000,4.146,2,80,0,0x04,0,0
2026-09-28T06:33:07,stationary,1,Charging,72,4176000,5800000,6400000,0,3910,16560000,4.14,2,80,0,0x04,0,0
2026-09-28T06:33:12,stationary,1,Charging,72,4176000,5800000,6400000,0,3910,16584000,4.146,2,80,0,0x04,0,0
2026-09-28T06:33:17,stationary,1,Charging,72,4176000,5800000,6400000,0,3910,16584000,4.146,2,80,0,0x04,0,0
2026-09-28T06:33:22,stationary,1,Charging,72,4176000,5800000,6400000,0,3910,16584000,4.146,2,80,0,0x04,0,0
2026-09-28T06:33:27,stationary,1,Charging,72,4176000,5800000,6400000,0,3876,16560000,4.14,2,80,0,0x04,0,0
2026-09-28T06:33:32,stationary,1,Charging,72,4176000,5800000,6400000,0,3876,16584000,4.146,2,80,0,0x04,0,0
2026-09-28T06:33:37,stationary,1,Charging,73,4234000,5800000,6400000,0,3876,16560000,4.14,2,80,0,0x04,0,0
2026-09-28T06:33:42,stationary,1,Charging,73,4234000,5800000,6400000,0,3842,16584000,4.146,2,80,0,0x04,0,0
2026-09-28T06:33:47,stationary,1,Charging,73,4234000,5800000,6400000,0,3842,16584000,4.146,2,80,0,0x04,0,0
2026-09-28T06:33:52,stationary,1,Charging,73,4234000,5800000,6400000,0,3842,16584000,4.146,2,80,0,0x04,0,0
2026-09-28T06:33:57,stationary,1,Charging,73,4234000,5800000,6400000,0,3842,16584000,4.146,2,80,0,0x04,0,0
2026-09-28T06:34:02,stationary,1,Charging,73,4234000,5800000,6400000,0,3808,16584000,4.146,2,80,0,0x04,0,0
2026-09-28T06:34:07,stationary,1,Charging,73,4234000,5800000,6400000,0,3808,16560000,4.14,2,80,0,0x04,0,0
2026-09-28T06:34:12,stationary,1,Charging,73,4234000,5800000,6400000,0,3808,16560000,4.14,2,80,0,0x04,0,0
2026-09-28T06:34:17,stationary,1,Charging,73,4234000,5800000,6400000,0,3774,16560000,4.14,2,80,0,0x04,0,0
2026-09-28T06:34:22,stationary,1,Charging,73,4234000,5800000,6400000,0,3774,16584000,4.146,2,80,0,0x04,0,0
2026-09-28T06:34:27,stationary,1,Charging,73,4234000,5800000,6400000,0,3740,16584000,4.146,2,80,0,0x04,0,0
2026-09-28T06:34:32,stationary,1,Charging,74,4292000,5800000,6400000,0,3740,16584000,4.146,2,80,0,0x04,0,0
2026-09-28T06:34:37,stationary,1,Charging,74,4292000,5800000,6400000,0,3740,16584000,4.146,2,80,0,0x04,0,0
2026-09-28T06:34:42,stationary,1,Charging,74,4292000,5800000,6400000,0,3740,16584000,4.146,2,80,0,0x04,0,0
2026-09-28T06:34:47,stationary,1,Charging,74,4292000,5800000,6400000,0,3706,16560000,4.14,2,80,0,0x04,0,0
2026-09-28T06:34:52,stationary,1,Charging,74,4292000,5800000,6400000,0,3706,16584000,4.146,2,80,0,0x04,0,0
2026-09-28T06:34:57,stationary,1,Charging,74,4292000,5800000,6400000,0,3706,16584000,4.146,2,80,0,0x04,0,0
2026-09-28T06:35:02,stationary,1,Charging,74,4292000,5800000,6400000,0,3672,16584000,4.146,2,80,0,0x04,0,0
2026-09-28T06:35:07,stationary,1,Charging,74,4292000,5800000,6400000,0,3672,16584000,4.146,2,80,0,0x04,0,0
2026-09-28T06:35:12,stationary,1,Charging,74,4292000,5800000,6400000,0,3672,16560000,4.14,2,80,0,0x04,0,0
2026-09-28T06:35:17,stationary,1,Charging,74,4292000,5800000,6400000,0,3638,16584000,4.146,2,80,0,0x04,0,0
2026-09-28T06:35:22,stationary,1,Charging,74,4292000,5800000,6400000,0,3638,16584000,4.146,2,80,0,0x04,0,0
2026-09-28T06:35:27,stationary,1,Charging,75,4350000,5800000,6400000,0,3638,16584000,4.146,2,80,0,0x04,0,0
2026-09-28T06:35:32,stationary,1,Charging,75,4350000,5800000,6400000,0,3604,16584000,4.146,2,80,0,0x04,0,0
2026-09-28T06:35:37,stationary,1,Charging,75,4350000,5800000,6400000,0,3604,16584000,4.146,2,80,0,0x04,0,0
2026-09-28T06:35:42,stationary,1,Charging,75,4350000,5800000,6400000,0,3604,16584000,4.146,2,80,0,0x04,0,0
2026-09-28T06:35:47,stationary,1,Charging,75,4350000,5800000,6400000,0,3570,16560000,4.14,2,80,0,0x04,0,0
2026-09-28T06:35:52,stationary,1,Charging,75,4350000,5800000,6400000,0,3570,16584000,4.146,2,80,0,0x04,0,0
2026-09-28T06:35:57,stationary,1,Charging,75,4350000,5800000,6400000,0,3570,16560000,4.14,2,80,0,0x04,0,0
2026-09-28T06:36:02,stationary,1,Charging,75,4350000,5800000,6400000,0,3536,16584000,4.146,2,80,0,0x04,0,0
2026-09-28T06:36:07,stationary,1,Charging,75,4350000,5800000,6400000,0,3536,16584000,4.146,2,80,0,0x04,0,0
2026-09-28T06:36:12,stationary,1,Charging,75,4350000,5800000,6400000,0,3536,16560000,4.14,2,80,0,0x04,0,0
2026-09-28T06:36:17,stationary,1,Charging,75,4350000,5800000,6400000,0,3502,16584000,4.146,2,80,0,0x04,0,0
2026-09-28T06:36:22,stationary,1,Charging,75,4350000,5800000,6400000,0,3502,16584000,4.146,2,80,0,0x04,0,0
2026-09-28T06:36:27,stationary,1,Charging,76,4408000,5800000,6400000,0,3502,16584000,4.146,2,80,0,0x04,0,0
2026-09-28T06:36:32,stationary,1,Charging,76,4408000,5800000,6400000,0,3468,16584000,4.146,2,80,0,0x04,0,0
2026-09-28T06:36:37,stationary,1,Charging,76,4408000,5800000,6400000,0,3468,16584000,4.146,2,80,0,0x04,0,0
2026-09-28T06:36:42,stationary,1,Charging,76,4408000,5800000,6400000,0,3468,16584000,4.146,2,80,0,0x04,0,0
2026-09-28T06:36:47,stationary,1,Charging,76,4408000,5800000,6400000,0,3434,16584000,4.146,2,80,0,0x04,0,0
2026-09-28T06:36:52,stationary,1,Charging,76,4408000,5800000,6400000,0,3434,16584000,4.146,2,80,0,0x04,0,0
2026-09-28T06:36:57,stationary,1,Charging,76,4408000,5800000,6400000,0,3434,16584000,4.146,2,80,0,0x04,0,0
2026-09-28T06:37:02,stationary,1,Charging,76,4408000,5800000,6400000,0,3400,16584000,4.146,2,80,0,0x04,0,0
2026-09-28T06:37:07,stationary,1,Charging,76,4408000,5800000,6400000,0,3400,16584000,4.146,2,80,0,0x04,0,0
2026-09-28T06:37:12,stationary,1,Charging,76,4408000,5800000,6400000,0,3400,16584000,4.146,2,80,0,0x04,0,0
2026-09-28T06:37:17,stationary,1,Charging,76,4408000,5800000,6400000,0,3366,16584000,4.146,2,80,0,0x04,0,0
2026-09-28T06:37:22,stationary,1,Charging,76,4408000,5800000,6400000,0,3366,16584000,4.146,2,80,0,0x04,0,0
2026-09-28T06:37:27,stationary,1,Charging,77,4466000,5800000,6400000,0,3366,16584000,4.146,2,80,0,0x04,0,0
2026-09-28T06:37:32,stationary,1,Charging,77,4466000,5800000,6400000,0,3332,16584000,4.146,2,80,0,0x04,0,0
2026-09-28T06:37:37,stationary,1,Charging,77,4466000,5800000,6400000,0,3332,16584000,4.146,2,80,0,0x04,0,0
2026-09-28T06:37:42,stationary,1,Charging,77,4466000,5800000,6400000,0,3332,16584000,4.146,2,80,0,0x04,0,0
2026-09-28T06:37:47,stationary,1,Charging,77,4466000,5800000,6400000,0,3332,16584000,4.146,2,80,0,0x04,0,0
2026-09-28T06:37:52,stationary,1,Charging,77,4466000,5800000,6400000,0,3298,16584000,4.146,2,80,0,0x04,0,0
2026-09-28T06:37:57,stationary,1,Charging,77,4466000,5800000,6400000,0,3298,16584000,4.146,2,80,0,0x04,0,0
2026-09-28T06:38:02,stationary,1,Charging,77,4466000,5800000,6400000,0,3264,16584000,4.146,2,80,0,0x04,0,0
2026-09-28T06:38:07,stationary,1,Charging,77,4466000,5800000,6400000,0,3264,16584000,4.146,2,80,0,0x04,0,0
2026-09-28T06:38:12,stationary,1,Charging,77,4466000,5800000,6400000,0,3264,16584000,4.146,2,80,0,0x04,0,0
2026-09-28T06:38:17,stationary,1,Charging,77,4466000,5800000,6400000,0,3230,16584000,4.146,2,80,0,0x04,0,0
2026-09-28T06:38:22,stationary,1,Charging,77,4466000,5800000,6400000,0,3230,16584000,4.146,2,80,0,0x04,0,0
2026-09-28T06:38:27,stationary,1,Charging,78,4524000,5800000,6400000,0,3230,16584000,4.146,2,80,0,0x04,0,0
2026-09-28T06:38:33,stationary,1,Charging,78,4524000,5800000,6400000,0,3230,16584000,4.146,2,80,0,0x04,0,0
2026-09-28T06:38:38,stationary,1,Charging,78,4524000,5800000,6400000,0,3196,16584000,4.146,2,80,0,0x04,0,0
2026-09-28T06:38:43,stationary,1,Charging,78,4524000,5800000,6400000,0,3196,16584000,4.146,2,80,0,0x04,0,0
2026-09-28T06:38:48,stationary,1,Charging,78,4524000,5800000,6400000,0,3196,16584000,4.146,2,80,0,0x04,0,0
2026-09-28T06:38:53,stationary,1,Charging,78,4524000,5800000,6400000,0,3162,16584000,4.146,2,80,0,0x04,0,0
2026-09-28T06:38:58,stationary,1,Charging,78,4524000,5800000,6400000,0,3162,16584000,4.146,2,80,0,0x04,0,0
2026-09-28T06:39:03,stationary,1,Charging,78,4524000,5800000,6400000,0,3162,16584000,4.146,2,80,0,0x04,0,0
2026-09-28T06:39:08,stationary,1,Charging,78,4524000,5800000,6400000,0,3128,16584000,4.146,2,80,0,0x04,0,0
2026-09-28T06:39:13,stationary,1,Charging,78,4524000,5800000,6400000,0,3128,16584000,4.146,2,80,0,0x04,0,0
2026-09-28T06:39:18,stationary,1,Charging,78,4524000,5800000,6400000,0,3094,16584000,4.146,2,80,0,0x04,0,0
2026-09-28T06:39:23,stationary,1,Charging,78,4524000,5800000,6400000,0,3094,16584000,4.146,2,80,0,0x04,0,0
2026-09-28T06:39:28,stationary,1,Charging,78,4524000,5800000,6400000,0,3060,16584000,4.146,2,80,0,0x04,0,0
2026-09-28T06:39:33,stationary,1,Charging,78,4524000,5800000,6400000,0,3060,16584000,4.146,2,80,0,0x04,0,0
2026-09-28T06:39:38,stationary,1,Charging,79,4582000,5800000,6400000,0,3060,16584000,4.146,2,80,0,0x04,0,0
2026-09-28T06:39:43,stationary,1,Charging,79,4582000,5800000,6400000,0,3060,16584000,4.146,2,80,0,0x04,0,0
2026-09-28T06:39:48,stationary,1,Charging,79,4582000,5800000,6400000,0,3026,16584000,4.146,2,80,0,0x04,0,0
2026-09-28T06:39:53,stationary,1,Charging,79,4582000,5800000,6400000,0,3026,16584000,4.146,2,80,0,0x04,0,0
2026-09-28T06:39:58,stationary,1,Charging,79,4582000,5800000,6400000,0,3026,16584000,4.146,2,80,0,0x04,0,0
2026-09-28T06:40:03,stationary,1,Charging,79,4582000,5800000,6400000,0,3026,16584000,4.146,2,80,0,0x04,0,0
2026-09-28T06:40:08,stationary,1,Charging,79,4582000,5800000,6400000,0,3026,16584000,4.146,2,80,0,0x04,0,0
2026-09-28T06:40:13,stationary,1,Charging,79,4582000,5800000,6400000,0,2992,16584000,4.146,2,80,0,0x04,0,0
2026-09-28T06:40:18,stationary,1,Charging,79,4582000,5800000,6400000,0,2992,16584000,4.146,2,80,0,0x04,0,0
2026-09-28T06:40:23,stationary,1,Charging,79,4582000,5800000,6400000,0,2958,16584000,4.146,2,80,0,0x04,0,0
2026-09-28T06:40:28,stationary,1,Charging,79,4582000,5800000,6400000,0,2958,16560000,4.14,2,80,0,0x04,0,0
2026-09-28T06:40:33,stationary,1,Charging,79,4582000,5800000,6400000,0,2958,16584000,4.146,2,80,0,0x04,0,0
2026-09-28T06:40:38,stationary,1,Charging,79,4582000,5800000,6400000,0,2958,16584000,4.146,2,80,0,0x04,0,0
2026-09-28T06:40:43,stationary,1,Charging,80,4640000,5800000,6400000,0,2924,16584000,4.146,2,80,0,0x04,0,0
2026-09-28T06:40:48,stationary,1,Charging,80,4640000,5800000,6400000,0,2924,16584000,4.146,2,80,0,0x04,0,0
2026-09-28T06:40:53,stationary,1,Charging,80,4640000,5800000,6400000,0,2924,16584000,4.146,2,80,0,0x04,0,0
2026-09-28T06:40:58,stationary,1,Charging,80,4640000,5800000,6400000,0,2890,16584000,4.146,2,80,0,0x04,0,0
2026-09-28T06:41:03,stationary,1,Charging,80,4640000,5800000,6400000,0,2890,16584000,4.146,2,80,0,0x04,0,0
2026-09-28T06:41:08,stationary,1,Charging,80,4640000,5800000,6400000,0,2890,16584000,4.146,2,80,0,0x04,0,0
2026-09-28T06:41:13,stationary,1,Charging,80,4640000,5800000,6400000,0,2856,16584000,4.146,2,80,0,0x04,0,0
2026-09-28T06:41:18,stationary,1,Charging,80,4640000,5800000,6400000,0,2856,16584000,4.146,2,80,0,0x04,0,0
2026-09-28T06:41:23,stationary,1,Charging,80,4640000,5800000,6400000,0,2856,16584000,4.146,2,80,0,0x04,0,0
2026-09-28T06:41:28,stationary,1,Charging,80,4640000,5800000,6400000,0,2822,16584000,4.146,2,80,0,0x04,0,0
2026-09-28T06:41:33,stationary,1,Charging,80,4640000,5800000,6400000,0,2822,16584000,4.146,2,80,0,0x04,0,0
2026-09-28T06:41:38,stationary,1,Charging,80,4640000,5800000,6400000,0,2822,16584000,4.146,2,80,0,0x04,0,0
2026-09-28T06:41:43,stationary,1,Charging,80,4640000,5800000,6400000,0,2788,16584000,4.146,2,80,0,0x04,0,0
2026-09-28T06:41:48,stationary,1,Charging,80,4640000,5800000,6400000,0,2788,16584000,4.146,2,80,0,0x04,0,0
2026-09-28T06:41:53,stationary,1,Charging,80,4640000,5800000,6400000,0,2788,16584000,4.146,2,80,0,0x04,0,0
2026-09-28T06:41:58,stationary,1,Charging,81,4698000,5800000,6400000,0,2754,16584000,4.146,2,80,0,0x04,0,0
2026-09-28T06:42:03,stationary,1,Charging,81,4698000,5800000,6400000,0,2754,16584000,4.146,2,80,0,0x04,0,0
2026-09-28T06:42:08,stationary,1,Charging,81,4698000,5800000,6400000,0,2754,16584000,4.146,2,80,0,0x04,0,0
2026-09-28T06:42:13,stationary,1,Charging,81,4698000,5800000,6400000,0,3264,16584000,4.146,2,80,0,0x04,0,0
2026-09-28T06:42:18,stationary,1,Charging,81,4698000,5800000,6400000,0,3264,16701000,4.1753,2,80,0,0x04,0,0
2026-09-28T06:42:23,stationary,1,Charging,81,4698000,5800000,6400000,0,3230,16701000,4.1753,2,80,0,0x04,0,0
2026-09-28T06:42:28,stationary,1,Charging,81,4698000,5800000,6400000,0,3230,16701000,4.1753,2,80,0,0x04,0,0
2026-09-28T06:42:33,stationary,1,Charging,81,4698000,5800000,6400000,0,3196,16701000,4.1753,2,80,0,0x04,0,0
2026-09-28T06:42:38,stationary,1,Charging,81,4698000,5800000,6400000,0,3196,16701000,4.1753,2,80,0,0x04,0,0
2026-09-28T06:42:43,stationary,1,Charging,81,4698000,5800000,6400000,0,3162,16701000,4.1753,2,80,0,0x04,0,0
2026-09-28T06:42:48,stationary,1,Charging,81,4698000,5800000,6400000,0,3162,16701000,4.1753,2,80,0,0x04,0,0
2026-09-28T06:42:53,stationary,1,Charging,81,4698000,5800000,6400000,0,3128,16701000,4.1753,2,80,0,0x04,0,0
2026-09-28T06:42:58,stationary,1,Charging,81,4698000,5800000,6400000,0,3128,16701000,4.1753,2,80,0,0x04,0,0
2026-09-28T06:43:03,stationary,1,Charging,82,4756000,5800000,6400000,0,3094,16701000,4.1753,2,80,0,0x04,0,0
2026-09-28T06:43:08,stationary,1,Charging,82,4756000,5800000,6400000,0,3094,16701000,4.1753,2,80,0,0x04,0,0
2026-09-28T06:43:13,stationary,1,Charging,82,4756000,5800000,6400000,0,3060,16701000,4.1753,2,80,0,0x04,0,0
2026-09-28T06:43:18,stationary,1,Charging,82,4756000,5800000,6400000,0,3060,16701000,4.1753,2,80,0,0x04,0,0
2026-09-28T06:43:23,stationary,1,Charging,82,4756000,5800000,6400000,0,3060,16701000,4.1753,2,80,0,0x04,0,0
2026-09-28T06:43:28,stationary,1,Charging,82,4756000,5800000,6400000,0,3060,16701000,4.1753,2,80,0,0x04,0,0
2026-09-28T06:43:33,stationary,1,Charging,82,4756000,5800000,6400000,0,3026,16701000,4.1753,2,80,0,0x04,0,0
2026-09-28T06:43:38,stationary,1,Charging,82,4756000,5800000,6400000,0,3026,16701000,4.1753,2,80,0,0x04,0,0
2026-09-28T06:43:43,stationary,1,Charging,82,4756000,5800000,6400000,0,2992,16701000,4.1753,2,80,0,0x04,0,0
2026-09-28T06:43:48,stationary,1,Charging,82,4756000,5800000,6400000,0,2992,16701000,4.1753,2,80,0,0x04,0,0
2026-09-28T06:43:53,stationary,1,Charging,82,4756000,5800000,6400000,0,2992,16701000,4.1753,2,80,0,0x04,0,0
2026-09-28T06:43:58,stationary,1,Charging,82,4756000,5800000,6400000,0,2992,16701000,4.1753,2,80,0,0x04,0,0
2026-09-28T06:44:03,stationary,1,Charging,82,4756000,5800000,6400000,0,2958,16701000,4.1753,2,80,0,0x04,0,0
2026-09-28T06:44:08,stationary,1,Charging,82,4756000,5800000,6400000,0,2958,16701000,4.1753,2,80,0,0x04,0,0
2026-09-28T06:44:13,stationary,1,Charging,83,4814000,5800000,6400000,0,2958,16701000,4.1753,2,80,0,0x04,0,0
2026-09-28T06:44:18,stationary,1,Charging,83,4814000,5800000,6400000,0,2958,16701000,4.1753,2,80,0,0x04,0,0
2026-09-28T06:44:23,stationary,1,Charging,83,4814000,5800000,6400000,0,2924,16701000,4.1753,2,80,0,0x04,0,0
2026-09-28T06:44:29,stationary,1,Charging,83,4814000,5800000,6400000,0,2924,16724000,4.181,2,80,0,0x04,0,0
2026-09-28T06:44:34,stationary,1,Charging,83,4814000,5800000,6400000,0,2924,16724000,4.181,2,80,0,0x04,0,0
2026-09-28T06:44:39,stationary,1,Charging,83,4814000,5800000,6400000,0,2890,16701000,4.1753,2,80,0,0x04,0,0
2026-09-28T06:44:44,stationary,1,Charging,83,4814000,5800000,6400000,0,2890,16701000,4.1753,2,80,0,0x04,0,0
2026-09-28T06:44:49,stationary,1,Charging,83,4814000,5800000,6400000,0,2890,16701000,4.1753,2,80,0,0x04,0,0
2026-09-28T06:44:54,stationary,1,Charging,83,4814000,5800000,6400000,0,2856,16701000,4.1753,2,80,0,0x04,0,0
2026-09-28T06:44:59,stationary,1,Charging,83,4814000,5800000,6400000,0,2856,16701000,4.1753,2,80,0,0x04,0,0
2026-09-28T06:45:04,stationary,1,Charging,83,4814000,5800000,6400000,0,2856,16724000,4.181,2,80,0,0x04,0,0
2026-09-28T06:45:09,stationary,1,Charging,83,4814000,5800000,6400000,0,2856,16724000,4.181,2,80,0,0x04,0,0
2026-09-28T06:45:14,stationary,1,Charging,83,4814000,5800000,6400000,0,2822,16724000,4.181,2,80,0,0x04,0,0
2026-09-28T06:45:19,stationary,1,Charging,83,4814000,5800000,6400000,0,2822,16724000,4.181,2,80,0,0x04,0,0
2026-09-28T06:45:24,stationary,1,Charging,83,4814000,5800000,6400000,0,2788,16724000,4.181,2,80,0,0x04,0,0
2026-09-28T06:45:29,stationary,1,Charging,84,4872000,5800000,6400000,0,2788,16724000,4.181,2,80,0,0x04,0,0
2026-09-28T06:45:34,stationary,1,Charging,84,4872000,5800000,6400000,0,2788,16701000,4.1753,2,80,0,0x04,0,0
2026-09-28T06:45:39,stationary,1,Charging,84,4872000,5800000,6400000,0,2788,16724000,4.181,2,80,0,0x04,0,0
2026-09-28T06:45:44,stationary,1,Charging,84,4872000,5800000,6400000,0,2754,16724000,4.181,2,80,0,0x04,0,0
2026-09-28T06:45:49,stationary,1,Charging,84,4872000,5800000,6400000,0,2754,16724000,4.181,2,80,0,0x04,0,0
2026-09-28T06:45:54,stationary,1,Charging,84,4872000,5800000,6400000,0,2754,16724000,4.181,2,80,0,0x04,0,0
2026-09-28T06:45:59,stationary,1,Charging,84,4872000,5800000,6400000,0,2006,16513000,4.1283,2,80,0,0x04,0,0
2026-09-28T06:46:04,stationary,1,Charging,84,4872000,5800000,6400000,0,2040,16560000,4.14,2,80,0,0x04,0,0
2026-09-28T06:46:09,stationary,1,Charging,84,4872000,5800000,6400000,0,2040,16584000,4.146,2,80,0,0x04,0,0
2026-09-28T06:46:14,stationary,1,Charging,84,4872000,5800000,6400000,0,2040,16584000,4.146,2,80,0,0x04,0,0
2026-09-28T06:46:19,stationary,1,Charging,84,4872000,5800000,6400000,0,1598,16584000,4.146,2,80,0,0x04,0,0
2026-09-28T06:46:24,stationary,1,Charging,84,4872000,5800000,6400000,0,2788,16677000,4.1692,2,80,0,0x04,0,0
2026-09-28T06:46:29,stationary,1,Charging,84,4872000,5800000,6400000,0,2720,16724000,4.181,2,80,0,0x04,0,0
2026-09-28T06:46:34,stationary,1,Charging,84,4872000,5800000,6400000,0,2720,16724000,4.181,2,80,0,0x04,0,0
2026-09-28T06:46:39,stationary,1,Charging,84,4872000,5800000,6400000,0,2686,16701000,4.1753,2,80,0,0x04,0,0
2026-09-28T06:46:44,stationary,1,Charging,84,4872000,5800000,6400000,0,2686,16724000,4.181,2,80,0,0x04,0,0
2026-09-28T06:46:49,stationary,1,Charging,85,4930000,5800000,6400000,0,2652,16701000,4.1753,2,80,0,0x04,0,0
2026-09-28T06:46:54,stationary,1,Charging,85,4930000,5800000,6400000,0,2652,16724000,4.181,2,80,0,0x04,0,0
2026-09-28T06:46:59,stationary,1,Charging,85,4930000,5800000,6400000,0,2618,16701000,4.1753,2,80,0,0x04,0,0
2026-09-28T06:47:04,stationary,1,Charging,85,4930000,5800000,6400000,0,2618,16724000,4.181,2,80,0,0x04,0,0
2026-09-28T06:47:09,stationary,1,Charging,85,4930000,5800000,6400000,0,2618,16724000,4.181,2,80,0,0x04,0,0
2026-09-28T06:47:14,stationary,1,Charging,85,4930000,5800000,6400000,0,2584,16724000,4.181,2,80,0,0x04,0,0
2026-09-28T06:47:19,stationary,1,Charging,85,4930000,5800000,6400000,0,2584,16724000,4.181,2,80,0,0x04,0,0
2026-09-28T06:47:24,stationary,1,Charging,85,4930000,5800000,6400000,0,2584,16724000,4.181,2,80,0,0x04,0,0
2026-09-28T06:47:29,stationary,1,Charging,85,4930000,5800000,6400000,0,2550,16724000,4.181,2,80,0,0x04,0,0
2026-09-28T06:47:34,stationary,1,Charging,85,4930000,5800000,6400000,0,2550,16701000,4.1753,2,80,0,0x04,0,0
2026-09-28T06:47:39,stationary,1,Charging,85,4930000,5800000,6400000,0,2550,16724000,4.181,2,80,0,0x04,0,0
2026-09-28T06:47:44,stationary,1,Charging,85,4930000,5800000,6400000,0,2516,16724000,4.181,2,80,0,0x04,0,0
2026-09-28T06:47:49,stationary,1,Charging,85,4930000,5800000,6400000,0,2516,16724000,4.181,2,80,0,0x04,0,0
2026-09-28T06:47:54,stationary,1,Charging,85,4930000,5800000,6400000,0,2516,16724000,4.181,2,80,0,0x04,0,0
2026-09-28T06:47:59,stationary,1,Charging,85,4930000,5800000,6400000,0,2516,16724000,4.181,2,80,0,0x04,0,0
2026-09-28T06:48:04,stationary,1,Charging,85,4930000,5800000,6400000,0,2482,16724000,4.181,2,80,0,0x04,0,0
2026-09-28T06:48:09,stationary,1,Charging,86,4988000,5800000,6400000,0,2482,16701000,4.1753,2,80,0,0x04,0,0
2026-09-28T06:48:14,stationary,1,Charging,86,4988000,5800000,6400000,0,2482,16724000,4.181,2,80,0,0x04,0,0
2026-09-28T06:48:19,stationary,1,Charging,86,4988000,5800000,6400000,0,2448,16724000,4.181,2,80,0,0x04,0,0
2026-09-28T06:48:24,stationary,1,Charging,86,4988000,5800000,6400000,0,2448,16724000,4.181,2,80,0,0x04,0,0
2026-09-28T06:48:29,stationary,1,Charging,86,4988000,5800000,6400000,0,2448,16724000,4.181,2,80,0,0x04,0,0
2026-09-28T06:48:34,stationary,1,Charging,86,4988000,5800000,6400000,0,2448,16724000,4.181,2,80,0,0x04,0,0
2026-09-28T06:48:39,stationary,1,Charging,86,4988000,5800000,6400000,0,2414,16724000,4.181,2,80,0,0x04,0,0
2026-09-28T06:48:44,stationary,1,Charging,86,4988000,5800000,6400000,0,2414,16724000,4.181,2,80,0,0x04,0,0
2026-09-28T06:48:49,stationary,1,Charging,86,4988000,5800000,6400000,0,2414,16701000,4.1753,2,80,0,0x04,0,0
2026-09-28T06:48:54,stationary,1,Charging,86,4988000,5800000,6400000,0,2414,16724000,4.181,2,80,0,0x04,0,0
2026-09-28T06:48:59,stationary,1,Charging,86,4988000,5800000,6400000,0,2380,16724000,4.181,2,80,0,0x04,0,0
2026-09-28T06:49:04,stationary,1,Charging,86,4988000,5800000,6400000,0,2380,16724000,4.181,2,80,0,0x04,0,0
2026-09-28T06:49:09,stationary,1,Charging,86,4988000,5800000,6400000,0,2346,16724000,4.181,2,80,0,0x04,0,0
2026-09-28T06:49:14,stationary,1,Charging,86,4988000,5800000,6400000,0,2346,16724000,4.181,2,80,0,0x04,0,0
2026-09-28T06:49:19,stationary,1,Charging,86,4988000,5800000,6400000,0,2346,16724000,4.181,2,80,0,0x04,0,0
2026-09-28T06:49:24,stationary,1,Charging,86,4988000,5800000,6400000,0,2346,16724000,4.181,2,80,0,0x04,0,0
2026-09-28T06:49:29,stationary,1,Charging,86,4988000,5800000,6400000,0,2312,16724000,4.181,2,80,0,0x04,0,0
2026-09-28T06:49:34,stationary,1,Charging,86,4988000,5800000,6400000,0,2312,16724000,4.181,2,80,0,0x04,0,0
2026-09-28T06:49:39,stationary,1,Charging,87,5046000,5800000,6400000,0,2312,16724000,4.181,2,80,0,0x04,0,0
2026-09-28T06:49:44,stationary,1,Charging,87,5046000,5800000,6400000,0,2278,16724000,4.181,2,80,0,0x04,0,0
2026-09-28T06:49:49,stationary,1,Charging,87,5046000,5800000,6400000,0,2278,16724000,4.181,2,80,0,0x04,0,0
2026-09-28T06:49:54,stationary,1,Charging,87,5046000,5800000,6400000,0,2278,16724000,4.181,2,80,0,0x04,0,0
2026-09-28T06:49:59,stationary,1,Charging,87,5046000,5800000,6400000,0,2278,16724000,4.181,2,80,0,0x04,0,0
2026-09-28T06:50:04,stationary,1,Charging,87,5046000,5800000,6400000,0,2244,16724000,4.181,2,80,0,0x04,0,0
2026-09-28T06:50:09,stationary,1,Charging,87,5046000,5800000,6400000,0,2244,16724000,4.181,2,80,0,0x04,0,0
2026-09-28T06:50:14,stationary,1,Charging,87,5046000,5800000,6400000,0,2244,16724000,4.181,2,80,0,0x04,0,0
2026-09-28T06:50:19,stationary,1,Charging,87,5046000,5800000,6400000,0,2244,16724000,4.181,2,80,0,0x04,0,0
2026-09-28T06:50:25,stationary,1,Charging,87,5046000,5800000,6400000,0,2210,16724000,4.181,2,80,0,0x04,0,0
2026-09-28T06:50:30,stationary,1,Charging,87,5046000,5800000,6400000,0,2210,16724000,4.181,2,80,0,0x04,0,0
2026-09-28T06:50:35,stationary,1,Charging,87,5046000,5800000,6400000,0,2210,16724000,4.181,2,80,0,0x04,0,0
2026-09-28T06:50:40,stationary,1,Charging,87,5046000,5800000,6400000,0,2210,16724000,4.181,2,80,0,0x04,0,0
2026-09-28T06:50:45,stationary,1,Charging,87,5046000,5800000,6400000,0,2176,16724000,4.181,2,80,0,0x04,0,0
2026-09-28T06:50:50,stationary,1,Charging,87,5046000,5800000,6400000,0,2176,16724000,4.181,2,80,0,0x04,0,0
2026-09-28T06:50:55,stationary,1,Charging,87,5046000,5800000,6400000,0,2176,16724000,4.181,2,80,0,0x04,0,0
2026-09-28T06:51:00,stationary,1,Charging,87,5046000,5800000,6400000,0,2142,16724000,4.181,2,80,0,0x04,0,0
2026-09-28T06:51:05,stationary,1,Charging,87,5046000,5800000,6400000,0,2142,16724000,4.181,2,80,0,0x04,0,0
2026-09-28T06:51:10,stationary,1,Charging,87,5046000,5800000,6400000,0,2142,16724000,4.181,2,80,0,0x04,0,0
2026-09-28T06:51:15,stationary,1,Charging,88,5104000,5800000,6400000,0,2142,16724000,4.181,2,80,0,0x04,0,0
2026-09-28T06:51:20,stationary,1,Charging,88,5104000,5800000,6400000,0,2108,16724000,4.181,2,80,0,0x04,0,0
2026-09-28T06:51:25,stationary,1,Charging,88,5104000,5800000,6400000,0,2108,16724000,4.181,2,80,0,0x04,0,0
2026-09-28T06:51:30,stationary,1,Charging,88,5104000,5800000,6400000,0,2108,16724000,4.181,2,80,0,0x04,0,0
2026-09-28T06:51:35,stationary,1,Charging,88,5104000,5800000,6400000,0,2108,16724000,4.181,2,80,0,0x04,0,0
2026-09-28T06:51:40,stationary,1,Charging,88,5104000,5800000,6400000,0,2108,16724000,4.181,2,80,0,0x04,0,0
2026-09-28T06:51:45,stationary,1,Charging,88,5104000,5800000,6400000,0,2074,16724000,4.181,2,80,0,0x04,0,0
2026-09-28T06:51:50,stationary,1,Charging,88,5104000,5800000,6400000,0,2074,16724000,4.181,2,80,0,0x04,0,0
2026-09-28T06:51:55,stationary,1,Charging,88,5104000,5800000,6400000,0,2074,16724000,4.181,2,80,0,0x04,0,0
2026-09-28T06:52:00,stationary,1,Charging,88,5104000,5800000,6400000,0,2074,16724000,4.181,2,80,0,0x04,0,0
2026-09-28T06:52:05,stationary,1,Charging,88,5104000,5800000,6400000,0,2040,16724000,4.181,2,80,0,0x04,0,0
2026-09-28T06:52:10,stationary,1,Charging,88,5104000,5800000,6400000,0,2040,16724000,4.181,2,80,0,0x04,0,0
2026-09-28T06:52:15,stationary,1,Charging,88,5104000,5800000,6400000,0,2040,16724000,4.181,2,80,0,0x04,0,0
2026-09-28T06:52:20,stationary,1,Charging,88,5104000,5800000,6400000,0,2040,16724000,4.181,2,80,0,0x04,0,0
2026-09-28T06:52:25,stationary,1,Charging,88,5104000,5800000,6400000,0,2040,16724000,4.181,2,80,0,0x04,0,0
2026-09-28T06:52:30,stationary,1,Charging,88,5104000,5800000,6400000,0,2006,16724000,4.181,2,80,0,0x04,0,0
2026-09-28T06:52:35,stationary,1,Charging,88,5104000,5800000,6400000,0,2006,16724000,4.181,2,80,0,0x04,0,0
2026-09-28T06:52:40,stationary,1,Charging,88,5104000,5800000,6400000,0,2006,16724000,4.181,2,80,0,0x04,0,0
2026-09-28T06:52:45,stationary,1,Charging,88,5104000,5800000,6400000,0,2006,16724000,4.181,2,80,0,0x04,0,0
2026-09-28T06:52:50,stationary,1,Charging,88,5104000,5800000,6400000,0,1972,16724000,4.181,2,80,0,0x04,0,0
2026-09-28T06:52:55,stationary,1,Charging,89,5162000,5800000,6400000,0,1972,16724000,4.181,2,80,0,0x04,0,0
2026-09-28T06:53:00,stationary,1,Charging,89,5162000,5800000,6400000,0,1972,16724000,4.181,2,80,0,0x04,0,0
2026-09-28T06:53:05,stationary,1,Charging,89,5162000,5800000,6400000,0,1972,16724000,4.181,2,80,0,0x04,0,0
2026-09-28T06:53:10,stationary,1,Charging,89,5162000,5800000,6400000,0,1938,16724000,4.181,2,80,0,0x04,0,0
2026-09-28T06:53:15,stationary,1,Charging,89,5162000,5800000,6400000,0,1938,16724000,4.181,2,80,0,0x04,0,0
2026-09-28T06:53:20,stationary,1,Charging,89,5162000,5800000,6400000,0,1938,16724000,4.181,2,80,0,0x04,0,0
2026-09-28T06:53:25,stationary,1,Charging,89,5162000,5800000,6400000,0,1938,16724000,4.181,2,80,0,0x04,0,0
2026-09-28T06:53:30,stationary,1,Charging,89,5162000,5800000,6400000,0,1938,16724000,4.181,2,80,0,0x04,0,0
2026-09-28T06:53:35,stationary,1,Charging,89,5162000,5800000,6400000,0,1938,16724000,4.181,2,80,0,0x04,0,0
2026-09-28T06:53:40,stationary,1,Charging,89,5162000,5800000,6400000,0,1904,16724000,4.181,2,80,0,0x04,0,0
2026-09-28T06:53:45,stationary,1,Charging,89,5162000,5800000,6400000,0,1904,16724000,4.181,2,80,0,0x04,0,0
2026-09-28T06:53:50,stationary,1,Charging,89,5162000,5800000,6400000,0,1904,16724000,4.181,2,80,0,0x04,0,0
2026-09-28T06:53:55,stationary,1,Charging,89,5162000,5800000,6400000,0,1870,16724000,4.181,2,80,0,0x04,0,0
2026-09-28T06:54:00,stationary,1,Charging,89,5162000,5800000,6400000,0,1870,16724000,4.181,2,80,0,0x04,0,0
2026-09-28T06:54:05,stationary,1,Charging,89,5162000,5800000,6400000,0,1870,16724000,4.181,2,80,0,0x04,0,0
2026-09-28T06:54:10,stationary,1,Charging,89,5162000,5800000,6400000,0,1870,16724000,4.181,2,80,0,0x04,0,0
2026-09-28T06:54:15,stationary,1,Charging,89,5162000,5800000,6400000,0,1870,16724000,4.181,2,80,0,0x04,0,0
2026-09-28T06:54:20,stationary,1,Charging,89,5162000,5800000,6400000,0,1836,16724000,4.181,2,80,0,0x04,0,0
2026-09-28T06:54:25,stationary,1,Charging,89,5162000,5800000,6400000,0,1836,16724000,4.181,2,80,0,0x04,0,0
2026-09-28T06:54:30,stationary,1,Charging,89,5162000,5800000,6400000,0,1836,16724000,4.181,2,80,0,0x04,0,0
2026-09-28T06:54:35,stationary,1,Charging,89,5162000,5800000,6400000,0,1836,16724000,4.181,2,80,0,0x04,0,0
2026-09-28T06:54:40,stationary,1,Charging,89,5162000,5800000,6400000,0,1836,16724000,4.181,2,80,0,0x04,0,0
2026-09-28T06:54:45,stationary,1,Charging,90,5220000,5800000,6400000,0,1802,16724000,4.181,2,80,0,0x04,0,0
2026-09-28T06:54:50,stationary,1,Charging,90,5220000,5800000,6400000,0,1802,16724000,4.181,2,80,0,0x04,0,0
2026-09-28T06:54:55,stationary,1,Charging,90,5220000,5800000,6400000,0,1802,16724000,4.181,2,80,0,0x04,0,0
2026-09-28T06:55:00,stationary,1,Charging,90,5220000,5800000,6400000,0,1802,16724000,4.181,2,80,0,0x04,0,0
2026-09-28T06:55:05,stationary,1,Charging,90,5220000,5800000,6400000,0,1802,16724000,4.181,2,80,0,0x04,0,0
2026-09-28T06:55:10,stationary,1,Charging,90,5220000,5800000,6400000,0,1768,16748000,4.187,2,80,0,0x04,0,0
2026-09-28T06:55:15,stationary,1,Charging,90,5220000,5800000,6400000,0,1768,16724000,4.181,2,80,0,0x04,0,0
2026-09-28T06:55:20,stationary,1,Charging,90,5220000,5800000,6400000,0,1768,16724000,4.181,2,80,0,0x04,0,0
2026-09-28T06:55:25,stationary,1,Charging,90,5220000,5800000,6400000,0,1768,16724000,4.181,2,80,0,0x04,0,0
2026-09-28T06:55:30,stationary,1,Charging,90,5220000,5800000,6400000,0,1768,16724000,4.181,2,80,0,0x04,0,0
2026-09-28T06:55:35,stationary,1,Charging,90,5220000,5800000,6400000,0,1734,16724000,4.181,2,80,0,0x04,0,0
2026-09-28T06:55:40,stationary,1,Charging,90,5220000,5800000,6400000,0,1734,16724000,4.181,2,80,0,0x04,0,0
2026-09-28T06:55:45,stationary,1,Charging,90,5220000,5800000,6400000,0,1734,16724000,4.181,2,80,0,0x04,0,0
2026-09-28T06:55:50,stationary,1,Charging,90,5220000,5800000,6400000,0,1734,16724000,4.181,2,80,0,0x04,0,0
2026-09-28T06:55:55,stationary,1,Charging,90,5220000,5800000,6400000,0,1734,16724000,4.181,0,80,0,0x04,0,0
2026-09-28T06:56:00,stationary,1,Charging,90,5220000,5800000,6400000,0,1734,16724000,4.181,2,80,0,0x04,0,0
2026-09-28T06:56:05,stationary,1,Charging,90,5220000,5800000,6400000,0,1700,16724000,4.181,2,80,0,0x04,0,0
2026-09-28T06:56:10,stationary,1,Charging,90,5220000,5800000,6400000,0,1700,16724000,4.181,2,80,0,0x04,0,0
2026-09-28T06:56:15,stationary,1,Charging,90,5220000,5800000,6400000,0,1700,16724000,4.181,2,80,0,0x04,0,0
2026-09-28T06:56:20,stationary,1,Charging,90,5220000,5800000,6400000,0,1700,16724000,4.181,2,80,0,0x04,0,0
2026-09-28T06:56:26,stationary,1,Charging,90,5220000,5800000,6400000,0,1666,16724000,4.181,2,80,0,0x04,0,0
2026-09-28T06:56:31,stationary,1,Charging,90,5220000,5800000,6400000,0,1666,16724000,4.181,2,80,0,0x04,0,0
2026-09-28T06:56:36,stationary,1,Charging,90,5220000,5800000,6400000,0,1666,16724000,4.181,2,80,0,0x04,0,0
2026-09-28T06:56:41,stationary,1,Charging,91,5278000,5800000,6400000,0,1666,16724000,4.181,2,80,0,0x04,0,0
2026-09-28T06:56:46,stationary,1,Charging,91,5278000,5800000,6400000,0,1666,16724000,4.181,2,80,0,0x04,0,0
2026-09-28T06:56:51,stationary,1,Charging,91,5278000,5800000,6400000,0,1666,16724000,4.181,2,80,0,0x04,0,0
2026-09-28T06:56:56,stationary,1,Charging,91,5278000,5800000,6400000,0,1632,16724000,4.181,2,80,0,0x04,0,0
2026-09-28T06:57:01,stationary,1,Charging,91,5278000,5800000,6400000,0,1632,16724000,4.181,2,80,0,0x04,0,0
2026-09-28T06:57:06,stationary,1,Charging,91,5278000,5800000,6400000,0,1632,16748000,4.187,2,80,0,0x04,0,0
2026-09-28T06:57:11,stationary,1,Charging,91,5278000,5800000,6400000,0,1632,16748000,4.187,2,80,0,0x04,0,0
2026-09-28T06:57:16,stationary,1,Charging,91,5278000,5800000,6400000,0,1632,16748000,4.187,2,80,0,0x04,0,0
2026-09-28T06:57:21,stationary,1,Charging,91,5278000,5800000,6400000,0,1598,16748000,4.187,2,80,0,0x04,0,0
2026-09-28T06:57:26,stationary,1,Charging,91,5278000,5800000,6400000,0,1598,16748000,4.187,2,80,0,0x04,0,0
2026-09-28T06:57:31,stationary,1,Charging,91,5278000,5800000,6400000,0,1598,16724000,4.181,2,80,0,0x04,0,0
2026-09-28T06:57:36,stationary,1,Charging,91,5278000,5800000,6400000,0,1598,16724000,4.181,2,80,0,0x04,0,0
2026-09-28T06:57:41,stationary,1,Charging,91,5278000,5800000,6400000,0,1598,16724000,4.181,2,80,0,0x04,0,0
2026-09-28T06:57:46,stationary,1,Charging,91,5278000,5800000,6400000,0,1564,16724000,4.181,2,80,0,0x04,0,0
2026-09-28T06:57:51,stationary,1,Charging,91,5278000,5800000,6400000,0,1564,16724000,4.181,2,80,0,0x04,0,0
2026-09-28T06:57:56,stationary,1,Charging,91,5278000,5800000,6400000,0,1564,16724000,4.181,2,80,0,0x04,0,0
2026-09-28T06:58:01,stationary,1,Charging,91,5278000,5800000,6400000,0,1564,16724000,4.181,2,80,0,0x04,0,0
2026-09-28T06:58:06,stationary,1,Charging,91,5278000,5800000,6400000,0,1564,16724000,4.181,2,80,0,0x04,0,0
2026-09-28T06:58:11,stationary,1,Charging,91,5278000,5800000,6400000,0,1564,16724000,4.181,2,80,0,0x04,0,0
2026-09-28T06:58:16,stationary,1,Charging,91,5278000,5800000,6400000,0,1530,16724000,4.181,2,80,0,0x04,0,0
2026-09-28T06:58:21,stationary,1,Charging,91,5278000,5800000,6400000,0,1530,16748000,4.187,2,80,0,0x04,0,0
2026-09-28T06:58:26,stationary,1,Charging,91,5278000,5800000,6400000,0,1530,16748000,4.187,2,80,0,0x04,0,0
2026-09-28T06:58:31,stationary,1,Charging,91,5278000,5800000,6400000,0,1530,16748000,4.187,2,80,0,0x04,0,0
2026-09-28T06:58:36,stationary,1,Charging,91,5278000,5800000,6400000,0,1496,16724000,4.181,2,80,0,0x04,0,0
2026-09-28T06:58:41,stationary,1,Charging,91,5278000,5800000,6400000,0,1496,16724000,4.181,2,80,0,0x04,0,0
2026-09-28T06:58:46,stationary,1,Charging,91,5278000,5800000,6400000,0,1496,16748000,4.187,2,80,0,0x04,0,0
2026-09-28T06:58:51,stationary,1,Charging,91,5278000,5800000,6400000,0,1496,16748000,4.187,2,80,0,0x04,0,0
2026-09-28T06:58:56,stationary,1,Charging,92,5336000,5800000,6400000,0,1496,16748000,4.187,2,80,0,0x04,0,0
2026-09-28T06:59:01,stationary,1,Charging,92,5336000,5800000,6400000,0,1496,16748000,4.187,2,80,0,0x04,0,0
2026-09-28T06:59:06,stationary,1,Charging,92,5336000,5800000,6400000,0,1496,16748000,4.187,2,80,0,0x04,0,0
2026-09-28T06:59:11,stationary,1,Charging,92,5336000,5800000,6400000,0,1462,16724000,4.181,2,80,0,0x04,0,0
2026-09-28T06:59:16,stationary,1,Charging,92,5336000,5800000,6400000,0,1462,16748000,4.187,2,80,0,0x04,0,0
2026-09-28T06:59:21,stationary,1,Charging,92,5336000,5800000,6400000,0,1462,16748000,4.187,2,80,0,0x04,0,0
2026-09-28T06:59:26,stationary,1,Charging,92,5336000,5800000,6400000,0,1462,16724000,4.181,2,80,0,0x04,0,0
2026-09-28T06:59:31,stationary,1,Charging,92,5336000,5800000,6400000,0,1462,16724000,4.181,2,80,0,0x04,0,0
2026-09-28T06:59:36,stationary,1,Charging,92,5336000,5800000,6400000,0,1462,16748000,4.187,2,80,0,0x04,0,0
2026-09-28T06:59:41,stationary,1,Charging,92,5336000,5800000,6400000,0,1428,16724000,4.181,2,80,0,0x04,0,0
2026-09-28T06:59:46,stationary,1,Charging,92,5336000,5800000,6400000,0,1428,16748000,4.187,2,80,0,0x04,0,0
2026-09-28T06:59:51,stationary,1,Charging,92,5336000,5800000,6400000,0,1428,16724000,4.181,2,80,0,0x04,0,0
2026-09-28T06:59:56,stationary,1,Charging,92,5336000,5800000,6400000,0,1428,16748000,4.187,2,80,0,0x04,0,0
2026-09-28T07:00:01,stationary,1,Charging,92,5336000,5800000,6400000,0,1428,16748000,4.187,2,80,0,0x04,0,0
2026-09-28T07:00:06,stationary,1,Charging,92,5336000,5800000,6400000,0,1428,16748000,4.187,2,80,0,0x04,0,0
2026-09-28T07:00:11,stationary,1,Charging,92,5336000,5800000,6400000,0,1394,16748000,4.187,2,80,0,0x04,0,0
2026-09-28T07:00:16,stationary,1,Charging,92,5336000,5800000,6400000,0,1394,16748000,4.187,2,80,0,0x04,0,0
2026-09-28T07:00:21,stationary,1,Charging,92,5336000,5800000,6400000,0,1394,16724000,4.181,2,80,0,0x04,0,0
2026-09-28T07:00:26,stationary,1,Charging,92,5336000,5800000,6400000,0,1394,16724000,4.181,2,80,0,0x04,0,0
2026-09-28T07:00:31,stationary,1,Charging,92,5336000,5800000,6400000,0,1394,16724000,4.181,2,80,0,0x04,0,0
2026-09-28T07:00:36,stationary,1,Charging,92,5336000,5800000,6400000,0,1394,16748000,4.187,2,80,0,0x04,0,0
2026-09-28T07:00:41,stationary,1,Charging,92,5336000,5800000,6400000,0,1394,16748000,4.187,2,80,0,0x04,0,0
2026-09-28T07:00:46,stationary,1,Charging,92,5336000,5800000,6400000,0,1360,16748000,4.187,2,80,0,0x04,0,0
2026-09-28T07:00:51,stationary,1,Charging,92,5336000,5800000,6400000,0,1360,16748000,4.187,2,80,0,0x04,0,0
2026-09-28T07:00:56,stationary,1,Charging,92,5336000,5800000,6400000,0,1360,16748000,4.187,2,80,0,0x04,0,0
2026-09-28T07:01:01,stationary,1,Charging,92,5336000,5800000,6400000,0,1360,16748000,4.187,2,80,0,0x04,0,0
2026-09-28T07:01:06,stationary,1,Charging,92,5336000,5800000,6400000,0,1360,16724000,4.181,2,80,0,0x04,0,0
2026-09-28T07:01:11,stationary,1,Charging,92,5336000,5800000,6400000,0,1360,16724000,4.181,2,80,0,0x04,0,0
2026-09-28T07:01:16,stationary,1,Charging,92,5336000,5800000,6400000,0,1360,16724000,4.181,2,80,0,0x04,0,0
2026-09-28T07:01:21,stationary,1,Charging,93,5394000,5800000,6400000,0,1326,16724000,4.181,2,80,0,0x04,0,0
2026-09-28T07:01:26,stationary,1,Charging,93,5394000,5800000,6400000,0,1326,16724000,4.181,2,80,0,0x04,0,0
2026-09-28T07:01:31,stationary,1,Charging,93,5394000,5800000,6400000,0,1326,16748000,4.187,2,80,0,0x04,0,0
2026-09-28T07:01:36,stationary,1,Charging,93,5394000,5800000,6400000,0,1326,16748000,4.187,2,80,0,0x04,0,0
2026-09-28T07:01:41,stationary,1,Charging,93,5394000,5800000,6400000,0,1326,16748000,4.187,2,80,0,0x04,0,0
2026-09-28T07:01:46,stationary,1,Charging,93,5394000,5800000,6400000,0,1326,16748000,4.187,2,80,0,0x04,0,0
2026-09-28T07:01:51,stationary,1,Charging,93,5394000,5800000,6400000,0,1292,16748000,4.187,2,80,0,0x04,0,0
2026-09-28T07:01:56,stationary,1,Charging,93,5394000,5800000,6400000,0,1292,16724000,4.181,2,80,0,0x04,0,0
2026-09-28T07:02:01,stationary,1,Charging,93,5394000,5800000,6400000,0,1292,16724000,4.181,2,80,0,0x04,0,0
2026-09-28T07:02:06,stationary,1,Charging,93,5394000,5800000,6400000,0,1292,16724000,4.181,2,80,0,0x04,0,0
2026-09-28T07:02:11,stationary,1,Charging,93,5394000,5800000,6400000,0,1292,16748000,4.187,2,80,0,0x04,0,0
2026-09-28T07:02:16,stationary,1,Charging,93,5394000,5800000,6400000,0,1292,16748000,4.187,2,80,0,0x04,0,0
2026-09-28T07:02:21,stationary,1,Charging,93,5394000,5800000,6400000,0,1292,16748000,4.187,2,80,0,0x04,0,0
2026-09-28T07:02:27,stationary,1,Charging,93,5394000,5800000,6400000,0,1258,16724000,4.181,2,80,0,0x04,0,0
2026-09-28T07:02:32,stationary,1,Charging,93,5394000,5800000,6400000,0,1258,16748000,4.187,2,80,0,0x04,0,0
2026-09-28T07:02:37,stationary,1,Charging,93,5394000,5800000,6400000,0,1258,16748000,4.187,2,80,0,0x04,0,0
2026-09-28T07:02:42,stationary,1,Charging,93,5394000,5800000,6400000,0,1258,16748000,4.187,2,80,0,0x04,0,0
2026-09-28T07:02:47,stationary,1,Charging,93,5394000,5800000,6400000,0,1258,16748000,4.187,2,80,0,0x04,0,0
2026-09-28T07:02:52,stationary,1,Charging,93,5394000,5800000,6400000,0,1258,16748000,4.187,2,80,0,0x04,0,0
2026-09-28T07:02:57,stationary,1,Charging,93,5394000,5800000,6400000,0,1258,16748000,4.187,2,80,0,0x04,0,0
2026-09-28T07:03:02,stationary,1,Charging,93,5394000,5800000,6400000,0,1258,16724000,4.181,2,80,0,0x04,0,0
2026-09-28T07:03:07,stationary,1,Charging,93,5394000,5800000,6400000,0,1224,16748000,4.187,2,80,0,0x04,0,0
2026-09-28T07:03:12,stationary,1,Charging,93,5394000,5800000,6400000,0,1224,16748000,4.187,2,80,0,0x04,0,0
2026-09-28T07:03:17,stationary,1,Charging,93,5394000,5800000,6400000,0,1224,16748000,4.187,2,80,0,0x04,0,0
2026-09-28T07:03:22,stationary,1,Charging,93,5394000,5800000,6400000,0,1224,16724000,4.181,2,80,0,0x04,0,0
2026-09-28T07:03:27,stationary,1,Charging,93,5394000,5800000,6400000,0,1224,16748000,4.187,2,80,0,0x04,0,0
2026-09-28T07:03:32,stationary,1,Charging,93,5394000,5800000,6400000,0,1224,16724000,4.181,2,80,0,0x04,0,0
2026-09-28T07:03:37,stationary,1,Charging,93,5394000,5800000,6400000,0,1190,16724000,4.181,2,80,0,0x04,0,0
2026-09-28T07:03:42,stationary,1,Charging,93,5394000,5800000,6400000,0,1190,16748000,4.187,2,80,0,0x04,0,0
2026-09-28T07:03:47,stationary,1,Charging,93,5394000,5800000,6400000,0,1190,16748000,4.187,2,80,0,0x04,0,0
2026-09-28T07:03:52,stationary,1,Charging,93,5394000,5800000,6400000,0,1190,16748000,4.187,2,80,0,0x04,0,0
2026-09-28T07:03:57,stationary,1,Charging,93,5394000,5800000,6400000,0,1190,16748000,4.187,2,80,0,0x04,0,0
2026-09-28T07:04:02,stationary,1,Charging,93,5394000,5800000,6400000,0,1190,16724000,4.181,2,80,0,0x04,0,0
2026-09-28T07:04:07,stationary,1,Charging,94,5452000,5800000,6400000,0,1190,16724000,4.181,2,80,0,0x04,0,0
2026-09-28T07:04:12,stationary,1,Charging,94,5452000,5800000,6400000,0,1190,16748000,4.187,2,80,0,0x04,0,0
2026-09-28T07:04:17,stationary,1,Charging,94,5452000,5800000,6400000,0,1156,16748000,4.187,2,80,0,0x04,0,0
2026-09-28T07:04:22,stationary,1,Charging,94,5452000,5800000,6400000,0,1156,16748000,4.187,2,80,0,0x04,0,0
2026-09-28T07:04:27,stationary,1,Charging,94,5452000,5800000,6400000,0,1156,16724000,4.181,2,80,0,0x04,0,0
2026-09-28T07:04:32,stationary,1,Charging,94,5452000,5800000,6400000,0,1156,16724000,4.181,2,80,0,0x04,0,0
2026-09-28T07:04:37,stationary,1,Charging,94,5452000,5800000,6400000,0,1156,16724000,4.181,2,80,0,0x04,0,0
2026-09-28T07:04:42,stationary,1,Charging,94,5452000,5800000,6400000,0,1122,16724000,4.181,2,80,0,0x04,0,0
2026-09-28T07:04:47,stationary,1,Charging,94,5452000,5800000,6400000,0,1122,16748000,4.187,2,80,0,0x04,0,0
2026-09-28T07:04:52,stationary,1,Charging,94,5452000,5800000,6400000,0,1122,16748000,4.187,2,80,0,0x04,0,0
2026-09-28T07:04:57,stationary,1,Charging,94,5452000,5800000,6400000,0,1122,16748000,4.187,2,80,0,0x04,0,0
2026-09-28T07:05:02,stationary,1,Charging,94,5452000,5800000,6400000,0,1122,16748000,4.187,2,80,0,0x04,0,0
2026-09-28T07:05:07,stationary,1,Charging,94,5452000,5800000,6400000,0,1122,16724000,4.181,2,80,0,0x04,0,0
2026-09-28T07:05:12,stationary,1,Charging,94,5452000,5800000,6400000,0,1122,16748000,4.187,2,80,0,0x04,0,0
2026-09-28T07:05:17,stationary,1,Charging,94,5452000,5800000,6400000,0,1122,16748000,4.187,2,80,0,0x04,0,0
2026-09-28T07:05:22,stationary,1,Charging,94,5452000,5800000,6400000,0,1122,16724000,4.181,2,80,0,0x04,0,0
2026-09-28T07:05:27,stationary,1,Charging,94,5452000,5800000,6400000,0,1122,16748000,4.187,2,80,0,0x04,0,0
2026-09-28T07:05:32,stationary,1,Charging,94,5452000,5800000,6400000,0,1122,16748000,4.187,2,80,0,0x04,0,0
2026-09-28T07:05:37,stationary,1,Charging,94,5452000,5800000,6400000,0,1088,16748000,4.187,2,80,0,0x04,0,0
2026-09-28T07:05:42,stationary,1,Charging,94,5452000,5800000,6400000,0,1088,16748000,4.187,2,80,0,0x04,0,0
2026-09-28T07:05:47,stationary,1,Charging,94,5452000,5800000,6400000,0,1088,16748000,4.187,2,80,0,0x04,0,0
2026-09-28T07:05:52,stationary,1,Charging,94,5452000,5800000,6400000,0,1088,16748000,4.187,2,80,0,0x04,0,0
2026-09-28T07:05:57,stationary,1,Charging,94,5452000,5800000,6400000,0,1088,16748000,4.187,2,80,0,0x04,0,0
2026-09-28T07:06:02,stationary,1,Charging,94,5452000,5800000,6400000,0,1088,16748000,4.187,2,80,0,0x04,0,0
2026-09-28T07:06:07,stationary,1,Charging,94,5452000,5800000,6400000,0,1088,16748000,4.187,2,80,0,0x04,0,0
2026-09-28T07:06:12,stationary,1,Charging,94,5452000,5800000,6400000,0,1088,16748000,4.187,2,80,0,0x04,0,0
2026-09-28T07:06:17,stationary,1,Charging,94,5452000,5800000,6400000,0,1088,16748000,4.187,2,80,0,0x04,0,0
2026-09-28T07:06:22,stationary,1,Charging,94,5452000,5800000,6400000,0,1054,16748000,4.187,2,80,0,0x04,0,0
2026-09-28T07:06:27,stationary,1,Charging,94,5452000,5800000,6400000,0,1054,16748000,4.187,2,80,0,0x04,0,0
2026-09-28T07:06:32,stationary,1,Charging,94,5452000,5800000,6400000,0,1054,16748000,4.187,2,80,0,0x04,0,0
2026-09-28T07:06:37,stationary,1,Charging,94,5452000,5800000,6400000,0,1054,16748000,4.187,2,80,0,0x04,0,0
2026-09-28T07:06:42,stationary,1,Charging,94,5452000,5800000,6400000,0,1054,16748000,4.187,2,80,0,0x04,0,0
2026-09-28T07:06:47,stationary,1,Charging,94,5452000,5800000,6400000,0,1054,16724000,4.181,2,80,0,0x04,0,0
2026-09-28T07:06:52,stationary,1,Charging,94,5452000,5800000,6400000,0,1054,16748000,4.187,2,80,0,0x04,0,0
2026-09-28T07:06:57,stationary,1,Charging,94,5452000,5800000,6400000,0,1054,16748000,4.187,2,80,0,0x04,0,0
2026-09-28T07:07:02,stationary,1,Charging,94,5452000,5800000,6400000,0,1020,16748000,4.187,2,80,0,0x04,0,0
2026-09-28T07:07:07,stationary,1,Charging,94,5452000,5800000,6400000,0,1020,16748000,4.187,2,80,0,0x04,0,0
2026-09-28T07:07:12,stationary,1,Charging,94,5452000,5800000,6400000,0,1020,16724000,4.181,2,80,0,0x04,0,0
2026-09-28T07:07:17,stationary,1,Charging,95,5510000,5800000,6400000,0,1020,16724000,4.181,2,80,0,0x04,0,0
2026-09-28T07:07:22,stationary,1,Charging,95,5510000,5800000,6400000,0,1020,16748000,4.187,2,80,0,0x04,0,0
2026-09-28T07:07:27,stationary,1,Charging,95,5510000,5800000,6400000,0,1020,16748000,4.187,2,80,0,0x04,0,0
2026-09-28T07:07:32,stationary,1,Charging,95,5510000,5800000,6400000,0,1020,16748000,4.187,2,80,0,0x04,0,0
2026-09-28T07:07:37,stationary,1,Charging,95,5510000,5800000,6400000,0,1020,16748000,4.187,2,80,0,0x04,0,0
2026-09-28T07:07:42,stationary,1,Charging,95,5510000,5800000,6400000,0,1020,16748000,4.187,2,80,0,0x04,0,0
2026-09-28T07:07:47,stationary,1,Charging,95,5510000,5800000,6400000,0,1020,16748000,4.187,2,80,0,0x04,0,0
2026-09-28T07:07:52,stationary,1,Charging,95,5510000,5800000,6400000,0,986,16748000,4.187,2,80,0,0x04,0,0
2026-09-28T07:07:57,stationary,1,Charging,95,5510000,5800000,6400000,0,986,16748000,4.187,2,80,0,0x04,0,0
2026-09-28T07:08:02,stationary,1,Charging,95,5510000,5800000,6400000,0,986,16748000,4.187,2,80,0,0x04,0,0
2026-09-28T07:08:07,stationary,1,Charging,95,5510000,5800000,6400000,0,986,16748000,4.187,2,80,0,0x04,0,0
2026-09-28T07:08:12,stationary,1,Charging,95,5510000,5800000,6400000,0,986,16748000,4.187,2,80,0,0x04,0,0
2026-09-28T07:08:17,stationary,1,Charging,95,5510000,5800000,6400000,0,986,16748000,4.187,2,80,0,0x04,0,0
2026-09-28T07:08:22,stationary,1,Charging,95,5510000,5800000,6400000,0,986,16748000,4.187,2,80,0,0x04,0,0
2026-09-28T07:08:27,stationary,1,Charging,95,5510000,5800000,6400000,0,986,16748000,4.187,2,80,0,0x04,0,0
2026-09-28T07:08:33,stationary,1,Charging,95,5510000,5800000,6400000,0,986,16748000,4.187,2,80,0,0x04,0,0
2026-09-28T07:08:38,stationary,1,Charging,95,5510000,5800000,6400000,0,986,16748000,4.187,2,80,0,0x04,0,0
2026-09-28T07:08:43,stationary,1,Charging,95,5510000,5800000,6400000,0,952,16748000,4.187,2,80,0,0x04,0,0
2026-09-28T07:08:48,stationary,1,Charging,95,5510000,5800000,6400000,0,952,16748000,4.187,2,80,0,0x04,0,0
2026-09-28T07:08:53,stationary,1,Charging,95,5510000,5800000,6400000,0,952,16748000,4.187,2,80,0,0x04,0,0
2026-09-28T07:08:58,stationary,1,Charging,95,5510000,5800000,6400000,0,952,16748000,4.187,2,80,0,0x04,0,0
2026-09-28T07:09:03,stationary,1,Charging,95,5510000,5800000,6400000,0,952,16748000,4.187,2,80,0,0x04,0,0
2026-09-28T07:09:08,stationary,1,Charging,95,5510000,5800000,6400000,0,952,16748000,4.187,2,80,0,0x04,0,0
2026-09-28T07:09:13,stationary,1,Charging,95,5510000,5800000,6400000,0,952,16748000,4.187,2,80,0,0x04,0,0
2026-09-28T07:09:18,stationary,1,Charging,95,5510000,5800000,6400000,0,952,16748000,4.187,2,80,0,0x04,0,0
2026-09-28T07:09:23,stationary,1,Charging,95,5510000,5800000,6400000,0,918,16748000,4.187,2,80,0,0x04,0,0
2026-09-28T07:09:28,stationary,1,Charging,95,5510000,5800000,6400000,0,918,16748000,4.187,2,80,0,0x04,0,0
2026-09-28T07:09:33,stationary,1,Charging,95,5510000,5800000,6400000,0,918,16748000,4.187,2,80,0,0x04,0,0
2026-09-28T07:09:38,stationary,1,Charging,95,5510000,5800000,6400000,0,918,16748000,4.187,2,80,0,0x04,0,0
2026-09-28T07:09:43,stationary,1,Charging,95,5510000,5800000,6400000,0,918,16724000,4.181,2,80,0,0x04,0,0
2026-09-28T07:09:48,stationary,1,Charging,95,5510000,5800000,6400000,0,918,16724000,4.181,2,80,0,0x04,0,0
2026-09-28T07:09:53,stationary,1,Charging,95,5510000,5800000,6400000,0,918,16748000,4.187,2,80,0,0x04,0,0
2026-09-28T07:09:58,stationary,1,Charging,95,5510000,5800000,6400000,0,918,16748000,4.187,2,80,0,0x04,0,0
2026-09-28T07:10:03,stationary,1,Charging,95,5510000,5800000,6400000,0,918,16748000,4.187,2,80,0,0x04,0,0
2026-09-28T07:10:08,stationary,1,Charging,95,5510000,5800000,6400000,0,918,16748000,4.187,2,80,0,0x04,0,0
2026-09-28T07:10:13,stationary,1,Charging,95,5510000,5800000,6400000,0,918,16748000,4.187,2,80,0,0x04,0,0
2026-09-28T07:10:18,stationary,1,Charging,95,5510000,5800000,6400000,0,918,16748000,4.187,2,80,0,0x04,0,0
2026-09-28T07:10:23,stationary,1,Charging,95,5510000,5800000,6400000,0,884,16748000,4.187,2,80,0,0x04,0,0
2026-09-28T07:10:28,stationary,1,Charging,95,5510000,5800000,6400000,0,884,16748000,4.187,2,80,0,0x04,0,0
2026-09-28T07:10:33,stationary,1,Charging,95,5510000,5800000,6400000,0,884,16724000,4.181,2,80,0,0x04,0,0
2026-09-28T07:10:38,stationary,1,Charging,95,5510000,5800000,6400000,0,884,16748000,4.187,2,80,0,0x04,0,0
2026-09-28T07:10:43,stationary,1,Charging,95,5510000,5800000,6400000,0,884,16748000,4.187,2,80,0,0x04,0,0
2026-09-28T07:10:48,stationary,1,Charging,95,5510000,5800000,6400000,0,884,16748000,4.187,2,80,0,0x04,0,0
2026-09-28T07:10:53,stationary,1,Charging,95,5510000,5800000,6400000,0,884,16724000,4.181,2,80,0,0x04,0,0
2026-09-28T07:10:58,stationary,1,Charging,96,5568000,5800000,6400000,0,884,16748000,4.187,2,80,0,0x04,0,0
2026-09-28T07:11:03,stationary,1,Charging,96,5568000,5800000,6400000,0,884,16748000,4.187,2,80,0,0x04,0,0
2026-09-28T07:11:08,stationary,1,Charging,96,5568000,5800000,6400000,0,884,16748000,4.187,2,80,0,0x04,0,0
2026-09-28T07:11:13,stationary,1,Charging,96,5568000,5800000,6400000,0,884,16748000,4.187,2,80,0,0x04,0,0
2026-09-28T07:11:18,stationary,1,Charging,96,5568000,5800000,6400000,0,884,16748000,4.187,2,80,0,0x04,0,0
2026-09-28T07:11:23,stationary,1,Charging,96,5568000,5800000,6400000,0,884,16748000,4.187,2,80,0,0x04,0,0
2026-09-28T07:11:28,stationary,1,Charging,96,5568000,5800000,6400000,0,884,16748000,4.187,2,80,0,0x04,0,0
2026-09-28T07:11:33,stationary,1,Charging,96,5568000,5800000,6400000,0,884,16748000,4.187,2,80,0,0x04,0,0
2026-09-28T07:11:38,stationary,1,Charging,96,5568000,5800000,6400000,0,884,16748000,4.187,2,80,0,0x04,0,0
2026-09-28T07:11:43,stationary,1,Charging,96,5568000,5800000,6400000,0,850,16748000,4.187,2,80,0,0x04,0,0
2026-09-28T07:11:48,stationary,1,Charging,96,5568000,5800000,6400000,0,850,16748000,4.187,2,80,0,0x04,0,0
2026-09-28T07:11:53,stationary,1,Charging,96,5568000,5800000,6400000,0,850,16748000,4.187,2,80,0,0x04,0,0
2026-09-28T07:11:58,stationary,1,Charging,96,5568000,5800000,6400000,0,850,16748000,4.187,2,80,0,0x04,0,0
2026-09-28T07:12:03,stationary,1,Charging,96,5568000,5800000,6400000,0,850,16748000,4.187,2,80,0,0x04,0,0
2026-09-28T07:12:08,stationary,1,Charging,96,5568000,5800000,6400000,0,850,16748000,4.187,2,80,0,0x04,0,0
2026-09-28T07:12:13,stationary,1,Charging,96,5568000,5800000,6400000,0,850,16748000,4.187,2,80,0,0x04,0,0
2026-09-28T07:12:18,stationary,1,Charging,96,5568000,5800000,6400000,0,850,16748000,4.187,2,80,0,0x04,0,0
2026-09-28T07:12:23,stationary,1,Charging,96,5568000,5800000,6400000,0,816,16748000,4.187,2,80,0,0x04,0,0
2026-09-28T07:12:28,stationary,1,Charging,96,5568000,5800000,6400000,0,816,16748000,4.187,2,80,0,0x04,0,0
2026-09-28T07:12:33,stationary,1,Charging,96,5568000,5800000,6400000,0,816,16748000,4.187,2,80,0,0x04,0,0
2026-09-28T07:12:38,stationary,1,Charging,96,5568000,5800000,6400000,0,816,16748000,4.187,2,80,0,0x04,0,0
2026-09-28T07:12:43,stationary,1,Charging,96,5568000,5800000,6400000,0,816,16748000,4.187,2,80,0,0x04,0,0
2026-09-28T07:12:48,stationary,1,Charging,96,5568000,5800000,6400000,0,816,16748000,4.187,2,80,0,0x04,0,0
2026-09-28T07:12:53,stationary,1,Charging,96,5568000,5800000,6400000,0,816,16748000,4.187,2,80,0,0x04,0,0
2026-09-28T07:12:58,stationary,1,Charging,97,5626000,5800000,6400000,0,816,16748000,4.187,2,80,0,0x04,0,0
2026-09-28T07:13:03,stationary,1,Charging,97,5626000,5800000,6400000,0,816,16748000,4.187,2,80,0,0x04,0,0
2026-09-28T07:13:08,stationary,1,Charging,97,5626000,5800000,6400000,0,816,16748000,4.187,2,80,0,0x04,0,0
2026-09-28T07:13:13,stationary,1,Charging,97,5626000,5800000,6400000,0,816,16748000,4.187,2,80,0,0x04,0,0
2026-09-28T07:13:18,stationary,1,Charging,97,5626000,5800000,6400000,0,816,16748000,4.187,2,80,0,0x04,0,0
2026-09-28T07:13:23,stationary,1,Charging,97,5626000,5800000,6400000,0,782,16748000,4.187,2,80,0,0x04,0,0
2026-09-28T07:13:28,stationary,1,Charging,97,5626000,5800000,6400000,0,782,16748000,4.187,2,80,0,0x04,0,0
2026-09-28T07:13:33,stationary,1,Charging,97,5626000,5800000,6400000,0,782,16748000,4.187,2,80,0,0x04,0,0
2026-09-28T07:13:38,stationary,1,Charging,97,5626000,5800000,6400000,0,782,16748000,4.187,2,80,0,0x04,0,0
2026-09-28T07:13:43,stationary,1,Charging,97,5626000,5800000,6400000,0,782,16748000,4.187,2,80,0,0x04,0,0
2026-09-28T07:13:48,stationary,1,Charging,97,5626000,5800000,6400000,0,782,16748000,4.187,2,80,0,0x04,0,0
2026-09-28T07:13:53,stationary,1,Charging,97,5626000,5800000,6400000,0,782,16748000,4.187,2,80,0,0x04,0,0
2026-09-28T07:13:58,stationary,1,Charging,97,5626000,5800000,6400000,0,782,16748000,4.187,2,80,0,0x04,0,0
2026-09-28T07:14:03,stationary,1,Charging,97,5626000,5800000,6400000,0,782,16748000,4.187,2,80,0,0x04,0,0
2026-09-28T07:14:08,stationary,1,Charging,97,5626000,5800000,6400000,0,782,16748000,4.187,2,80,0,0x04,0,0
2026-09-28T07:14:13,stationary,1,Charging,97,5626000,5800000,6400000,0,782,16748000,4.187,2,80,0,0x04,0,0
2026-09-28T07:14:18,stationary,1,Charging,97,5626000,5800000,6400000,0,748,16748000,4.187,2,80,0,0x04,0,0
2026-09-28T07:14:23,stationary,1,Charging,97,5626000,5800000,6400000,0,748,16748000,4.187,2,80,0,0x04,0,0
2026-09-28T07:14:29,stationary,1,Charging,97,5626000,5800000,6400000,0,748,16748000,4.187,2,80,0,0x04,0,0
2026-09-28T07:14:34,stationary,1,Charging,97,5626000,5800000,6400000,0,748,16748000,4.187,2,80,0,0x04,0,0
2026-09-28T07:14:39,stationary,1,Charging,97,5626000,5800000,6400000,0,748,16748000,4.187,2,80,0,0x04,0,0
2026-09-28T07:14:44,stationary,1,Charging,97,5626000,5800000,6400000,0,748,16748000,4.187,2,80,0,0x04,0,0
2026-09-28T07:14:49,stationary,1,Charging,97,5626000,5800000,6400000,0,748,16748000,4.187,2,80,0,0x04,0,0
2026-09-28T07:14:54,stationary,1,Charging,97,5626000,5800000,6400000,0,748,16748000,4.187,2,80,0,0x04,0,0
2026-09-28T07:14:59,stationary,1,Charging,97,5626000,5800000,6400000,0,748,16724000,4.181,2,80,0,0x04,0,0
2026-09-28T07:15:04,stationary,1,Charging,97,5626000,5800000,6400000,0,748,16748000,4.187,2,80,0,0x04,0,0
2026-09-28T07:15:09,stationary,1,Charging,97,5626000,5800000,6400000,0,748,16748000,4.187,2,80,0,0x04,0,0
2026-09-28T07:15:14,stationary,1,Charging,98,5684000,5800000,6400000,0,748,16748000,4.187,2,80,0,0x04,0,0
2026-09-28T07:15:19,stationary,1,Charging,98,5684000,5800000,6400000,0,748,16748000,4.187,2,80,0,0x04,0,0
2026-09-28T07:15:24,stationary,1,Charging,98,5684000,5800000,6400000,0,748,16748000,4.187,2,80,0,0x04,0,0
2026-09-28T07:15:29,stationary,1,Charging,98,5684000,5800000,6400000,0,748,16748000,4.187,2,80,0,0x04,0,0
2026-09-28T07:15:34,stationary,1,Charging,98,5684000,5800000,6400000,0,748,16748000,4.187,2,80,0,0x04,0,0
2026-09-28T07:15:39,stationary,1,Charging,98,5684000,5800000,6400000,0,714,16748000,4.187,2,80,0,0x04,0,0
2026-09-28T07:15:44,stationary,1,Charging,98,5684000,5800000,6400000,0,714,16748000,4.187,2,80,0,0x04,0,0
2026-09-28T07:15:49,stationary,1,Charging,98,5684000,5800000,6400000,0,714,16748000,4.187,2,80,0,0x04,0,0
2026-09-28T07:15:54,stationary,1,Charging,98,5684000,5800000,6400000,0,714,16748000,4.187,2,80,0,0x04,0,0
2026-09-28T07:15:59,stationary,1,Charging,98,5684000,5800000,6400000,0,714,16748000,4.187,2,80,0,0x04,0,0
2026-09-28T07:16:04,stationary,1,Charging,98,5684000,5800000,6400000,0,714,16748000,4.187,2,80,0,0x04,0,0
2026-09-28T07:16:09,stationary,1,Charging,98,5684000,5800000,6400000,0,714,16748000,4.187,2,80,0,0x04,0,0
2026-09-28T07:16:14,stationary,1,Charging,98,5684000,5800000,6400000,0,714,16748000,4.187,2,80,0,0x04,0,0
2026-09-28T07:16:19,stationary,1,Charging,98,5684000,5800000,6400000,0,714,16748000,4.187,2,80,0,0x04,0,0
2026-09-28T07:16:24,stationary,1,Charging,98,5684000,5800000,6400000,0,714,16748000,4.187,2,80,0,0x04,0,0
2026-09-28T07:16:29,stationary,1,Charging,98,5684000,5800000,6400000,0,714,16748000,4.187,2,80,0,0x04,0,0
2026-09-28T07:16:34,stationary,1,Charging,98,5684000,5800000,6400000,0,714,16748000,4.187,2,80,0,0x04,0,0
2026-09-28T07:16:39,stationary,1,Charging,98,5684000,5800000,6400000,0,714,16748000,4.187,2,80,0,0x04,0,0
2026-09-28T07:16:44,stationary,1,Charging,98,5684000,5800000,6400000,0,714,16748000,4.187,2,80,0,0x04,0,0
2026-09-28T07:16:49,stationary,1,Charging,98,5684000,5800000,6400000,0,714,16748000,4.187,2,80,0,0x04,0,0
2026-09-28T07:16:54,stationary,1,Charging,98,5684000,5800000,6400000,0,680,16748000,4.187,2,80,0,0x04,0,0
2026-09-28T07:16:59,stationary,1,Charging,98,5684000,5800000,6400000,0,680,16748000,4.187,2,80,0,0x04,0,0
2026-09-28T07:17:04,stationary,1,Charging,98,5684000,5800000,6400000,0,680,16748000,4.187,2,80,0,0x04,0,0
2026-09-28T07:17:09,stationary,1,Charging,98,5684000,5800000,6400000,0,680,16748000,4.187,2,80,0,0x04,0,0
2026-09-28T07:17:14,stationary,1,Charging,98,5684000,5800000,6400000,0,680,16748000,4.187,2,80,0,0x04,0,0
2026-09-28T07:17:19,stationary,1,Charging,98,5684000,5800000,6400000,0,680,16748000,4.187,2,80,0,0x04,0,0
2026-09-28T07:17:24,stationary,1,Charging,98,5684000,5800000,6400000,0,680,16748000,4.187,2,80,0,0x04,0,0
2026-09-28T07:17:29,stationary,1,Charging,98,5684000,5800000,6400000,0,680,16748000,4.187,2,80,0,0x04,0,0
2026-09-28T07:17:34,stationary,1,Charging,98,5684000,5800000,6400000,0,680,16748000,4.187,2,80,0,0x04,0,0
2026-09-28T07:17:39,stationary,1,Charging,99,5742000,5800000,6400000,0,680,16748000,4.187,2,80,0,0x04,0,0
2026-09-28T07:17:44,stationary,1,Charging,99,5742000,5800000,6400000,0,680,16748000,4.187,2,80,0,0x04,0,0
2026-09-28T07:17:49,stationary,1,Charging,99,5742000,5800000,6400000,0,680,16748000,4.187,2,80,0,0x04,0,0
2026-09-28T07:17:54,stationary,1,Charging,99,5742000,5800000,6400000,0,680,16748000,4.187,2,80,0,0x04,0,0
2026-09-28T07:17:59,stationary,1,Charging,99,5742000,5800000,6400000,0,680,16748000,4.187,2,80,0,0x04,0,0
2026-09-28T07:18:04,stationary,1,Charging,99,5742000,5800000,6400000,0,646,16748000,4.187,2,80,0,0x04,0,0
2026-09-28T07:18:09,stationary,1,Charging,99,5742000,5800000,6400000,0,646,16748000,4.187,2,80,0,0x04,0,0
2026-09-28T07:18:14,stationary,1,Charging,99,5742000,5800000,6400000,0,646,16748000,4.187,2,80,0,0x04,0,0
2026-09-28T07:18:19,stationary,1,Charging,99,5742000,5800000,6400000,0,646,16748000,4.187,,80,0,0x04,0,0
2026-09-28T07:18:24,stationary,1,Charging,99,5742000,5800000,6400000,0,646,16748000,4.187,2,80,0,0x04,0,0
2026-09-28T07:18:29,stationary,1,Charging,99,5742000,5800000,6400000,0,646,16748000,4.187,2,80,0,0x04,0,0
2026-09-28T07:18:34,stationary,1,Charging,99,5742000,5800000,6400000,0,646,16748000,4.187,2,80,0,0x04,0,0
2026-09-28T07:18:39,stationary,1,Charging,99,5742000,5800000,6400000,0,646,16748000,4.187,2,80,0,0x04,0,0
2026-09-28T07:18:44,stationary,1,Charging,99,5742000,5800000,6400000,0,646,16748000,4.187,2,80,0,0x04,0,0
2026-09-28T07:18:49,stationary,1,Charging,99,5742000,5800000,6400000,0,646,16748000,4.187,2,80,0,0x04,0,0
2026-09-28T07:18:54,stationary,1,Charging,99,5742000,5800000,6400000,0,646,16748000,4.187,2,80,0,,,
2026-09-28T07:18:59,stationary,1,Charging,99,5742000,5800000,6400000,0,646,16748000,4.187,2,80,0,0x04,0,0
2026-09-28T07:19:04,stationary,1,Charging,99,5742000,5800000,6400000,0,646,16748000,4.187,2,80,0,0x04,0,0
2026-09-28T07:19:09,stationary,1,Charging,99,5742000,5800000,6400000,0,646,16748000,4.187,2,80,0,0x04,0,0
2026-09-28T07:19:14,stationary,1,Charging,99,5742000,5800000,6400000,0,646,16748000,4.187,2,80,0,0x04,0,0
2026-09-28T07:19:19,stationary,1,Charging,99,5742000,5800000,6400000,0,646,16748000,4.187,2,80,0,0x04,0,0
2026-09-28T07:19:24,stationary,1,Charging,99,5742000,5800000,6400000,0,646,16748000,4.187,2,80,0,0x04,0,0
2026-09-28T07:19:29,stationary,1,Charging,99,5742000,5800000,6400000,0,646,16748000,4.187,2,80,0,0x04,0,0
2026-09-28T07:19:34,stationary,1,Charging,99,5742000,5800000,6400000,0,612,16748000,4.187,2,80,0,0x04,0,0
2026-09-28T07:19:39,stationary,1,Charging,99,5742000,5800000,6400000,0,612,16748000,4.187,2,80,0,0x04,0,0
2026-09-28T07:19:44,stationary,1,Charging,99,5742000,5800000,6400000,0,612,16748000,4.187,2,80,0,0x04,0,0
2026-09-28T07:19:49,stationary,1,Charging,99,5742000,5800000,6400000,0,612,16748000,4.187,2,80,0,0x04,0,0
2026-09-28T07:19:54,stationary,1,Charging,99,5742000,5800000,6400000,0,612,16748000,4.187,2,80,0,0x04,0,0
2026-09-28T07:19:59,stationary,1,Charging,99,5742000,5800000,6400000,0,612,16748000,4.187,2,80,0,0x04,0,0
2026-09-28T07:20:04,stationary,1,Charging,99,5742000,5800000,6400000,0,612,16748000,4.187,2,80,0,0x04,0,0
2026-09-28T07:20:09,stationary,1,Charging,99,5742000,5800000,6400000,0,612,16748000,4.187,2,80,0,0x04,0,0
2026-09-28T07:20:14,stationary,1,Charging,99,5742000,5800000,6400000,0,612,16748000,4.187,2,80,0,0x04,0,0
2026-09-28T07:20:19,stationary,1,Charging,99,5742000,5800000,6400000,0,612,16748000,4.187,2,80,0,0x04,0,0
2026-09-28T07:20:25,stationary,1,Not charging,100,5800000,5800000,6400000,0,612,16748000,4.187,2,80,0,0x04,0,0
2026-09-28T07:20:30,stationary,1,Not charging,100,5800000,5800000,6400000,0,612,16748000,4.187,2,80,0,0x04,0,0
2026-09-28T07:20:35,stationary,1,Not charging,100,5800000,5800000,6400000,0,612,16748000,4.187,2,80,0,0x04,0,0
2026-09-28T07:20:40,stationary,1,Not charging,100,5800000,5800000,6400000,0,612,16748000,4.187,2,80,0,0x04,0,0
2026-09-28T07:20:45,stationary,1,Not charging,100,5800000,5800000,6400000,0,612,16748000,4.187,2,80,0,0x04,0,0
2026-09-28T07:20:50,stationary,1,Not charging,100,5800000,5800000,6400000,0,612,16748000,4.187,2,80,0,0x04,0,0
2026-09-28T07:20:55,stationary,1,Not charging,100,5800000,5800000,6400000,0,612,16748000,4.187,2,80,0,0x04,0,0
2026-09-28T07:21:00,stationary,1,Not charging,100,5800000,5800000,6400000,0,612,16748000,4.187,2,80,0,0x04,0,0
2026-09-28T07:21:05,stationary,1,Not charging,100,5800000,5800000,6400000,0,578,16748000,4.187,2,80,0,0x04,0,0
2026-09-28T07:21:10,stationary,1,Not charging,100,5800000,5800000,6400000,0,578,16748000,4.187,2,80,0,0x04,0,0
2026-09-28T07:21:15,stationary,1,Not charging,100,5800000,5800000,6400000,0,578,16748000,4.187,2,80,0,0x04,0,0
2026-09-28T07:21:20,stationary,1,Not charging,100,5800000,5800000,6400000,0,578,16748000,4.187,2,80,0,0x04,0,0
2026-09-28T07:21:25,stationary,1,Not charging,100,5800000,5800000,6400000,0,578,16748000,4.187,2,80,0,0x04,0,0
2026-09-28T07:21:30,stationary,1,Not charging,100,5800000,5800000,6400000,0,578,16748000,4.187,2,80,0,0x04,0,0
2026-09-28T07:21:35,stationary,1,Not charging,100,5800000,5800000,6400000,0,578,16748000,4.187,2,80,0,0x04,0,0
2026-09-28T07:21:40,stationary,1,Not charging,100,5800000,5800000,6400000,0,578,16748000,4.187,2,80,0,0x04,0,0
2026-09-28T07:21:45,stationary,1,Not charging,100,5800000,5800000,6400000,0,578,16748000,4.187,2,80,0,0x04,0,0
2026-09-28T07:21:50,stationary,1,Not charging,100,5800000,5800000,6400000,0,578,16748000,4.187,2,80,0,0x04,0,0
2026-09-28T07:21:55,stationary,1,Not charging,100,5800000,5800000,6400000,0,578,16748000,4.187,2,80,0,0x04,0,0
2026-09-28T07:22:00,stationary,1,Not charging,100,5800000,5800000,6400000,0,578,16748000,4.187,2,80,0,0x04,0,0
2026-09-28T07:22:05,stationary,1,Not charging,100,5800000,5800000,6400000,0,578,16748000,4.187,2,80,0,0x04,0,0
2026-09-28T07:22:10,stationary,1,Not charging,100,5800000,5800000,6400000,0,578,16748000,4.187,2,80,0,0x04,0,0
2026-09-28T07:22:15,stationary,1,Not charging,100,5800000,5800000,6400000,0,578,16748000,4.187,2,80,0,0x04,0,0
2026-09-28T07:22:20,stationary,1,Not charging,100,5800000,5800000,6400000,0,578,16748000,4.187,2,80,0,0x04,0,0
2026-09-28T07:22:25,stationary,1,Not charging,100,5800000,5800000,6400000,0,544,16748000,4.187,2,80,0,0x04,0,0
2026-09-28T07:22:30,stationary,1,Not charging,100,5800000,5800000,6400000,0,544,16748000,4.187,2,80,0,0x04,0,0
2026-09-28T07:22:35,stationary,1,Not charging,100,5800000,5800000,6400000,0,544,16748000,4.187,2,80,0,0x04,0,0
2026-09-28T07:22:40,stationary,1,Not charging,100,5800000,5800000,6400000,0,544,16748000,4.187,2,80,0,0x04,0,0
2026-09-28T07:22:45,stationary,1,Not charging,100,5800000,5800000,6400000,0,544,16748000,4.187,2,80,0,0x04,0,0
2026-09-28T07:22:50,stationary,1,Not charging,100,5800000,5800000,6400000,0,544,16748000,4.187,2,80,0,0x04,0,0
2026-09-28T07:22:55,stationary,1,Not charging,100,5800000,5800000,6400000,0,544,16748000,4.187,2,80,0,0x04,0,0
2026-09-28T07:23:00,stationary,1,Not charging,100,5800000,5800000,6400000,0,544,16748000,4.187,2,80,0,0x04,0,0
2026-09-28T07:23:05,stationary,1,Not charging,100,5800000,5800000,6400000,0,544,16748000,4.187,2,80,0,0x04,0,0
2026-09-28T07:23:10,stationary,1,Not charging,100,5800000,5800000,6400000,0,544,16748000,4.187,2,80,0,0x04,0,0
2026-09-28T07:23:15,stationary,1,Not charging,100,5800000,5800000,6400000,0,544,16748000,4.187,2,80,0,0x04,0,0
2026-09-28T07:23:20,stationary,1,Not charging,100,5800000,5800000,6400000,0,544,16748000,4.187,2,80,0,0x04,0,0
2026-09-28T07:23:25,stationary,1,Not charging,100,5800000,5800000,6400000,0,544,16748000,4.187,2,80,0,0x04,0,0
2026-09-28T07:23:30,stationary,1,Not charging,100,5800000,5800000,6400000,0,544,16748000,4.187,2,80,0,0x04,0,0
2026-09-28T07:23:35,stationary,1,Not charging,100,5800000,5800000,6400000,0,544,16748000,4.187,2,80,0,0x04,0,0
2026-09-28T07:23:40,stationary,1,Not charging,100,5800000,5800000,6400000,0,544,16748000,4.187,2,80,0,0x04,0,0
2026-09-28T07:23:45,stationary,1,Not charging,100,5800000,5800000,6400000,0,544,16748000,4.187,2,80,0,0x04,0,0
2026-09-28T07:23:50,stationary,1,Not charging,100,5800000,5800000,6400000,0,544,16748000,4.187,2,80,0,0x04,0,0
2026-09-28T07:23:55,stationary,1,Not charging,100,5800000,5800000,6400000,0,544,16748000,4.187,2,80,0,0x04,0,0
2026-09-28T07:24:00,stationary,1,Not charging,100,5800000,5800000,6400000,0,544,16748000,4.187,2,80,0,0x04,0,0
2026-09-28T07:24:05,stationary,1,Not charging,100,5800000,5800000,6400000,0,544,16748000,4.187,2,80,0,0x04,0,0
2026-09-28T07:24:10,stationary,1,Not charging,100,5800000,5800000,6400000,0,544,16748000,4.187,2,80,0,0x04,0,0
2026-09-28T07:24:15,stationary,1,Not charging,100,5800000,5800000,6400000,0,544,16748000,4.187,2,80,0,0x04,0,0
2026-09-28T07:24:20,stationary,1,Not charging,100,5800000,5800000,6400000,0,544,16748000,4.187,2,80,0,0x04,0,0
2026-09-28T07:24:25,stationary,1,Not charging,100,5800000,5800000,6400000,0,544,16748000,4.187,2,80,0,0x04,0,0
2026-09-28T07:24:30,stationary,1,Not charging,100,5800000,5800000,6400000,0,510,16748000,4.187,2,80,0,0x04,0,0
2026-09-28T07:24:35,stationary,1,Not charging,100,5800000,5800000,6400000,0,510,16748000,4.187,2,80,0,0x04,0,0
2026-09-28T07:24:40,stationary,1,Not charging,100,5800000,5800000,6400000,0,510,16748000,4.187,2,80,0,0x04,0,0
2026-09-28T07:24:45,stationary,1,Not charging,100,5800000,5800000,6400000,0,510,16748000,4.187,2,80,0,0x04,0,0
2026-09-28T07:24:50,stationary,1,Not charging,100,5800000,5800000,6400000,0,510,16748000,4.187,2,80,0,0x04,0,0
2026-09-28T07:24:55,stationary,1,Not charging,100,5800000,5800000,6400000,0,510,16748000,4.187,2,80,0,0x04,0,0
2026-09-28T07:25:00,stationary,1,Not charging,100,5800000,5800000,6400000,0,510,16748000,4.187,2,80,0,0x04,0,0
2026-09-28T07:25:05,stationary,1,Not charging,100,5800000,5800000,6400000,0,510,16748000,4.187,2,80,0,0x04,0,0
2026-09-28T07:25:10,stationary,1,Not charging,100,5800000,5800000,6400000,0,510,16748000,4.187,2,80,0,0x04,0,0
2026-09-28T07:25:15,stationary,1,Not charging,100,5800000,5800000,6400000,0,510,16748000,4.187,2,80,0,0x04,0,0
2026-09-28T07:25:20,stationary,1,Not charging,100,5800000,5800000,6400000,0,510,16748000,4.187,2,80,0,0x04,0,0
2026-09-28T07:25:25,stationary,1,Not charging,100,5800000,5800000,6400000,0,510,16748000,4.187,2,80,0,0x04,0,0
2026-09-28T07:25:30,stationary,1,Not charging,100,5800000,5800000,6400000,0,510,16748000,4.187,2,80,0,0x04,0,0
2026-09-28T07:25:35,stationary,1,Not charging,100,5800000,5800000,6400000,0,510,16748000,4.187,2,80,0,0x04,0,0
2026-09-28T07:25:40,stationary,1,Not charging,100,5800000,5800000,6400000,0,510,16748000,4.187,2,80,0,0x04,0,0
2026-09-28T07:25:45,stationary,1,Not charging,100,5800000,5800000,6400000,0,510,16748000,4.187,2,80,0,0x04,0,0
2026-09-28T07:25:50,stationary,1,Not charging,100,5800000,5800000,6400000,0,510,16748000,4.187,2,80,0,0x04,0,0
2026-09-28T07:25:55,stationary,1,Not charging,100,5800000,5800000,6400000,0,510,16748000,4.187,2,80,0,0x04,0,0
2026-09-28T07:26:00,stationary,1,Not charging,100,5800000,5800000,6400000,0,510,16748000,4.187,2,80,0,0x04,0,0
2026-09-28T07:26:05,stationary,1,Not charging,100,5800000,5800000,6400000,0,510,16748000,4.187,2,80,0,0x04,0,0
2026-09-28T07:26:10,stationary,1,Not charging,100,5800000,5800000,6400000,0,510,16748000,4.187,2,80,0,0x04,0,0
2026-09-28T07:26:15,stationary,1,Not charging,100,5800000,5800000,6400000,0,510,16748000,4.187,2,80,0,0x04,0,0
2026-09-28T07:26:20,stationary,1,Not charging,100,5800000,5800000,6400000,0,510,16748000,4.187,2,80,0,0x04,0,0
2026-09-28T07:26:26,stationary,1,Not charging,100,5800000,5800000,6400000,0,510,16748000,4.187,2,80,0,0x04,0,0
2026-09-28T07:26:31,stationary,1,Not charging,100,5800000,5800000,6400000,0,510,16748000,4.187,2,80,0,0x04,0,0
2026-09-28T07:26:36,stationary,1,Not charging,100,5800000,5800000,6400000,0,510,16748000,4.187,2,80,0,0x04,0,0
2026-09-28T07:26:41,stationary,1,Not charging,100,5800000,5800000,6400000,0,510,16748000,4.187,2,80,0,0x04,0,0
2026-09-28T07:26:46,stationary,1,Not charging,100,5800000,5800000,6400000,0,476,16748000,4.187,2,80,0,0x04,0,0
2026-09-28T07:26:51,stationary,1,Not charging,100,5800000,5800000,6400000,0,476,16748000,4.187,2,80,0,0x04,0,0
2026-09-28T07:26:56,stationary,1,Not charging,100,5800000,5800000,6400000,0,476,16748000,4.187,2,80,0,0x04,0,0
2026-09-28T07:27:01,stationary,1,Not charging,100,5800000,5800000,6400000,0,476,16748000,4.187,2,80,0,0x04,0,0
2026-09-28T07:27:06,stationary,1,Not charging,100,5800000,5800000,6400000,0,476,16748000,4.187,2,80,0,0x04,0,0
2026-09-28T07:27:11,stationary,1,Not charging,100,5800000,5800000,6400000,0,476,16748000,4.187,2,80,0,0x04,0,0
2026-09-28T07:27:16,stationary,1,Not charging,100,5800000,5800000,6400000,0,476,16748000,4.187,2,80,0,0x04,0,0
2026-09-28T07:27:21,stationary,1,Not charging,100,5800000,5800000,6400000,0,476,16748000,4.187,2,80,0,0x04,0,0
2026-09-28T07:27:26,stationary,1,Not charging,100,5800000,5800000,6400000,0,476,16748000,4.187,2,80,0,0x04,0,0
2026-09-28T07:27:31,stationary,1,Not charging,100,5800000,5800000,6400000,0,476,16748000,4.187,2,80,0,0x04,0,0
2026-09-28T07:27:36,stationary,1,Not charging,100,5800000,5800000,6400000,0,476,16748000,4.187,2,80,0,0x04,0,0
2026-09-28T07:27:41,stationary,1,Not charging,100,5800000,5800000,6400000,0,476,16748000,4.187,2,80,0,0x04,0,0
2026-09-28T07:27:46,stationary,1,Not charging,100,5800000,5800000,6400000,0,476,16748000,4.187,2,80,0,0x04,0,0
2026-09-28T07:27:51,stationary,1,Not charging,100,5800000,5800000,6400000,0,476,16748000,4.187,2,80,0,0x04,0,0
2026-09-28T07:27:56,stationary,1,Not charging,100,5800000,5800000,6400000,0,476,16748000,4.187,2,80,0,0x04,0,0
2026-09-28T07:28:01,stationary,1,Not charging,100,5800000,5800000,6400000,0,476,16748000,4.187,2,80,0,0x04,0,0
2026-09-28T07:28:06,stationary,1,Not charging,100,5800000,5800000,6400000,0,476,16748000,4.187,2,80,0,0x04,0,0
2026-09-28T07:28:11,stationary,1,Not charging,100,5800000,5800000,6400000,0,476,16748000,4.187,2,80,0,0x04,0,0
2026-09-28T07:28:16,stationary,1,Not charging,100,5800000,5800000,6400000,0,476,16748000,4.187,2,80,0,0x04,0,0
2026-09-28T07:28:21,stationary,1,Not charging,100,5800000,5800000,6400000,0,442,16748000,4.187,2,80,0,0x04,0,0
2026-09-28T07:28:26,stationary,1,Not charging,100,5800000,5800000,6400000,0,442,16748000,4.187,2,80,0,0x04,0,0
2026-09-28T07:28:31,stationary,1,Not charging,100,5800000,5800000,6400000,0,442,16748000,4.187,2,80,0,0x04,0,0
2026-09-28T07:28:36,stationary,1,Not charging,100,5800000,5800000,6400000,0,442,16748000,4.187,2,80,0,0x04,0,0
2026-09-28T07:28:41,stationary,1,Not charging,100,5800000,5800000,6400000,0,442,16748000,4.187,2,80,0,0x04,0,0
2026-09-28T07:28:46,stationary,1,Not charging,100,5800000,5800000,6400000,0,442,16748000,4.187,2,80,0,0x04,0,0
2026-09-28T07:28:51,stationary,1,Not charging,100,5800000,5800000,6400000,0,442,16748000,4.187,2,80,0,0x04,0,0
2026-09-28T07:28:56,stationary,1,Not charging,100,5800000,5800000,6400000,0,442,16748000,4.187,2,80,0,0x04,0,0
2026-09-28T07:29:01,stationary,1,Not charging,100,5800000,5800000,6400000,0,442,16748000,4.187,2,80,0,0x04,0,0
2026-09-28T07:29:06,stationary,1,Not charging,100,5800000,5800000,6400000,0,442,16748000,4.187,2,80,0,0x04,0,0
2026-09-28T07:29:11,stationary,1,Not charging,100,5800000,5800000,6400000,0,442,16748000,4.187,2,80,0,0x04,0,0
2026-09-28T07:29:16,stationary,1,Not charging,100,5800000,5800000,6400000,0,442,16748000,4.187,2,80,0,0x04,0,0
2026-09-28T07:29:21,stationary,1,Not charging,100,5800000,5800000,6400000,0,442,16748000,4.187,2,80,0,0x04,0,0
2026-09-28T07:29:26,stationary,1,Not charging,100,5800000,5800000,6400000,0,442,16748000,4.187,2,80,0,0x04,0,0
2026-09-28T07:29:31,stationary,1,Not charging,100,5800000,5800000,6400000,0,442,16748000,4.187,2,80,0,0x04,0,0
2026-09-28T07:29:36,stationary,1,Not charging,100,5800000,5800000,6400000,0,442,16748000,4.187,2,80,0,0x04,0,0
2026-09-28T07:29:41,stationary,1,Not charging,100,5800000,5800000,6400000,0,442,16748000,4.187,2,80,0,0x04,0,0
2026-09-28T07:29:46,stationary,1,Not charging,100,5800000,5800000,6400000,0,442,16748000,4.187,2,80,0,0x04,0,0
2026-09-28T07:29:51,stationary,1,Not charging,100,5800000,5800000,6400000,0,442,16748000,4.187,2,80,0,0x04,0,0
2026-09-28T07:29:56,stationary,1,Not charging,100,5800000,5800000,6400000,0,442,16748000,4.187,2,80,0,0x04,0,0
2026-09-28T07:30:01,stationary,1,Not charging,100,5800000,5800000,6400000,0,442,16748000,4.187,2,80,0,0x04,0,0
2026-09-28T07:30:06,stationary,1,Not charging,100,5800000,5800000,6400000,0,442,16748000,4.187,2,80,0,0x04,0,0
2026-09-28T07:30:11,stationary,1,Not charging,100,5800000,5800000,6400000,0,442,16748000,4.187,2,80,0,0x04,0,0
2026-09-28T07:30:16,stationary,1,Not charging,100,5800000,5800000,6400000,0,442,16748000,4.187,2,80,0,0x04,0,0
2026-09-28T07:30:21,stationary,1,Not charging,100,5800000,5800000,6400000,0,442,16748000,4.187,2,80,0,0x04,0,0
2026-09-28T07:30:26,stationary,1,Not charging,100,5800000,5800000,6400000,0,442,16748000,4.187,2,80,0,0x04,0,0
2026-09-28T07:30:31,stationary,1,Not charging,100,5800000,5800000,6400000,0,442,16748000,4.187,2,80,0,0x04,0,0
2026-09-28T07:30:36,stationary,1,Not charging,100,5800000,5800000,6400000,0,442,16748000,4.187,2,80,0,0x04,0,0
2026-09-28T07:30:41,stationary,1,Not charging,100,5800000,5800000,6400000,0,408,16748000,4.187,2,80,0,0x04,0,0
2026-09-28T07:30:46,stationary,1,Not charging,100,5800000,5800000,6400000,0,408,16748000,4.187,2,80,0,0x04,0,0
2026-09-28T07:30:51,stationary,1,Not charging,100,5800000,5800000,6400000,0,408,16748000,4.187,2,80,0,0x04,0,0
2026-09-28T07:30:56,stationary,1,Not charging,100,5800000,5800000,6400000,0,408,16748000,4.187,2,80,0,0x04,0,0
2026-09-28T07:31:01,stationary,1,Not charging,100,5800000,5800000,6400000,0,408,16748000,4.187,2,80,0,0x04,0,0
2026-09-28T07:31:06,stationary,1,Not charging,100,5800000,5800000,6400000,0,408,16748000,4.187,2,80,0,0x04,0,0
2026-09-28T07:31:11,stationary,1,Not charging,100,5800000,5800000,6400000,0,408,16748000,4.187,2,80,0,0x04,0,0
2026-09-28T07:31:16,stationary,1,Not charging,100,5800000,5800000,6400000,0,408,16748000,4.187,2,80,0,0x04,0,0
2026-09-28T07:31:21,stationary,1,Not charging,100,5800000,5800000,6400000,0,408,16748000,4.187,2,80,0,0x04,0,0
2026-09-28T07:31:26,stationary,1,Not charging,100,5800000,5800000,6400000,0,408,16748000,4.187,2,80,0,0x04,0,0
2026-09-28T07:31:31,stationary,1,Not charging,100,5800000,5800000,6400000,0,408,16748000,4.187,2,80,0,0x04,0,0
2026-09-28T07:31:36,stationary,1,Not charging,100,5800000,5800000,6400000,0,408,16748000,4.187,2,80,0,0x04,0,0
2026-09-28T07:31:41,stationary,1,Not charging,100,5800000,5800000,6400000,0,408,16748000,4.187,2,80,0,0x04,0,0
2026-09-28T07:31:46,stationary,1,Not charging,100,5800000,5800000,6400000,0,408,16748000,4.187,2,80,0,0x04,0,0
2026-09-28T07:31:51,stationary,1,Not charging,100,5800000,5800000,6400000,0,408,16748000,4.187,2,80,0,0x04,0,0
2026-09-28T07:31:56,stationary,1,Not charging,100,5800000,5800000,6400000,0,408,16748000,4.187,2,80,0,0x04,0,0
2026-09-28T07:32:01,stationary,1,Not charging,100,5800000,5800000,6400000,0,408,16748000,4.187,2,80,0,0x04,0,0
2026-09-28T07:32:06,stationary,1,Not charging,100,5800000,5800000,6400000,0,408,16748000,4.187,2,80,0,0x04,0,0
2026-09-28T07:32:11,stationary,1,Not charging,100,5800000,5800000,6400000,0,408,16748000,4.187,2,80,0,0x04,0,0
2026-09-28T07:32:16,stationary,1,Not charging,100,5800000,5800000,6400000,0,408,16748000,4.187,2,80,0,0x04,0,0
2026-09-28T07:32:21,stationary,1,Not charging,100,5800000,5800000,6400000,0,408,16748000,4.187,2,80,0,0x04,0,0
2026-09-28T07:32:27,stationary,1,Not charging,100,5800000,5800000,6400000,0,408,16748000,4.187,2,80,0,0x04,0,0
2026-09-28T07:32:32,stationary,1,Not charging,100,5800000,5800000,6400000,0,408,16748000,4.187,2,80,0,0x04,0,0
2026-09-28T07:32:37,stationary,1,Not charging,100,5800000,5800000,6400000,0,408,16748000,4.187,2,80,0,0x04,0,0
2026-09-28T07:32:42,stationary,1,Not charging,100,5800000,5800000,6400000,0,374,16748000,4.187,2,80,0,0x04,0,0
2026-09-28T07:32:47,stationary,1,Not charging,100,5800000,5800000,6400000,0,374,16748000,4.187,2,80,0,0x04,0,0
2026-09-28T07:32:52,stationary,1,Not charging,100,5800000,5800000,6400000,0,374,16748000,4.187,2,80,0,0x04,0,0
2026-09-28T07:32:57,stationary,1,Not charging,100,5800000,5800000,6400000,0,374,16701000,4.1753,2,80,0,0x04,0,0
2026-09-28T07:33:02,stationary,1,Not charging,100,5800000,5800000,6400000,0,374,16748000,4.187,2,80,0,0x04,0,0
2026-09-28T07:33:07,stationary,1,Not charging,100,5800000,5800000,6400000,0,374,16748000,4.187,2,80,0,0x04,0,0
2026-09-28T07:33:12,stationary,1,Not charging,100,5800000,5800000,6400000,0,374,16748000,4.187,2,80,0,0x04,0,0
2026-09-28T07:33:17,stationary,1,Not charging,100,5800000,5800000,6400000,0,306,16724000,4.181,2,80,0,0x04,0,0
2026-09-28T07:33:22,stationary,1,Not charging,100,5800000,5800000,6400000,0,374,16724000,4.181,2,80,0,0x04,0,0
2026-09-28T07:33:27,stationary,1,Not charging,100,5800000,5800000,6400000,0,374,16748000,4.187,2,80,0,0x04,0,0
2026-09-28T07:33:32,stationary,1,Not charging,100,5800000,5800000,6400000,0,374,16748000,4.187,2,80,0,0x04,0,0
2026-09-28T07:33:37,stationary,1,Not charging,100,5800000,5800000,6400000,0,374,16748000,4.187,2,80,0,0x04,0,0
2026-09-28T07:33:42,stationary,1,Not charging,100,5800000,5800000,6400000,0,374,16748000,4.187,2,80,0,0x04,0,0
2026-09-28T07:33:47,stationary,1,Not charging,100,5800000,5800000,6400000,0,374,16748000,4.187,2,80,0,0xC0,0,0
2026-09-28T07:33:52,stationary,1,Not charging,100,5800000,5800000,6400000,0,374,16748000,4.187,2,80,0,0x04,0,0
2026-09-28T07:33:57,stationary,1,Not charging,100,5800000,5800000,6400000,0,374,16748000,4.187,2,80,0,0x04,0,0
2026-09-28T07:34:02,stationary,1,Not charging,100,5800000,5800000,6400000,0,374,16748000,4.187,2,80,0,0x04,0,0
2026-09-28T07:34:07,stationary,1,Not charging,100,5800000,5800000,6400000,0,374,16748000,4.187,2,80,0,0x04,0,0
2026-09-28T07:34:12,stationary,1,Not charging,100,5800000,5800000,6400000,0,374,16748000,4.187,2,80,0,0x04,0,0
2026-09-28T07:34:17,stationary,1,Not charging,100,5800000,5800000,6400000,0,374,16748000,4.187,2,80,0,0x04,0,0
2026-09-28T07:34:22,stationary,1,Not charging,100,5800000,5800000,6400000,0,374,16748000,4.187,2,80,0,0x04,0,0
2026-09-28T07:34:27,stationary,1,Not charging,100,5800000,5800000,6400000,0,374,16748000,4.187,2,80,0,0x04,0,0
2026-09-28T07:34:32,stationary,1,Not charging,100,5800000,5800000,6400000,0,374,16748000,4.187,2,80,0,0x04,0,0
2026-09-28T07:34:37,stationary,1,Not charging,100,5800000,5800000,6400000,0,374,16748000,4.187,2,80,0,0x04,0,0
2026-09-28T07:34:42,stationary,1,Not charging,100,5800000,5800000,6400000,0,374,16748000,4.187,2,80,0,0x04,0,0
2026-09-28T07:34:47,stationary,1,Not charging,100,5800000,5800000,6400000,0,374,16748000,4.187,2,80,0,0x04,0,0
2026-09-28T07:34:52,stationary,1,Not charging,100,5800000,5800000,6400000,0,374,16748000,4.187,2,80,0,0x04,0,0
2026-09-28T07:34:57,stationary,1,Not charging,100,5800000,5800000,6400000,0,0,16748000,4.187,2,80,0,0x04,0,0
2026-09-28T07:35:02,stationary,1,Not charging,100,5800000,5800000,6400000,0,340,16701000,4.1753,2,80,0,0x04,0,0
2026-09-28T07:35:07,stationary,1,Not charging,100,5800000,5800000,6400000,0,340,16748000,4.187,2,80,0,0x04,0,0
2026-09-28T07:35:12,stationary,1,Not charging,100,5800000,5800000,6400000,0,340,16748000,4.187,2,80,0,0x04,0,0
2026-09-28T07:35:17,stationary,1,Not charging,100,5800000,5800000,6400000,0,340,16748000,4.187,2,80,0,0x04,0,0
2026-09-28T07:35:22,stationary,1,Not charging,100,5800000,5800000,6400000,0,204,16724000,4.181,2,80,0,0x04,0,0
2026-09-28T07:35:27,stationary,1,Not charging,100,5800000,5800000,6400000,0,340,16748000,4.187,2,80,0,0x04,0,0
2026-09-28T07:35:32,stationary,1,Not charging,100,5800000,5800000,6400000,0,340,16748000,4.187,2,80,0,0x04,0,0
2026-09-28T07:35:37,stationary,1,Not charging,100,5800000,5800000,6400000,0,340,16748000,4.187,2,80,0,0x04,0,0
2026-09-28T07:35:42,stationary,1,Not charging,100,5800000,5800000,6400000,0,340,16748000,4.187,2,80,0,0x04,0,0
2026-09-28T07:35:47,stationary,1,Not charging,100,5800000,5800000,6400000,0,340,16748000,4.187,2,80,0,0x04,0,0
2026-09-28T07:35:52,stationary,1,Not charging,100,5800000,5800000,6400000,0,340,16748000,4.187,2,80,0,0x04,0,0
2026-09-28T07:35:57,stationary,1,Not charging,100,5800000,5800000,6400000,0,340,16724000,4.181,2,80,0,0x04,0,0
2026-09-28T07:36:02,stationary,1,Not charging,100,5800000,5800000,6400000,0,340,16748000,4.187,2,80,0,0x04,0,0
2026-09-28T07:36:07,stationary,1,Not charging,100,5800000,5800000,6400000,0,340,16748000,4.187,2,80,0,0x04,0,0
2026-09-28T07:36:12,stationary,1,Not charging,100,5800000,5800000,6400000,0,340,16748000,4.187,2,80,0,0x04,0,0
2026-09-28T07:36:17,stationary,1,Not charging,100,5800000,5800000,6400000,0,340,16724000,4.181,2,80,0,0x04,0,0
2026-09-28T07:36:22,stationary,1,Not charging,100,5800000,5800000,6400000,0,340,16748000,4.187,2,80,0,0x04,0,0
2026-09-28T07:36:27,stationary,1,Not charging,100,5800000,5800000,6400000,0,340,16748000,4.187,2,80,0,0x04,0,0
2026-09-28T07:36:32,stationary,1,Not charging,100,5800000,5800000,6400000,0,340,16748000,4.187,2,80,0,0x04,0,0
2026-09-28T07:36:37,stationary,1,Not charging,100,5800000,5800000,6400000,0,340,16748000,4.187,2,80,0,0x04,0,0
2026-09-28T07:36:42,stationary,1,Not charging,100,5800000,5800000,6400000,0,340,16748000,4.187,2,80,0,0x04,0,0
2026-09-28T07:36:47,stationary,1,Not charging,100,5800000,5800000,6400000,0,340,16748000,4.187,2,80,0,0x04,0,0
2026-09-28T07:36:52,stationary,1,Not charging,100,5800000,5800000,6400000,0,340,16748000,4.187,2,80,0,0x04,0,0
2026-09-28T07:36:57,stationary,1,Not charging,100,5800000,5800000,6400000,0,340,16748000,4.187,2,80,0,0x04,0,0
2026-09-28T07:37:02,stationary,1,Not charging,100,5800000,5800000,6400000,0,340,16748000,4.187,2,80,0,0x04,0,0
2026-09-28T07:37:07,stationary,1,Not charging,100,5800000,5800000,6400000,0,340,16748000,4.187,2,80,0,0x04,0,0
2026-09-28T07:37:12,stationary,1,Not charging,100,5800000,5800000,6400000,0,340,16748000,4.187,2,80,0,0x04,0,0
2026-09-28T07:37:17,stationary,1,Not charging,100,5800000,5800000,6400000,0,340,16748000,4.187,2,80,0,0x04,0,0
2026-09-28T07:37:22,stationary,1,Not charging,100,5800000,5800000,6400000,0,340,16748000,4.187,2,80,0,0x04,0,0
2026-09-28T07:37:27,stationary,1,Not charging,100,5800000,5800000,6400000,0,340,16748000,4.187,2,80,0,0x04,0,0
2026-09-28T07:37:32,stationary,1,Not charging,100,5800000,5800000,6400000,0,340,16748000,4.187,2,80,0,0x04,0,0
2026-09-28T07:37:37,stationary,1,Not charging,100,5800000,5800000,6400000,0,340,16748000,4.187,2,80,0,0x04,0,0
2026-09-28T07:37:42,stationary,1,Not charging,100,5800000,5800000,6400000,0,340,16748000,4.187,2,80,0,0x04,0,0
2026-09-28T07:37:47,stationary,1,Not charging,100,5800000,5800000,6400000,0,340,16748000,4.187,2,80,0,0x04,0,0
2026-09-28T07:37:52,stationary,1,Not charging,100,5800000,5800000,6400000,0,340,16748000,4.187,2,80,0,0x04,0,0
2026-09-28T07:37:57,stationary,1,Not charging,100,5800000,5800000,6400000,0,340,16748000,4.187,2,80,0,0x04,0,0
2026-09-28T07:38:02,stationary,1,Not charging,100,5800000,5800000,6400000,0,340,16748000,4.187,2,80,0,0x04,0,0
2026-09-28T07:38:07,stationary,1,Not charging,100,5800000,5800000,6400000,0,340,16748000,4.187,2,80,0,0x04,0,0
2026-09-28T07:38:12,stationary,1,Not charging,100,5800000,5800000,6400000,0,340,16748000,4.187,2,80,0,0x04,0,0
2026-09-28T07:38:17,stationary,1,Not charging,100,5800000,5800000,6400000,0,340,16748000,4.187,2,80,0,0x04,0,0
2026-09-28T07:38:22,stationary,1,Not charging,100,5800000,5800000,6400000,0,340,16748000,4.187,2,80,0,0x04,0,0
2026-09-28T07:38:28,stationary,1,Not charging,100,5800000,5800000,6400000,0,340,16748000,4.187,2,80,0,0x04,0,0
2026-09-28T07:38:33,stationary,1,Not charging,100,5800000,5800000,6400000,0,340,16748000,4.187,2,80,0,0x04,0,0
2026-09-28T07:38:38,stationary,1,Not charging,100,5800000,5800000,6400000,0,340,16748000,4.187,2,80,0,0x04,0,0
2026-09-28T07:38:43,stationary,1,Not charging,100,5800000,5800000,6400000,0,340,16748000,4.187,2,80,0,0x04,0,0
2026-09-28T07:38:48,stationary,1,Not charging,100,5800000,5800000,6400000,0,340,16748000,4.187,2,46,0,0x04,0,0
2026-09-28T07:38:53,stationary,1,Not charging,100,5800000,5800000,6400000,0,340,16748000,4.187,2,80,0,0x04,0,0
2026-09-28T07:38:58,stationary,1,Not charging,100,5800000,5800000,6400000,0,340,16748000,4.187,2,80,0,0x04,0,0
2026-09-28T07:39:03,stationary,1,Not charging,100,5800000,5800000,6400000,0,340,16748000,4.187,2,80,0,0x04,0,0
2026-09-28T07:39:08,stationary,1,Not charging,100,5800000,5800000,6400000,0,340,16748000,4.187,2,80,0,0x04,0,0
2026-09-28T07:39:13,stationary,1,Not charging,100,5800000,5800000,6400000,0,340,16748000,4.187,2,80,0,0x04,0,0
2026-09-28T07:39:18,stationary,1,Not charging,100,5800000,5800000,6400000,0,340,16748000,4.187,2,80,0,0x04,0,0
2026-09-28T07:39:23,stationary,1,Not charging,100,5800000,5800000,6400000,0,340,16748000,4.187,2,80,0,0x04,0,0
2026-09-28T07:39:28,stationary,1,Not charging,100,5800000,5800000,6400000,0,340,16748000,4.187,2,80,0,0x04,0,0
2026-09-28T07:39:33,stationary,1,Not charging,100,5800000,5800000,6400000,0,340,16748000,4.187,2,80,0,0x04,0,0
2026-09-28T07:39:38,stationary,1,Not charging,100,5800000,5800000,6400000,0,340,16748000,4.187,2,80,0,0x04,0,0
2026-09-28T07:39:43,stationary,1,Not charging,100,5800000,5800000,6400000,0,340,16748000,4.187,2,80,0,0x04,0,0
2026-09-28T07:39:48,stationary,1,Not charging,100,5800000,5800000,6400000,0,340,16748000,4.187,2,80,0,0x04,0,0
2026-09-28T07:39:53,stationary,1,Not charging,100,5800000,5800000,6400000,0,340,16748000,4.187,2,80,0,0x04,0,0
2026-09-28T07:39:58,stationary,1,Not charging,100,5800000,5800000,6400000,0,340,16748000,4.187,2,80,0,0x04,0,0
2026-09-28T07:40:03,stationary,1,Not charging,100,5800000,5800000,6400000,0,340,16748000,4.187,2,80,0,0x04,0,0
2026-09-28T07:40:08,stationary,1,Not charging,100,5800000,5800000,6400000,0,340,16748000,4.187,2,80,0,0x04,0,0
2026-09-28T07:40:13,stationary,1,Not charging,100,5800000,5800000,6400000,0,340,16748000,4.187,2,80,0,0x04,0,0
2026-09-28T07:40:18,stationary,1,Not charging,100,5800000,5800000,6400000,0,306,16748000,4.187,2,80,0,0x04,0,0
2026-09-28T07:40:23,stationary,1,Not charging,100,5800000,5800000,6400000,0,306,16748000,4.187,2,80,0,0x04,0,0
2026-09-28T07:40:28,stationary,1,Not charging,100,5800000,5800000,6400000,0,306,16748000,4.187,2,80,0,0x04,0,0
2026-09-28T07:40:33,stationary,1,Not charging,100,5800000,5800000,6400000,0,306,16748000,4.187,2,80,0,0x04,0,0
2026-09-28T07:40:38,stationary,1,Not charging,100,5800000,5800000,6400000,0,306,16748000,4.187,2,80,0,0x04,0,0
2026-09-28T07:40:43,stationary,1,Not charging,100,5800000,5800000,6400000,0,306,16748000,4.187,2,80,0,0x04,0,0
2026-09-28T07:40:48,stationary,1,Not charging,100,5800000,5800000,6400000,0,306,16748000,4.187,2,80,0,0x04,0,0
2026-09-28T07:40:53,stationary,1,Not charging,100,5800000,5800000,6400000,0,306,16748000,4.187,2,80,0,0x04,0,0
2026-09-28T07:40:58,stationary,1,Not charging,100,5800000,5800000,6400000,0,306,16748000,4.187,2,80,0,0x04,0,0
2026-09-28T07:41:03,stationary,1,Not charging,100,5800000,5800000,6400000,0,306,16748000,4.187,2,80,0,0x04,0,0
2026-09-28T07:41:08,stationary,1,Not charging,100,5800000,5800000,6400000,0,306,16748000,4.187,2,80,0,0x04,0,0
2026-09-28T07:41:13,stationary,1,Not charging,100,5800000,5800000,6400000,0,306,16748000,4.187,2,80,0,0x04,0,0
2026-09-28T07:41:18,stationary,1,Not charging,100,5800000,5800000,6400000,0,306,16748000,4.187,2,80,0,0x04,0,0
2026-09-28T07:41:23,stationary,1,Not charging,100,5800000,5800000,6400000,0,306,16748000,4.187,2,80,0,0x04,0,0
2026-09-28T07:41:28,stationary,1,Not charging,100,5800000,5800000,6400000,0,306,16748000,4.187,2,80,0,0x04,0,0
2026-09-28T07:41:33,stationary,1,Not charging,100,5800000,5800000,6400000,0,306,16748000,4.187,2,80,0,0x04,0,0
2026-09-28T07:41:38,stationary,1,Not charging,100,5800000,5800000,6400000,0,306,16748000,4.187,2,80,0,0x04,0,0
2026-09-28T07:41:43,stationary,1,Not charging,100,5800000,5800000,6400000,0,306,16748000,4.187,2,80,0,0x04,0,0
2026-09-28T07:41:48,stationary,1,Not charging,100,5800000,5800000,6400000,0,306,16748000,4.187,2,80,0,0x04,0,0
2026-09-28T07:41:53,stationary,1,Not charging,100,5800000,5800000,6400000,0,306,16748000,4.187,2,80,0,0x04,0,0
2026-09-28T07:41:58,stationary,1,Not charging,100,5800000,5800000,6400000,0,306,16748000,4.187,2,80,0,0x04,0,0
2026-09-28T07:42:03,stationary,1,Not charging,100,5800000,5800000,6400000,0,306,16748000,4.187,2,80,0,0x04,0,0
2026-09-28T07:42:08,stationary,1,Not charging,100,5800000,5800000,6400000,0,306,16748000,4.187,2,80,0,0x04,0,0
2026-09-28T07:42:13,stationary,1,Not charging,100,5800000,5800000,6400000,0,306,16748000,4.187,2,80,0,0x04,0,0
2026-09-28T07:42:18,stationary,1,Not charging,100,5800000,5800000,6400000,0,306,16748000,4.187,2,80,0,0x04,0,0
2026-09-28T07:42:23,stationary,1,Not charging,100,5800000,5800000,6400000,0,0,16724000,4.181,2,80,0,0x04,0,0
2026-09-28T07:42:28,stationary,1,Not charging,100,5800000,5800000,6400000,0,0,16677000,4.1692,2,80,0,0x04,0,0
2026-09-28T07:42:33,stationary,1,Not charging,100,5800000,5800000,6400000,0,0,16677000,4.1692,2,80,0,0x04,0,0
2026-09-28T07:42:38,stationary,1,Not charging,100,5800000,5800000,6400000,0,0,16677000,4.1692,2,80,0,0x04,0,0
2026-09-28T07:42:43,stationary,1,Not charging,100,5800000,5800000,6400000,0,0,16677000,4.1692,2,80,0,0x04,0,0
2026-09-28T07:42:48,stationary,1,Not charging,100,5800000,5800000,6400000,0,0,16677000,4.1692,2,80,0,0x04,0,0
2026-09-28T07:42:53,stationary,1,Not charging,100,5800000,5800000,6400000,0,0,16677000,4.1692,2,80,0,0x04,0,0
2026-09-28T07:42:58,stationary,1,Not charging,100,5800000,5800000,6400000,0,0,16677000,4.1692,2,80,0,0x04,0,0
2026-09-28T07:43:03,stationary,1,Not charging,100,5800000,5800000,6400000,0,0,16677000,4.1692,2,80,0,0x04,0,0
2026-09-28T07:43:08,stationary,1,Not charging,100,5800000,5800000,6400000,0,0,16677000,4.1692,2,80,0,0x04,0,0
2026-09-28T07:43:13,stationary,1,Not charging,100,5800000,5800000,6400000,0,0,16654000,4.1635,2,80,0,0x04,0,0
2026-09-28T07:43:18,stationary,1,Not charging,100,5800000,5800000,6400000,0,0,16654000,4.1635,2,80,0,0x04,0,0
2026-09-28T07:43:23,stationary,1,Not charging,100,5800000,5800000,6400000,0,0,16677000,4.1692,2,80,0,0x04,0,0
2026-09-28T07:43:28,stationary,1,Not charging,100,5800000,5800000,6400000,0,0,16677000,4.1692,2,80,0,0x04,0,0
2026-09-28T07:43:33,stationary,1,Not charging,100,5800000,5800000,6400000,0,0,16677000,4.1692,2,80,0,0x04,0,0
2026-09-28T07:43:38,stationary,1,Not charging,100,5800000,5800000,6400000,0,0,16677000,4.1692,2,80,0,0x04,0,0
2026-09-28T07:43:43,stationary,1,Not charging,100,5800000,5800000,6400000,0,0,16654000,4.1635,2,80,0,0x04,0,0
2026-09-28T07:43:48,stationary,1,Not charging,100,5800000,5800000,6400000,0,0,16654000,4.1635,2,80,0,0x04,0,0
2026-09-28T07:43:53,stationary,1,Not charging,100,5800000,5800000,6400000,0,0,16654000,4.1635,2,80,0,0x04,0,0
2026-09-28T07:43:58,stationary,1,Not charging,100,5800000,5800000,6400000,0,0,16654000,4.1635,2,80,0,0x04,0,0
2026-09-28T07:44:03,stationary,1,Not charging,100,5800000,5800000,6400000,0,0,16654000,4.1635,2,80,0,0x04,0,0
2026-09-28T07:44:08,stationary,1,Not charging,100,5800000,5800000,6400000,0,0,16654000,4.1635,2,80,0,0x04,0,0
2026-09-28T07:44:13,stationary,1,Not charging,100,5800000,5800000,6400000,0,0,16654000,4.1635,2,80,0,0x04,0,0
2026-09-28T07:44:18,stationary,1,Not charging,100,5800000,5800000,6400000,0,0,16654000,4.1635,2,80,0,0x04,0,0
2026-09-28T07:44:23,stationary,1,Not charging,100,5800000,5800000,6400000,0,0,16654000,4.1635,2,80,0,0x04,0,0
2026-09-28T07:44:28,stationary,1,Not charging,100,5800000,5800000,6400000,0,0,16654000,4.1635,2,80,0,0x04,0,0
2026-09-28T07:44:34,stationary,1,Not charging,100,5800000,5800000,6400000,0,0,16654000,4.1635,2,80,0,0x04,0,0
2026-09-28T07:44:39,stationary,1,Not charging,100,5800000,5800000,6400000,0,0,16654000,4.1635,2,80,0,0x04,0,0
2026-09-28T07:44:44,stationary,1,Not charging,100,5800000,5800000,6400000,0,0,16654000,4.1635,2,80,0,0x04,0,0
2026-09-28T07:44:49,stationary,1,Not charging,100,5800000,5800000,6400000,0,0,16654000,4.1635,2,80,0,0x04,0,0
2026-09-28T07:44:54,stationary,1,Not charging,100,5800000,5800000,6400000,0,0,16654000,4.1635,2,80,0,0x04,0,0
2026-09-28T07:44:59,stationary,1,Not charging,100,5800000,5800000,6400000,0,0,16654000,4.1635,2,80,0,0x04,0,0
2026-09-28T07:45:04,stationary,1,Not charging,100,5800000,5800000,6400000,0,0,16654000,4.1635,2,80,0,0x04,0,0
2026-09-28T07:45:09,stationary,1,Not charging,100,5800000,5800000,6400000,0,0,16654000,4.1635,2,80,0,0x04,0,0
2026-09-28T07:45:14,stationary,1,Not charging,100,5800000,5800000,6400000,0,0,16654000,4.1635,2,80,0,0x04,0,0
2026-09-28T07:45:19,stationary,1,Not charging,100,5800000,5800000,6400000,0,0,16654000,4.1635,2,80,0,0x04,0,0
2026-09-28T07:45:24,stationary,1,Not charging,100,5800000,5800000,6400000,0,0,16654000,4.1635,2,80,0,0x04,0,0
2026-09-28T07:45:29,stationary,1,Not charging,100,5800000,5800000,6400000,0,0,16654000,4.1635,2,80,0,0x04,0,0
2026-09-28T07:45:34,stationary,1,Not charging,100,5800000,5800000,6400000,0,0,16654000,4.1635,2,80,0,0x04,0,0
2026-09-28T07:45:39,stationary,1,Not charging,100,5800000,5800000,6400000,0,0,16654000,4.1635,2,80,0,0x04,0,0
2026-09-28T07:45:44,stationary,1,Not charging,100,5800000,5800000,6400000,0,0,16654000,4.1635,2,80,0,0x04,0,0
2026-09-28T07:45:49,stationary,1,Not charging,100,5800000,5800000,6400000,0,0,16654000,4.1635,2,80,0,0x04,0,0
2026-09-28T07:45:54,stationary,1,Not charging,100,5800000,5800000,6400000,0,0,16654000,4.1635,2,80,0,0x04,0,0
2026-09-28T07:45:59,stationary,1,Not charging,100,5800000,5800000,6400000,0,0,16654000,4.1635,2,80,0,0x04,0,0
2026-09-28T07:46:04,stationary,1,Not charging,100,5800000,5800000,6400000,0,0,16654000,4.1635,2,80,0,0x04,0,0
2026-09-28T07:46:09,stationary,1,Not charging,100,5800000,5800000,6400000,0,0,16654000,4.1635,2,80,0,0x04,0,0
2026-09-28T07:46:14,stationary,1,Not charging,100,5800000,5800000,6400000,0,0,16654000,4.1635,2,80,0,0x04,0,0
2026-09-28T07:46:19,stationary,1,Not charging,100,5800000,5800000,6400000,0,0,16654000,4.1635,2,80,0,0x04,0,0
2026-09-28T07:46:24,stationary,1,Not charging,100,5800000,5800000,6400000,0,0,16654000,4.1635,2,80,0,0x04,0,0
2026-09-28T07:46:29,stationary,1,Not charging,100,5800000,5800000,6400000,0,0,16654000,4.1635,2,80,0,0x04,0,0
2026-09-28T07:46:34,stationary,1,Not charging,100,5800000,5800000,6400000,0,0,16654000,4.1635,2,80,0,0x04,0,0
2026-09-28T07:46:39,stationary,1,Not charging,100,5800000,5800000,6400000,0,0,16654000,4.1635,2,80,0,0x04,0,0
2026-09-28T07:46:44,stationary,1,Not charging,100,5800000,5800000,6400000,0,0,16654000,4.1635,2,80,0,0x04,0,0
2026-09-28T07:46:49,stationary,1,Not charging,100,5800000,5800000,6400000,0,0,16654000,4.1635,2,80,0,0x04,0,0
2026-09-28T07:46:54,stationary,1,Not charging,100,5800000,5800000,6400000,0,0,16654000,4.1635,2,80,0,0x04,0,0
2026-09-28T07:46:59,stationary,1,Not charging,100,5800000,5800000,6400000,0,0,16654000,4.1635,2,80,0,0x04,0,0
2026-09-28T07:47:04,stationary,1,Not charging,100,5800000,5800000,6400000,0,0,16654000,4.1635,2,80,0,0x04,0,0
2026-09-28T07:47:09,stationary,1,Not charging,100,5800000,5800000,6400000,0,0,16654000,4.1635,2,80,0,0x04,0,0
2026-09-28T07:47:14,stationary,1,Not charging,100,5800000,5800000,6400000,0,0,16654000,4.1635,2,80,0,0x04,0,0
2026-09-28T07:47:19,stationary,1,Not charging,100,5800000,5800000,6400000,0,0,16654000,4.1635,2,80,0,0x04,0,0
2026-09-28T07:47:24,stationary,1,Not charging,100,5800000,5800000,6400000,0,0,16654000,4.1635,2,80,0,0x04,0,0
